2026-05-27 10:53:46 INFO  c.u.D.DmsAuthServiceApplication - Starting DmsAuthServiceApplication using Java 21.0.6 with PID 29624 (C:\Users\mohammada1\Desktop\Invoice_Project\AuthService\target\classes started by mohammada1 in C:\Users\mohammada1\Desktop\Invoice_Project\AuthService)
2026-05-27 10:53:46 INFO  c.u.D.DmsAuthServiceApplication - The following 1 profile is active: "dev"
2026-05-27 10:53:46 INFO  o.s.b.d.e.DevToolsPropertyDefaultsPostProcessor - Devtools property defaults active! Set 'spring.devtools.add-properties' to 'false' to disable
2026-05-27 10:53:46 INFO  o.s.b.d.e.DevToolsPropertyDefaultsPostProcessor - For additional web related logging consider setting the 'logging.level.web' property to 'DEBUG'
2026-05-27 10:53:48 INFO  o.s.d.r.c.RepositoryConfigurationDelegate - Bootstrapping Spring Data JPA repositories in DEFAULT mode.
2026-05-27 10:53:48 INFO  o.s.d.r.c.RepositoryConfigurationDelegate - Finished Spring Data repository scanning in 103 ms. Found 3 JPA repository interfaces.
2026-05-27 10:53:49 INFO  o.s.b.w.e.tomcat.TomcatWebServer - Tomcat initialized with port 8282 (http)
2026-05-27 10:53:49 INFO  o.a.catalina.core.StandardService - Starting service [Tomcat]
2026-05-27 10:53:49 INFO  o.a.catalina.core.StandardEngine - Starting Servlet engine: [Apache Tomcat/10.1.28]
2026-05-27 10:53:49 INFO  o.a.c.c.C.[.[.[/authService] - Initializing Spring embedded WebApplicationContext
2026-05-27 10:53:49 INFO  o.s.b.w.s.c.ServletWebServerApplicationContext - Root WebApplicationContext: initialization completed in 2770 ms
2026-05-27 10:53:49 INFO  o.h.jpa.internal.util.LogHelper - HHH000204: Processing PersistenceUnitInfo [name: default]
2026-05-27 10:53:49 INFO  org.hibernate.Version - HHH000412: Hibernate ORM core version 6.4.10.Final
2026-05-27 10:53:49 INFO  o.h.c.i.RegionFactoryInitiator - HHH000026: Second-level cache disabled
2026-05-27 10:53:50 INFO  o.s.o.j.p.SpringPersistenceUnitInfo - No LoadTimeWeaver setup: ignoring JPA class transformer
2026-05-27 10:53:50 INFO  com.zaxxer.hikari.HikariDataSource - HikariPool-1 - Starting...
2026-05-27 10:53:50 INFO  com.zaxxer.hikari.pool.HikariPool - HikariPool-1 - Added connection com.mysql.cj.jdbc.ConnectionImpl@1ff9cb59
2026-05-27 10:53:50 INFO  com.zaxxer.hikari.HikariDataSource - HikariPool-1 - Start completed.
2026-05-27 10:53:52 INFO  o.h.e.t.j.p.i.JtaPlatformInitiator - HHH000489: No JTA platform available (set 'hibernate.transaction.jta.platform' to enable JTA platform integration)
2026-05-27 10:53:52 INFO  o.s.o.j.LocalContainerEntityManagerFactoryBean - Initialized JPA EntityManagerFactory for persistence unit 'default'
2026-05-27 10:53:52 INFO  o.s.d.j.r.query.QueryEnhancerFactory - Hibernate is in classpath; If applicable, HQL parser will be used.
2026-05-27 10:53:53 TRACE o.s.s.c.a.a.c.AuthenticationConfiguration$EnableGlobalAuthenticationAutowiredConfigurer - Eagerly initializing {securityConfiguration=com.utiitsl.DMSAuthService.config.auth.SecurityConfiguration$$SpringCGLIB$$0@59773fb6}
2026-05-27 10:53:53 DEBUG o.s.s.a.p.PrePostAnnotationSecurityMetadataSource - @org.springframework.security.access.prepost.PreAuthorize("hasAuthority(\'admin:delete\')") found on specific method: public org.springframework.http.ResponseEntity com.utiitsl.DMSAuthService.controller.dash.DashController.deleteUserById(java.lang.Integer)
2026-05-27 10:53:53 DEBUG o.s.s.a.m.DelegatingMethodSecurityMetadataSource - Caching method [CacheKey[com.utiitsl.DMSAuthService.controller.dash.DashController; public org.springframework.http.ResponseEntity com.utiitsl.DMSAuthService.controller.dash.DashController.deleteUserById(java.lang.Integer)]] with attributes [[authorize: 'hasAuthority('admin:delete')', filter: 'null', filterTarget: 'null']]
2026-05-27 10:53:53 TRACE o.s.s.a.i.a.MethodSecurityInterceptor - Validated configuration attributes
2026-05-27 10:53:53 DEBUG o.s.s.a.p.PrePostAnnotationSecurityMetadataSource - @org.springframework.security.access.prepost.PreAuthorize("hasAuthority(\'admin:update\')") found on specific method: public org.springframework.http.ResponseEntity com.utiitsl.DMSAuthService.controller.dash.DashController.updateUser(com.utiitsl.DMSAuthService.dto.UserDTO,java.lang.Integer)
2026-05-27 10:53:53 DEBUG o.s.s.a.m.DelegatingMethodSecurityMetadataSource - Caching method [CacheKey[com.utiitsl.DMSAuthService.controller.dash.DashController; public org.springframework.http.ResponseEntity com.utiitsl.DMSAuthService.controller.dash.DashController.updateUser(com.utiitsl.DMSAuthService.dto.UserDTO,java.lang.Integer)]] with attributes [[authorize: 'hasAuthority('admin:update')', filter: 'null', filterTarget: 'null']]
2026-05-27 10:53:53 DEBUG o.s.s.a.p.PrePostAnnotationSecurityMetadataSource - @org.springframework.security.access.prepost.PreAuthorize("hasRole(\'ROLE_APPLICATION_ADMIN\') or hasRole(\'ROLE_ADMIN\')") found on specific method: public org.springframework.http.ResponseEntity com.utiitsl.DMSAuthService.controller.user.UserController.register(com.utiitsl.DMSAuthService.dto.RegisterRequestDTO,java.lang.String,jakarta.servlet.http.HttpServletRequest)
2026-05-27 10:53:53 DEBUG o.s.s.a.m.DelegatingMethodSecurityMetadataSource - Caching method [CacheKey[com.utiitsl.DMSAuthService.controller.user.UserController; public org.springframework.http.ResponseEntity com.utiitsl.DMSAuthService.controller.user.UserController.register(com.utiitsl.DMSAuthService.dto.RegisterRequestDTO,java.lang.String,jakarta.servlet.http.HttpServletRequest)]] with attributes [[authorize: 'hasRole('ROLE_APPLICATION_ADMIN') or hasRole('ROLE_ADMIN')', filter: 'null', filterTarget: 'null']]
2026-05-27 10:53:53 DEBUG o.s.s.a.p.PrePostAnnotationSecurityMetadataSource - @org.springframework.security.access.prepost.PreAuthorize("hasRole(\'ROLE_APPLICATION_ADMIN\') or hasRole(\'ROLE_ADMIN\')") found on specific method: public org.springframework.http.ResponseEntity com.utiitsl.DMSAuthService.controller.user.UserController.activateDeactivateUser(java.lang.String,boolean)
2026-05-27 10:53:53 DEBUG o.s.s.a.m.DelegatingMethodSecurityMetadataSource - Caching method [CacheKey[com.utiitsl.DMSAuthService.controller.user.UserController; public org.springframework.http.ResponseEntity com.utiitsl.DMSAuthService.controller.user.UserController.activateDeactivateUser(java.lang.String,boolean)]] with attributes [[authorize: 'hasRole('ROLE_APPLICATION_ADMIN') or hasRole('ROLE_ADMIN')', filter: 'null', filterTarget: 'null']]
2026-05-27 10:53:53 DEBUG o.s.s.a.p.PrePostAnnotationSecurityMetadataSource - @org.springframework.security.access.prepost.PreAuthorize("hasRole(\'ROLE_APPLICATION_ADMIN\') or hasRole(\'ROLE_ADMIN\')") found on specific method: public org.springframework.http.ResponseEntity com.utiitsl.DMSAuthService.controller.user.UserController.getAllUser(int,int,java.lang.String,jakarta.servlet.http.HttpServletRequest)
2026-05-27 10:53:53 DEBUG o.s.s.a.m.DelegatingMethodSecurityMetadataSource - Caching method [CacheKey[com.utiitsl.DMSAuthService.controller.user.UserController; public org.springframework.http.ResponseEntity com.utiitsl.DMSAuthService.controller.user.UserController.getAllUser(int,int,java.lang.String,jakarta.servlet.http.HttpServletRequest)]] with attributes [[authorize: 'hasRole('ROLE_APPLICATION_ADMIN') or hasRole('ROLE_ADMIN')', filter: 'null', filterTarget: 'null']]
2026-05-27 10:53:53 WARN  o.s.b.a.o.j.JpaBaseConfiguration$JpaWebConfiguration - spring.jpa.open-in-view is enabled by default. Therefore, database queries may be performed during view rendering. Explicitly configure spring.jpa.open-in-view to disable this warning
2026-05-27 10:53:54 INFO  o.s.s.web.DefaultSecurityFilterChain - Will secure any request with [org.springframework.security.web.session.DisableEncodeUrlFilter@22aba51c, org.springframework.security.web.context.request.async.WebAsyncManagerIntegrationFilter@507c8c93, org.springframework.security.web.context.SecurityContextHolderFilter@36c0992a, org.springframework.security.web.header.HeaderWriterFilter@52d6d75a, org.springframework.web.filter.CorsFilter@2ce303b2, org.springframework.security.web.authentication.logout.LogoutFilter@716cfcb0, org.springframework.security.oauth2.client.web.OAuth2AuthorizationRequestRedirectFilter@415bdec8, org.springframework.security.oauth2.client.web.OAuth2LoginAuthenticationFilter@6ee398d2, com.utiitsl.DMSAuthService.config.auth.JwtAuthFilter@13137c6d, org.springframework.security.web.authentication.ui.DefaultLoginPageGeneratingFilter@43bdbfa6, org.springframework.security.web.authentication.ui.DefaultLogoutPageGeneratingFilter@29c62a07, org.springframework.security.web.savedrequest.RequestCacheAwareFilter@335088ee, org.springframework.security.web.servletapi.SecurityContextHolderAwareRequestFilter@36576101, org.springframework.security.web.authentication.AnonymousAuthenticationFilter@563af966, org.springframework.security.web.session.SessionManagementFilter@2a47f254, org.springframework.security.web.access.ExceptionTranslationFilter@356bacac, org.springframework.security.web.access.intercept.AuthorizationFilter@53434c]
2026-05-27 10:53:55 INFO  o.s.b.d.a.OptionalLiveReloadServer - LiveReload server is running on port 35729
2026-05-27 10:53:55 INFO  o.s.b.w.e.tomcat.TomcatWebServer - Tomcat started on port 8282 (http) with context path '/authService'
2026-05-27 10:53:55 INFO  c.u.D.DmsAuthServiceApplication - Started DmsAuthServiceApplication in 9.508 seconds (process running for 10.811)
2026-05-27 10:55:35 INFO  o.s.o.j.LocalContainerEntityManagerFactoryBean - Closing JPA EntityManagerFactory for persistence unit 'default'
2026-05-27 10:55:35 INFO  com.zaxxer.hikari.HikariDataSource - HikariPool-1 - Shutdown initiated...
2026-05-27 10:55:35 INFO  com.zaxxer.hikari.HikariDataSource - HikariPool-1 - Shutdown completed.
2026-05-27 10:55:41 INFO  c.u.D.DmsAuthServiceApplication - Starting DmsAuthServiceApplication using Java 21.0.6 with PID 29144 (C:\Users\mohammada1\Desktop\Invoice_Project\AuthService\target\classes started by mohammada1 in C:\Users\mohammada1\Desktop\Invoice_Project\AuthService)
2026-05-27 10:55:41 INFO  c.u.D.DmsAuthServiceApplication - The following 1 profile is active: "dev"
2026-05-27 10:55:41 INFO  o.s.b.d.e.DevToolsPropertyDefaultsPostProcessor - Devtools property defaults active! Set 'spring.devtools.add-properties' to 'false' to disable
2026-05-27 10:55:41 INFO  o.s.b.d.e.DevToolsPropertyDefaultsPostProcessor - For additional web related logging consider setting the 'logging.level.web' property to 'DEBUG'
2026-05-27 10:55:42 INFO  o.s.d.r.c.RepositoryConfigurationDelegate - Bootstrapping Spring Data JPA repositories in DEFAULT mode.
2026-05-27 10:55:42 INFO  o.s.d.r.c.RepositoryConfigurationDelegate - Finished Spring Data repository scanning in 142 ms. Found 3 JPA repository interfaces.
2026-05-27 10:55:43 INFO  o.s.b.w.e.tomcat.TomcatWebServer - Tomcat initialized with port 8282 (http)
2026-05-27 10:55:43 INFO  o.a.catalina.core.StandardService - Starting service [Tomcat]
2026-05-27 10:55:43 INFO  o.a.catalina.core.StandardEngine - Starting Servlet engine: [Apache Tomcat/10.1.28]
2026-05-27 10:55:44 INFO  o.a.c.c.C.[.[.[/authService] - Initializing Spring embedded WebApplicationContext
2026-05-27 10:55:44 INFO  o.s.b.w.s.c.ServletWebServerApplicationContext - Root WebApplicationContext: initialization completed in 2905 ms
2026-05-27 10:55:44 INFO  o.h.jpa.internal.util.LogHelper - HHH000204: Processing PersistenceUnitInfo [name: default]
2026-05-27 10:55:44 INFO  org.hibernate.Version - HHH000412: Hibernate ORM core version 6.4.10.Final
2026-05-27 10:55:44 INFO  o.h.c.i.RegionFactoryInitiator - HHH000026: Second-level cache disabled
2026-05-27 10:55:44 INFO  o.s.o.j.p.SpringPersistenceUnitInfo - No LoadTimeWeaver setup: ignoring JPA class transformer
2026-05-27 10:55:44 INFO  com.zaxxer.hikari.HikariDataSource - HikariPool-1 - Starting...
2026-05-27 10:55:45 INFO  com.zaxxer.hikari.pool.HikariPool - HikariPool-1 - Added connection com.mysql.cj.jdbc.ConnectionImpl@d5ab4e8
2026-05-27 10:55:45 INFO  com.zaxxer.hikari.HikariDataSource - HikariPool-1 - Start completed.
2026-05-27 10:55:46 INFO  o.h.e.t.j.p.i.JtaPlatformInitiator - HHH000489: No JTA platform available (set 'hibernate.transaction.jta.platform' to enable JTA platform integration)
2026-05-27 10:55:46 INFO  o.s.o.j.LocalContainerEntityManagerFactoryBean - Initialized JPA EntityManagerFactory for persistence unit 'default'
2026-05-27 10:55:46 INFO  o.s.d.j.r.query.QueryEnhancerFactory - Hibernate is in classpath; If applicable, HQL parser will be used.
2026-05-27 10:55:47 WARN  o.s.b.w.s.c.AnnotationConfigServletWebServerApplicationContext - Exception encountered during context initialization - cancelling refresh attempt: org.springframework.beans.factory.UnsatisfiedDependencyException: Error creating bean with name 'adminController': Unsatisfied dependency expressed through field 'paymentService': No qualifying bean of type 'com.utiitsl.DMSAuthService.service.payment.PaymentService' available: expected at least 1 bean which qualifies as autowire candidate. Dependency annotations: {@org.springframework.beans.factory.annotation.Autowired(required=true), @org.springframework.beans.factory.annotation.Qualifier("")}
2026-05-27 10:55:47 INFO  o.s.o.j.LocalContainerEntityManagerFactoryBean - Closing JPA EntityManagerFactory for persistence unit 'default'
2026-05-27 10:55:47 INFO  com.zaxxer.hikari.HikariDataSource - HikariPool-1 - Shutdown initiated...
2026-05-27 10:55:47 INFO  com.zaxxer.hikari.HikariDataSource - HikariPool-1 - Shutdown completed.
2026-05-27 10:55:47 INFO  o.a.catalina.core.StandardService - Stopping service [Tomcat]
2026-05-27 10:55:47 INFO  o.s.b.a.l.ConditionEvaluationReportLogger - 

Error starting ApplicationContext. To display the condition evaluation report re-run your application with 'debug' enabled.
2026-05-27 10:55:47 ERROR o.s.boot.SpringApplication - Application run failed
org.springframework.beans.factory.UnsatisfiedDependencyException: Error creating bean with name 'adminController': Unsatisfied dependency expressed through field 'paymentService': No qualifying bean of type 'com.utiitsl.DMSAuthService.service.payment.PaymentService' available: expected at least 1 bean which qualifies as autowire candidate. Dependency annotations: {@org.springframework.beans.factory.annotation.Autowired(required=true), @org.springframework.beans.factory.annotation.Qualifier("")}
	at org.springframework.beans.factory.annotation.AutowiredAnnotationBeanPostProcessor$AutowiredFieldElement.resolveFieldValue(AutowiredAnnotationBeanPostProcessor.java:788)
	at org.springframework.beans.factory.annotation.AutowiredAnnotationBeanPostProcessor$AutowiredFieldElement.inject(AutowiredAnnotationBeanPostProcessor.java:768)
	at org.springframework.beans.factory.annotation.InjectionMetadata.inject(InjectionMetadata.java:145)
	at org.springframework.beans.factory.annotation.AutowiredAnnotationBeanPostProcessor.postProcessProperties(AutowiredAnnotationBeanPostProcessor.java:509)
	at org.springframework.beans.factory.support.AbstractAutowireCapableBeanFactory.populateBean(AbstractAutowireCapableBeanFactory.java:1439)
	at org.springframework.beans.factory.support.AbstractAutowireCapableBeanFactory.doCreateBean(AbstractAutowireCapableBeanFactory.java:599)
	at org.springframework.beans.factory.support.AbstractAutowireCapableBeanFactory.createBean(AbstractAutowireCapableBeanFactory.java:522)
	at org.springframework.beans.factory.support.AbstractBeanFactory.lambda$doGetBean$0(AbstractBeanFactory.java:337)
	at org.springframework.beans.factory.support.DefaultSingletonBeanRegistry.getSingleton(DefaultSingletonBeanRegistry.java:234)
	at org.springframework.beans.factory.support.AbstractBeanFactory.doGetBean(AbstractBeanFactory.java:335)
	at org.springframework.beans.factory.support.AbstractBeanFactory.getBean(AbstractBeanFactory.java:200)
	at org.springframework.beans.factory.support.DefaultListableBeanFactory.preInstantiateSingletons(DefaultListableBeanFactory.java:975)
	at org.springframework.context.support.AbstractApplicationContext.finishBeanFactoryInitialization(AbstractApplicationContext.java:971)
	at org.springframework.context.support.AbstractApplicationContext.refresh(AbstractApplicationContext.java:625)
	at org.springframework.boot.web.servlet.context.ServletWebServerApplicationContext.refresh(ServletWebServerApplicationContext.java:146)
	at org.springframework.boot.SpringApplication.refresh(SpringApplication.java:754)
	at org.springframework.boot.SpringApplication.refreshContext(SpringApplication.java:456)
	at org.springframework.boot.SpringApplication.run(SpringApplication.java:335)
	at org.springframework.boot.SpringApplication.run(SpringApplication.java:1363)
	at org.springframework.boot.SpringApplication.run(SpringApplication.java:1352)
	at com.utiitsl.DMSAuthService.DmsAuthServiceApplication.main(DmsAuthServiceApplication.java:10)
	at java.base/jdk.internal.reflect.DirectMethodHandleAccessor.invoke(DirectMethodHandleAccessor.java:103)
	at java.base/java.lang.reflect.Method.invoke(Method.java:580)
	at org.springframework.boot.devtools.restart.RestartLauncher.run(RestartLauncher.java:50)
Caused by: org.springframework.beans.factory.NoSuchBeanDefinitionException: No qualifying bean of type 'com.utiitsl.DMSAuthService.service.payment.PaymentService' available: expected at least 1 bean which qualifies as autowire candidate. Dependency annotations: {@org.springframework.beans.factory.annotation.Autowired(required=true), @org.springframework.beans.factory.annotation.Qualifier("")}
	at org.springframework.beans.factory.support.DefaultListableBeanFactory.raiseNoMatchingBeanFound(DefaultListableBeanFactory.java:1880)
	at org.springframework.beans.factory.support.DefaultListableBeanFactory.doResolveDependency(DefaultListableBeanFactory.java:1406)
	at org.springframework.beans.factory.support.DefaultListableBeanFactory.resolveDependency(DefaultListableBeanFactory.java:1353)
	at org.springframework.beans.factory.annotation.AutowiredAnnotationBeanPostProcessor$AutowiredFieldElement.resolveFieldValue(AutowiredAnnotationBeanPostProcessor.java:785)
	... 23 common frames omitted
2026-05-27 10:56:49 INFO  c.u.D.DmsAuthServiceApplication - Starting DmsAuthServiceApplication using Java 21.0.6 with PID 28012 (C:\Users\mohammada1\Desktop\Invoice_Project\AuthService\target\classes started by mohammada1 in C:\Users\mohammada1\Desktop\Invoice_Project\AuthService)
2026-05-27 10:56:49 INFO  c.u.D.DmsAuthServiceApplication - The following 1 profile is active: "dev"
2026-05-27 10:56:49 INFO  o.s.b.d.e.DevToolsPropertyDefaultsPostProcessor - Devtools property defaults active! Set 'spring.devtools.add-properties' to 'false' to disable
2026-05-27 10:56:49 INFO  o.s.b.d.e.DevToolsPropertyDefaultsPostProcessor - For additional web related logging consider setting the 'logging.level.web' property to 'DEBUG'
2026-05-27 10:56:50 INFO  o.s.d.r.c.RepositoryConfigurationDelegate - Bootstrapping Spring Data JPA repositories in DEFAULT mode.
2026-05-27 10:56:51 INFO  o.s.d.r.c.RepositoryConfigurationDelegate - Finished Spring Data repository scanning in 93 ms. Found 3 JPA repository interfaces.
2026-05-27 10:56:52 INFO  o.s.b.w.e.tomcat.TomcatWebServer - Tomcat initialized with port 8282 (http)
2026-05-27 10:56:52 INFO  o.a.catalina.core.StandardService - Starting service [Tomcat]
2026-05-27 10:56:52 INFO  o.a.catalina.core.StandardEngine - Starting Servlet engine: [Apache Tomcat/10.1.28]
2026-05-27 10:56:52 INFO  o.a.c.c.C.[.[.[/authService] - Initializing Spring embedded WebApplicationContext
2026-05-27 10:56:52 INFO  o.s.b.w.s.c.ServletWebServerApplicationContext - Root WebApplicationContext: initialization completed in 2778 ms
2026-05-27 10:56:52 INFO  o.h.jpa.internal.util.LogHelper - HHH000204: Processing PersistenceUnitInfo [name: default]
2026-05-27 10:56:52 INFO  org.hibernate.Version - HHH000412: Hibernate ORM core version 6.4.10.Final
2026-05-27 10:56:52 INFO  o.h.c.i.RegionFactoryInitiator - HHH000026: Second-level cache disabled
2026-05-27 10:56:53 INFO  o.s.o.j.p.SpringPersistenceUnitInfo - No LoadTimeWeaver setup: ignoring JPA class transformer
2026-05-27 10:56:53 INFO  com.zaxxer.hikari.HikariDataSource - HikariPool-1 - Starting...
2026-05-27 10:56:53 INFO  com.zaxxer.hikari.pool.HikariPool - HikariPool-1 - Added connection com.mysql.cj.jdbc.ConnectionImpl@d5ab4e8
2026-05-27 10:56:53 INFO  com.zaxxer.hikari.HikariDataSource - HikariPool-1 - Start completed.
2026-05-27 10:56:55 INFO  o.h.e.t.j.p.i.JtaPlatformInitiator - HHH000489: No JTA platform available (set 'hibernate.transaction.jta.platform' to enable JTA platform integration)
2026-05-27 10:56:55 INFO  o.s.o.j.LocalContainerEntityManagerFactoryBean - Initialized JPA EntityManagerFactory for persistence unit 'default'
2026-05-27 10:56:55 INFO  o.s.d.j.r.query.QueryEnhancerFactory - Hibernate is in classpath; If applicable, HQL parser will be used.
2026-05-27 10:56:56 WARN  o.s.b.w.s.c.AnnotationConfigServletWebServerApplicationContext - Exception encountered during context initialization - cancelling refresh attempt: org.springframework.beans.factory.UnsatisfiedDependencyException: Error creating bean with name 'adminController': Unsatisfied dependency expressed through field 'paymentService': No qualifying bean of type 'com.utiitsl.DMSAuthService.service.payment.PaymentService' available: expected at least 1 bean which qualifies as autowire candidate. Dependency annotations: {@org.springframework.beans.factory.annotation.Autowired(required=true), @org.springframework.beans.factory.annotation.Qualifier("CardPaymentService")}
2026-05-27 10:56:56 INFO  o.s.o.j.LocalContainerEntityManagerFactoryBean - Closing JPA EntityManagerFactory for persistence unit 'default'
2026-05-27 10:56:56 INFO  com.zaxxer.hikari.HikariDataSource - HikariPool-1 - Shutdown initiated...
2026-05-27 10:56:56 INFO  com.zaxxer.hikari.HikariDataSource - HikariPool-1 - Shutdown completed.
2026-05-27 10:56:56 INFO  o.a.catalina.core.StandardService - Stopping service [Tomcat]
2026-05-27 10:56:56 INFO  o.s.b.a.l.ConditionEvaluationReportLogger - 

Error starting ApplicationContext. To display the condition evaluation report re-run your application with 'debug' enabled.
2026-05-27 10:56:56 ERROR o.s.boot.SpringApplication - Application run failed
org.springframework.beans.factory.UnsatisfiedDependencyException: Error creating bean with name 'adminController': Unsatisfied dependency expressed through field 'paymentService': No qualifying bean of type 'com.utiitsl.DMSAuthService.service.payment.PaymentService' available: expected at least 1 bean which qualifies as autowire candidate. Dependency annotations: {@org.springframework.beans.factory.annotation.Autowired(required=true), @org.springframework.beans.factory.annotation.Qualifier("CardPaymentService")}
	at org.springframework.beans.factory.annotation.AutowiredAnnotationBeanPostProcessor$AutowiredFieldElement.resolveFieldValue(AutowiredAnnotationBeanPostProcessor.java:788)
	at org.springframework.beans.factory.annotation.AutowiredAnnotationBeanPostProcessor$AutowiredFieldElement.inject(AutowiredAnnotationBeanPostProcessor.java:768)
	at org.springframework.beans.factory.annotation.InjectionMetadata.inject(InjectionMetadata.java:145)
	at org.springframework.beans.factory.annotation.AutowiredAnnotationBeanPostProcessor.postProcessProperties(AutowiredAnnotationBeanPostProcessor.java:509)
	at org.springframework.beans.factory.support.AbstractAutowireCapableBeanFactory.populateBean(AbstractAutowireCapableBeanFactory.java:1439)
	at org.springframework.beans.factory.support.AbstractAutowireCapableBeanFactory.doCreateBean(AbstractAutowireCapableBeanFactory.java:599)
	at org.springframework.beans.factory.support.AbstractAutowireCapableBeanFactory.createBean(AbstractAutowireCapableBeanFactory.java:522)
	at org.springframework.beans.factory.support.AbstractBeanFactory.lambda$doGetBean$0(AbstractBeanFactory.java:337)
	at org.springframework.beans.factory.support.DefaultSingletonBeanRegistry.getSingleton(DefaultSingletonBeanRegistry.java:234)
	at org.springframework.beans.factory.support.AbstractBeanFactory.doGetBean(AbstractBeanFactory.java:335)
	at org.springframework.beans.factory.support.AbstractBeanFactory.getBean(AbstractBeanFactory.java:200)
	at org.springframework.beans.factory.support.DefaultListableBeanFactory.preInstantiateSingletons(DefaultListableBeanFactory.java:975)
	at org.springframework.context.support.AbstractApplicationContext.finishBeanFactoryInitialization(AbstractApplicationContext.java:971)
	at org.springframework.context.support.AbstractApplicationContext.refresh(AbstractApplicationContext.java:625)
	at org.springframework.boot.web.servlet.context.ServletWebServerApplicationContext.refresh(ServletWebServerApplicationContext.java:146)
	at org.springframework.boot.SpringApplication.refresh(SpringApplication.java:754)
	at org.springframework.boot.SpringApplication.refreshContext(SpringApplication.java:456)
	at org.springframework.boot.SpringApplication.run(SpringApplication.java:335)
	at org.springframework.boot.SpringApplication.run(SpringApplication.java:1363)
	at org.springframework.boot.SpringApplication.run(SpringApplication.java:1352)
	at com.utiitsl.DMSAuthService.DmsAuthServiceApplication.main(DmsAuthServiceApplication.java:10)
	at java.base/jdk.internal.reflect.DirectMethodHandleAccessor.invoke(DirectMethodHandleAccessor.java:103)
	at java.base/java.lang.reflect.Method.invoke(Method.java:580)
	at org.springframework.boot.devtools.restart.RestartLauncher.run(RestartLauncher.java:50)
Caused by: org.springframework.beans.factory.NoSuchBeanDefinitionException: No qualifying bean of type 'com.utiitsl.DMSAuthService.service.payment.PaymentService' available: expected at least 1 bean which qualifies as autowire candidate. Dependency annotations: {@org.springframework.beans.factory.annotation.Autowired(required=true), @org.springframework.beans.factory.annotation.Qualifier("CardPaymentService")}
	at org.springframework.beans.factory.support.DefaultListableBeanFactory.raiseNoMatchingBeanFound(DefaultListableBeanFactory.java:1880)
	at org.springframework.beans.factory.support.DefaultListableBeanFactory.doResolveDependency(DefaultListableBeanFactory.java:1406)
	at org.springframework.beans.factory.support.DefaultListableBeanFactory.resolveDependency(DefaultListableBeanFactory.java:1353)
	at org.springframework.beans.factory.annotation.AutowiredAnnotationBeanPostProcessor$AutowiredFieldElement.resolveFieldValue(AutowiredAnnotationBeanPostProcessor.java:785)
	... 23 common frames omitted
2026-05-27 10:57:04 INFO  c.u.D.DmsAuthServiceApplication - Starting DmsAuthServiceApplication using Java 21.0.6 with PID 24740 (C:\Users\mohammada1\Desktop\Invoice_Project\AuthService\target\classes started by mohammada1 in C:\Users\mohammada1\Desktop\Invoice_Project\AuthService)
2026-05-27 10:57:04 INFO  c.u.D.DmsAuthServiceApplication - The following 1 profile is active: "dev"
2026-05-27 10:57:04 INFO  o.s.b.d.e.DevToolsPropertyDefaultsPostProcessor - Devtools property defaults active! Set 'spring.devtools.add-properties' to 'false' to disable
2026-05-27 10:57:04 INFO  o.s.b.d.e.DevToolsPropertyDefaultsPostProcessor - For additional web related logging consider setting the 'logging.level.web' property to 'DEBUG'
2026-05-27 10:57:06 INFO  o.s.d.r.c.RepositoryConfigurationDelegate - Bootstrapping Spring Data JPA repositories in DEFAULT mode.
2026-05-27 10:57:06 INFO  o.s.d.r.c.RepositoryConfigurationDelegate - Finished Spring Data repository scanning in 109 ms. Found 3 JPA repository interfaces.
2026-05-27 10:57:07 INFO  o.s.b.w.e.tomcat.TomcatWebServer - Tomcat initialized with port 8282 (http)
2026-05-27 10:57:07 INFO  o.a.catalina.core.StandardService - Starting service [Tomcat]
2026-05-27 10:57:07 INFO  o.a.catalina.core.StandardEngine - Starting Servlet engine: [Apache Tomcat/10.1.28]
2026-05-27 10:57:07 INFO  o.a.c.c.C.[.[.[/authService] - Initializing Spring embedded WebApplicationContext
2026-05-27 10:57:07 INFO  o.s.b.w.s.c.ServletWebServerApplicationContext - Root WebApplicationContext: initialization completed in 2662 ms
2026-05-27 10:57:07 INFO  o.h.jpa.internal.util.LogHelper - HHH000204: Processing PersistenceUnitInfo [name: default]
2026-05-27 10:57:07 INFO  org.hibernate.Version - HHH000412: Hibernate ORM core version 6.4.10.Final
2026-05-27 10:57:07 INFO  o.h.c.i.RegionFactoryInitiator - HHH000026: Second-level cache disabled
2026-05-27 10:57:08 INFO  o.s.o.j.p.SpringPersistenceUnitInfo - No LoadTimeWeaver setup: ignoring JPA class transformer
2026-05-27 10:57:08 INFO  com.zaxxer.hikari.HikariDataSource - HikariPool-1 - Starting...
2026-05-27 10:57:08 INFO  com.zaxxer.hikari.pool.HikariPool - HikariPool-1 - Added connection com.mysql.cj.jdbc.ConnectionImpl@3cf7828a
2026-05-27 10:57:08 INFO  com.zaxxer.hikari.HikariDataSource - HikariPool-1 - Start completed.
2026-05-27 10:57:09 INFO  o.h.e.t.j.p.i.JtaPlatformInitiator - HHH000489: No JTA platform available (set 'hibernate.transaction.jta.platform' to enable JTA platform integration)
2026-05-27 10:57:09 INFO  o.s.o.j.LocalContainerEntityManagerFactoryBean - Initialized JPA EntityManagerFactory for persistence unit 'default'
2026-05-27 10:57:10 INFO  o.s.d.j.r.query.QueryEnhancerFactory - Hibernate is in classpath; If applicable, HQL parser will be used.
2026-05-27 10:57:10 TRACE o.s.s.c.a.a.c.AuthenticationConfiguration$EnableGlobalAuthenticationAutowiredConfigurer - Eagerly initializing {securityConfiguration=com.utiitsl.DMSAuthService.config.auth.SecurityConfiguration$$SpringCGLIB$$0@27d2e74e}
2026-05-27 10:57:10 DEBUG o.s.s.a.p.PrePostAnnotationSecurityMetadataSource - @org.springframework.security.access.prepost.PreAuthorize("hasAuthority(\'admin:delete\')") found on specific method: public org.springframework.http.ResponseEntity com.utiitsl.DMSAuthService.controller.dash.DashController.deleteUserById(java.lang.Integer)
2026-05-27 10:57:10 DEBUG o.s.s.a.m.DelegatingMethodSecurityMetadataSource - Caching method [CacheKey[com.utiitsl.DMSAuthService.controller.dash.DashController; public org.springframework.http.ResponseEntity com.utiitsl.DMSAuthService.controller.dash.DashController.deleteUserById(java.lang.Integer)]] with attributes [[authorize: 'hasAuthority('admin:delete')', filter: 'null', filterTarget: 'null']]
2026-05-27 10:57:10 TRACE o.s.s.a.i.a.MethodSecurityInterceptor - Validated configuration attributes
2026-05-27 10:57:10 DEBUG o.s.s.a.p.PrePostAnnotationSecurityMetadataSource - @org.springframework.security.access.prepost.PreAuthorize("hasAuthority(\'admin:update\')") found on specific method: public org.springframework.http.ResponseEntity com.utiitsl.DMSAuthService.controller.dash.DashController.updateUser(com.utiitsl.DMSAuthService.dto.UserDTO,java.lang.Integer)
2026-05-27 10:57:10 DEBUG o.s.s.a.m.DelegatingMethodSecurityMetadataSource - Caching method [CacheKey[com.utiitsl.DMSAuthService.controller.dash.DashController; public org.springframework.http.ResponseEntity com.utiitsl.DMSAuthService.controller.dash.DashController.updateUser(com.utiitsl.DMSAuthService.dto.UserDTO,java.lang.Integer)]] with attributes [[authorize: 'hasAuthority('admin:update')', filter: 'null', filterTarget: 'null']]
2026-05-27 10:57:10 DEBUG o.s.s.a.p.PrePostAnnotationSecurityMetadataSource - @org.springframework.security.access.prepost.PreAuthorize("hasRole(\'ROLE_APPLICATION_ADMIN\') or hasRole(\'ROLE_ADMIN\')") found on specific method: public org.springframework.http.ResponseEntity com.utiitsl.DMSAuthService.controller.user.UserController.register(com.utiitsl.DMSAuthService.dto.RegisterRequestDTO,java.lang.String,jakarta.servlet.http.HttpServletRequest)
2026-05-27 10:57:10 DEBUG o.s.s.a.m.DelegatingMethodSecurityMetadataSource - Caching method [CacheKey[com.utiitsl.DMSAuthService.controller.user.UserController; public org.springframework.http.ResponseEntity com.utiitsl.DMSAuthService.controller.user.UserController.register(com.utiitsl.DMSAuthService.dto.RegisterRequestDTO,java.lang.String,jakarta.servlet.http.HttpServletRequest)]] with attributes [[authorize: 'hasRole('ROLE_APPLICATION_ADMIN') or hasRole('ROLE_ADMIN')', filter: 'null', filterTarget: 'null']]
2026-05-27 10:57:10 DEBUG o.s.s.a.p.PrePostAnnotationSecurityMetadataSource - @org.springframework.security.access.prepost.PreAuthorize("hasRole(\'ROLE_APPLICATION_ADMIN\') or hasRole(\'ROLE_ADMIN\')") found on specific method: public org.springframework.http.ResponseEntity com.utiitsl.DMSAuthService.controller.user.UserController.activateDeactivateUser(java.lang.String,boolean)
2026-05-27 10:57:10 DEBUG o.s.s.a.m.DelegatingMethodSecurityMetadataSource - Caching method [CacheKey[com.utiitsl.DMSAuthService.controller.user.UserController; public org.springframework.http.ResponseEntity com.utiitsl.DMSAuthService.controller.user.UserController.activateDeactivateUser(java.lang.String,boolean)]] with attributes [[authorize: 'hasRole('ROLE_APPLICATION_ADMIN') or hasRole('ROLE_ADMIN')', filter: 'null', filterTarget: 'null']]
2026-05-27 10:57:10 DEBUG o.s.s.a.p.PrePostAnnotationSecurityMetadataSource - @org.springframework.security.access.prepost.PreAuthorize("hasRole(\'ROLE_APPLICATION_ADMIN\') or hasRole(\'ROLE_ADMIN\')") found on specific method: public org.springframework.http.ResponseEntity com.utiitsl.DMSAuthService.controller.user.UserController.getAllUser(int,int,java.lang.String,jakarta.servlet.http.HttpServletRequest)
2026-05-27 10:57:10 DEBUG o.s.s.a.m.DelegatingMethodSecurityMetadataSource - Caching method [CacheKey[com.utiitsl.DMSAuthService.controller.user.UserController; public org.springframework.http.ResponseEntity com.utiitsl.DMSAuthService.controller.user.UserController.getAllUser(int,int,java.lang.String,jakarta.servlet.http.HttpServletRequest)]] with attributes [[authorize: 'hasRole('ROLE_APPLICATION_ADMIN') or hasRole('ROLE_ADMIN')', filter: 'null', filterTarget: 'null']]
2026-05-27 10:57:11 WARN  o.s.b.a.o.j.JpaBaseConfiguration$JpaWebConfiguration - spring.jpa.open-in-view is enabled by default. Therefore, database queries may be performed during view rendering. Explicitly configure spring.jpa.open-in-view to disable this warning
2026-05-27 10:57:12 INFO  o.s.s.web.DefaultSecurityFilterChain - Will secure any request with [org.springframework.security.web.session.DisableEncodeUrlFilter@d73609b, org.springframework.security.web.context.request.async.WebAsyncManagerIntegrationFilter@11db5359, org.springframework.security.web.context.SecurityContextHolderFilter@26c7617c, org.springframework.security.web.header.HeaderWriterFilter@43c7fe99, org.springframework.web.filter.CorsFilter@2adf3151, org.springframework.security.web.authentication.logout.LogoutFilter@1f08515, org.springframework.security.oauth2.client.web.OAuth2AuthorizationRequestRedirectFilter@70c91650, org.springframework.security.oauth2.client.web.OAuth2LoginAuthenticationFilter@2687566a, com.utiitsl.DMSAuthService.config.auth.JwtAuthFilter@7df44def, org.springframework.security.web.authentication.ui.DefaultLoginPageGeneratingFilter@b193bd0, org.springframework.security.web.authentication.ui.DefaultLogoutPageGeneratingFilter@610deb61, org.springframework.security.web.savedrequest.RequestCacheAwareFilter@5907ff08, org.springframework.security.web.servletapi.SecurityContextHolderAwareRequestFilter@3aef8a93, org.springframework.security.web.authentication.AnonymousAuthenticationFilter@77ec3863, org.springframework.security.web.session.SessionManagementFilter@733ec124, org.springframework.security.web.access.ExceptionTranslationFilter@575e007f, org.springframework.security.web.access.intercept.AuthorizationFilter@35b43b7b]
2026-05-27 10:57:13 INFO  o.s.b.d.a.OptionalLiveReloadServer - LiveReload server is running on port 35729
2026-05-27 10:57:13 INFO  o.s.b.w.e.tomcat.TomcatWebServer - Tomcat started on port 8282 (http) with context path '/authService'
2026-05-27 10:57:13 INFO  c.u.D.DmsAuthServiceApplication - Started DmsAuthServiceApplication in 8.854 seconds (process running for 9.752)
2026-05-27 10:57:37 INFO  o.a.c.c.C.[.[.[/authService] - Initializing Spring DispatcherServlet 'dispatcherServlet'
2026-05-27 10:57:37 INFO  o.s.web.servlet.DispatcherServlet - Initializing Servlet 'dispatcherServlet'
2026-05-27 10:57:37 INFO  o.s.web.servlet.DispatcherServlet - Completed initialization in 2 ms
2026-05-27 10:57:37 TRACE o.s.security.web.FilterChainProxy - Trying to match request against DefaultSecurityFilterChain [RequestMatcher=any request, Filters=[org.springframework.security.web.session.DisableEncodeUrlFilter@d73609b, org.springframework.security.web.context.request.async.WebAsyncManagerIntegrationFilter@11db5359, org.springframework.security.web.context.SecurityContextHolderFilter@26c7617c, org.springframework.security.web.header.HeaderWriterFilter@43c7fe99, org.springframework.web.filter.CorsFilter@2adf3151, org.springframework.security.web.authentication.logout.LogoutFilter@1f08515, org.springframework.security.oauth2.client.web.OAuth2AuthorizationRequestRedirectFilter@70c91650, org.springframework.security.oauth2.client.web.OAuth2LoginAuthenticationFilter@2687566a, com.utiitsl.DMSAuthService.config.auth.JwtAuthFilter@7df44def, org.springframework.security.web.authentication.ui.DefaultLoginPageGeneratingFilter@b193bd0, org.springframework.security.web.authentication.ui.DefaultLogoutPageGeneratingFilter@610deb61, org.springframework.security.web.savedrequest.RequestCacheAwareFilter@5907ff08, org.springframework.security.web.servletapi.SecurityContextHolderAwareRequestFilter@3aef8a93, org.springframework.security.web.authentication.AnonymousAuthenticationFilter@77ec3863, org.springframework.security.web.session.SessionManagementFilter@733ec124, org.springframework.security.web.access.ExceptionTranslationFilter@575e007f, org.springframework.security.web.access.intercept.AuthorizationFilter@35b43b7b]] (1/1)
2026-05-27 10:57:37 DEBUG o.s.security.web.FilterChainProxy - Securing POST /api/v1/auth/token
2026-05-27 10:57:37 TRACE o.s.security.web.FilterChainProxy - Invoking DisableEncodeUrlFilter (1/17)
2026-05-27 10:57:37 TRACE o.s.security.web.FilterChainProxy - Invoking WebAsyncManagerIntegrationFilter (2/17)
2026-05-27 10:57:37 TRACE o.s.security.web.FilterChainProxy - Invoking SecurityContextHolderFilter (3/17)
2026-05-27 10:57:37 TRACE o.s.security.web.FilterChainProxy - Invoking HeaderWriterFilter (4/17)
2026-05-27 10:57:37 TRACE o.s.security.web.FilterChainProxy - Invoking CorsFilter (5/17)
2026-05-27 10:57:37 TRACE o.s.security.web.FilterChainProxy - Invoking LogoutFilter (6/17)
2026-05-27 10:57:37 TRACE o.s.s.w.a.logout.LogoutFilter - Did not match request to Or [Ant [pattern='/logout', GET], Ant [pattern='/logout', POST], Ant [pattern='/logout', PUT], Ant [pattern='/logout', DELETE]]
2026-05-27 10:57:37 TRACE o.s.security.web.FilterChainProxy - Invoking OAuth2AuthorizationRequestRedirectFilter (7/17)
2026-05-27 10:57:37 TRACE o.s.security.web.FilterChainProxy - Invoking OAuth2LoginAuthenticationFilter (8/17)
2026-05-27 10:57:37 TRACE o.s.s.o.c.w.OAuth2LoginAuthenticationFilter - Did not match request to Ant [pattern='/login/oauth2/code/*']
2026-05-27 10:57:37 TRACE o.s.security.web.FilterChainProxy - Invoking JwtAuthFilter (9/17)
2026-05-27 10:57:37 TRACE o.s.security.web.FilterChainProxy - Invoking DefaultLoginPageGeneratingFilter (10/17)
2026-05-27 10:57:37 TRACE o.s.security.web.FilterChainProxy - Invoking DefaultLogoutPageGeneratingFilter (11/17)
2026-05-27 10:57:37 TRACE o.s.s.w.a.u.DefaultLogoutPageGeneratingFilter - Did not render default logout page since request did not match [Ant [pattern='/logout', GET]]
2026-05-27 10:57:37 TRACE o.s.security.web.FilterChainProxy - Invoking RequestCacheAwareFilter (12/17)
2026-05-27 10:57:37 TRACE o.s.security.web.FilterChainProxy - Invoking SecurityContextHolderAwareRequestFilter (13/17)
2026-05-27 10:57:37 TRACE o.s.security.web.FilterChainProxy - Invoking AnonymousAuthenticationFilter (14/17)
2026-05-27 10:57:37 TRACE o.s.security.web.FilterChainProxy - Invoking SessionManagementFilter (15/17)
2026-05-27 10:57:37 TRACE o.s.s.w.c.SupplierDeferredSecurityContext - Created SecurityContextImpl [Null authentication]
2026-05-27 10:57:37 TRACE o.s.s.w.a.AnonymousAuthenticationFilter - Set SecurityContextHolder to AnonymousAuthenticationToken [Principal=anonymousUser, Credentials=[PROTECTED], Authenticated=true, Details=WebAuthenticationDetails [RemoteIpAddress=0:0:0:0:0:0:0:1, SessionId=null], Granted Authorities=[ROLE_ANONYMOUS]]
2026-05-27 10:57:37 TRACE o.s.security.web.FilterChainProxy - Invoking ExceptionTranslationFilter (16/17)
2026-05-27 10:57:37 TRACE o.s.security.web.FilterChainProxy - Invoking AuthorizationFilter (17/17)
2026-05-27 10:57:37 TRACE o.s.s.w.a.i.RequestMatcherDelegatingAuthorizationManager - Authorizing POST /api/v1/auth/token
2026-05-27 10:57:37 TRACE o.s.s.w.a.i.RequestMatcherDelegatingAuthorizationManager - Checking authorization on POST /api/v1/auth/token using org.springframework.security.config.annotation.web.configurers.AuthorizeHttpRequestsConfigurer$$Lambda/0x000002d9c6a42fa0@7025c897
2026-05-27 10:57:37 DEBUG o.s.security.web.FilterChainProxy - Secured POST /api/v1/auth/token
2026-05-27 10:57:37 TRACE o.s.s.authentication.ProviderManager - Authenticating request with DaoAuthenticationProvider (1/1)
2026-05-27 10:57:37 DEBUG o.s.s.a.d.DaoAuthenticationProvider - Failed to find user 'Application_Admin'
2026-05-27 10:57:37 TRACE o.s.s.w.h.writers.HstsHeaderWriter - Not injecting HSTS header since it did not match request to [Is Secure]
2026-05-27 10:57:37 WARN  o.s.w.s.m.m.a.ExceptionHandlerExceptionResolver - Resolved [org.springframework.security.authentication.BadCredentialsException: Bad credentials]
2026-05-27 10:58:13 TRACE o.s.security.web.FilterChainProxy - Trying to match request against DefaultSecurityFilterChain [RequestMatcher=any request, Filters=[org.springframework.security.web.session.DisableEncodeUrlFilter@d73609b, org.springframework.security.web.context.request.async.WebAsyncManagerIntegrationFilter@11db5359, org.springframework.security.web.context.SecurityContextHolderFilter@26c7617c, org.springframework.security.web.header.HeaderWriterFilter@43c7fe99, org.springframework.web.filter.CorsFilter@2adf3151, org.springframework.security.web.authentication.logout.LogoutFilter@1f08515, org.springframework.security.oauth2.client.web.OAuth2AuthorizationRequestRedirectFilter@70c91650, org.springframework.security.oauth2.client.web.OAuth2LoginAuthenticationFilter@2687566a, com.utiitsl.DMSAuthService.config.auth.JwtAuthFilter@7df44def, org.springframework.security.web.authentication.ui.DefaultLoginPageGeneratingFilter@b193bd0, org.springframework.security.web.authentication.ui.DefaultLogoutPageGeneratingFilter@610deb61, org.springframework.security.web.savedrequest.RequestCacheAwareFilter@5907ff08, org.springframework.security.web.servletapi.SecurityContextHolderAwareRequestFilter@3aef8a93, org.springframework.security.web.authentication.AnonymousAuthenticationFilter@77ec3863, org.springframework.security.web.session.SessionManagementFilter@733ec124, org.springframework.security.web.access.ExceptionTranslationFilter@575e007f, org.springframework.security.web.access.intercept.AuthorizationFilter@35b43b7b]] (1/1)
2026-05-27 10:58:13 DEBUG o.s.security.web.FilterChainProxy - Securing POST /api/v1/auth/token
2026-05-27 10:58:13 TRACE o.s.security.web.FilterChainProxy - Invoking DisableEncodeUrlFilter (1/17)
2026-05-27 10:58:13 TRACE o.s.security.web.FilterChainProxy - Invoking WebAsyncManagerIntegrationFilter (2/17)
2026-05-27 10:58:13 TRACE o.s.security.web.FilterChainProxy - Invoking SecurityContextHolderFilter (3/17)
2026-05-27 10:58:13 TRACE o.s.security.web.FilterChainProxy - Invoking HeaderWriterFilter (4/17)
2026-05-27 10:58:13 TRACE o.s.security.web.FilterChainProxy - Invoking CorsFilter (5/17)
2026-05-27 10:58:13 TRACE o.s.security.web.FilterChainProxy - Invoking LogoutFilter (6/17)
2026-05-27 10:58:13 TRACE o.s.s.w.a.logout.LogoutFilter - Did not match request to Or [Ant [pattern='/logout', GET], Ant [pattern='/logout', POST], Ant [pattern='/logout', PUT], Ant [pattern='/logout', DELETE]]
2026-05-27 10:58:13 TRACE o.s.security.web.FilterChainProxy - Invoking OAuth2AuthorizationRequestRedirectFilter (7/17)
2026-05-27 10:58:13 TRACE o.s.security.web.FilterChainProxy - Invoking OAuth2LoginAuthenticationFilter (8/17)
2026-05-27 10:58:13 TRACE o.s.s.o.c.w.OAuth2LoginAuthenticationFilter - Did not match request to Ant [pattern='/login/oauth2/code/*']
2026-05-27 10:58:13 TRACE o.s.security.web.FilterChainProxy - Invoking JwtAuthFilter (9/17)
2026-05-27 10:58:13 TRACE o.s.security.web.FilterChainProxy - Invoking DefaultLoginPageGeneratingFilter (10/17)
2026-05-27 10:58:13 TRACE o.s.security.web.FilterChainProxy - Invoking DefaultLogoutPageGeneratingFilter (11/17)
2026-05-27 10:58:13 TRACE o.s.s.w.a.u.DefaultLogoutPageGeneratingFilter - Did not render default logout page since request did not match [Ant [pattern='/logout', GET]]
2026-05-27 10:58:13 TRACE o.s.security.web.FilterChainProxy - Invoking RequestCacheAwareFilter (12/17)
2026-05-27 10:58:13 TRACE o.s.security.web.FilterChainProxy - Invoking SecurityContextHolderAwareRequestFilter (13/17)
2026-05-27 10:58:13 TRACE o.s.security.web.FilterChainProxy - Invoking AnonymousAuthenticationFilter (14/17)
2026-05-27 10:58:13 TRACE o.s.security.web.FilterChainProxy - Invoking SessionManagementFilter (15/17)
2026-05-27 10:58:13 TRACE o.s.s.w.c.SupplierDeferredSecurityContext - Created SecurityContextImpl [Null authentication]
2026-05-27 10:58:13 TRACE o.s.s.w.a.AnonymousAuthenticationFilter - Set SecurityContextHolder to AnonymousAuthenticationToken [Principal=anonymousUser, Credentials=[PROTECTED], Authenticated=true, Details=WebAuthenticationDetails [RemoteIpAddress=0:0:0:0:0:0:0:1, SessionId=null], Granted Authorities=[ROLE_ANONYMOUS]]
2026-05-27 10:58:13 TRACE o.s.security.web.FilterChainProxy - Invoking ExceptionTranslationFilter (16/17)
2026-05-27 10:58:13 TRACE o.s.security.web.FilterChainProxy - Invoking AuthorizationFilter (17/17)
2026-05-27 10:58:13 TRACE o.s.s.w.a.i.RequestMatcherDelegatingAuthorizationManager - Authorizing POST /api/v1/auth/token
2026-05-27 10:58:13 TRACE o.s.s.w.a.i.RequestMatcherDelegatingAuthorizationManager - Checking authorization on POST /api/v1/auth/token using org.springframework.security.config.annotation.web.configurers.AuthorizeHttpRequestsConfigurer$$Lambda/0x000002d9c6a42fa0@7025c897
2026-05-27 10:58:13 DEBUG o.s.security.web.FilterChainProxy - Secured POST /api/v1/auth/token
2026-05-27 10:58:13 TRACE o.s.s.authentication.ProviderManager - Authenticating request with DaoAuthenticationProvider (1/1)
2026-05-27 10:58:13 DEBUG o.s.s.a.d.DaoAuthenticationProvider - Authenticated user
2026-05-27 10:58:13 TRACE o.s.s.w.h.writers.HstsHeaderWriter - Not injecting HSTS header since it did not match request to [Is Secure]
2026-05-27 11:00:06 TRACE o.s.security.web.FilterChainProxy - Trying to match request against DefaultSecurityFilterChain [RequestMatcher=any request, Filters=[org.springframework.security.web.session.DisableEncodeUrlFilter@d73609b, org.springframework.security.web.context.request.async.WebAsyncManagerIntegrationFilter@11db5359, org.springframework.security.web.context.SecurityContextHolderFilter@26c7617c, org.springframework.security.web.header.HeaderWriterFilter@43c7fe99, org.springframework.web.filter.CorsFilter@2adf3151, org.springframework.security.web.authentication.logout.LogoutFilter@1f08515, org.springframework.security.oauth2.client.web.OAuth2AuthorizationRequestRedirectFilter@70c91650, org.springframework.security.oauth2.client.web.OAuth2LoginAuthenticationFilter@2687566a, com.utiitsl.DMSAuthService.config.auth.JwtAuthFilter@7df44def, org.springframework.security.web.authentication.ui.DefaultLoginPageGeneratingFilter@b193bd0, org.springframework.security.web.authentication.ui.DefaultLogoutPageGeneratingFilter@610deb61, org.springframework.security.web.savedrequest.RequestCacheAwareFilter@5907ff08, org.springframework.security.web.servletapi.SecurityContextHolderAwareRequestFilter@3aef8a93, org.springframework.security.web.authentication.AnonymousAuthenticationFilter@77ec3863, org.springframework.security.web.session.SessionManagementFilter@733ec124, org.springframework.security.web.access.ExceptionTranslationFilter@575e007f, org.springframework.security.web.access.intercept.AuthorizationFilter@35b43b7b]] (1/1)
2026-05-27 11:00:06 DEBUG o.s.security.web.FilterChainProxy - Securing GET /v1/admin
2026-05-27 11:00:06 TRACE o.s.security.web.FilterChainProxy - Invoking DisableEncodeUrlFilter (1/17)
2026-05-27 11:00:06 TRACE o.s.security.web.FilterChainProxy - Invoking WebAsyncManagerIntegrationFilter (2/17)
2026-05-27 11:00:06 TRACE o.s.security.web.FilterChainProxy - Invoking SecurityContextHolderFilter (3/17)
2026-05-27 11:00:06 TRACE o.s.security.web.FilterChainProxy - Invoking HeaderWriterFilter (4/17)
2026-05-27 11:00:06 TRACE o.s.security.web.FilterChainProxy - Invoking CorsFilter (5/17)
2026-05-27 11:00:06 TRACE o.s.security.web.FilterChainProxy - Invoking LogoutFilter (6/17)
2026-05-27 11:00:06 TRACE o.s.s.w.a.logout.LogoutFilter - Did not match request to Or [Ant [pattern='/logout', GET], Ant [pattern='/logout', POST], Ant [pattern='/logout', PUT], Ant [pattern='/logout', DELETE]]
2026-05-27 11:00:06 TRACE o.s.security.web.FilterChainProxy - Invoking OAuth2AuthorizationRequestRedirectFilter (7/17)
2026-05-27 11:00:06 TRACE o.s.security.web.FilterChainProxy - Invoking OAuth2LoginAuthenticationFilter (8/17)
2026-05-27 11:00:06 TRACE o.s.s.o.c.w.OAuth2LoginAuthenticationFilter - Did not match request to Ant [pattern='/login/oauth2/code/*']
2026-05-27 11:00:06 TRACE o.s.security.web.FilterChainProxy - Invoking JwtAuthFilter (9/17)
2026-05-27 11:00:06 TRACE o.s.security.web.FilterChainProxy - Invoking DefaultLoginPageGeneratingFilter (10/17)
2026-05-27 11:00:06 TRACE o.s.security.web.FilterChainProxy - Invoking DefaultLogoutPageGeneratingFilter (11/17)
2026-05-27 11:00:06 TRACE o.s.s.w.a.u.DefaultLogoutPageGeneratingFilter - Did not render default logout page since request did not match [Ant [pattern='/logout', GET]]
2026-05-27 11:00:06 TRACE o.s.security.web.FilterChainProxy - Invoking RequestCacheAwareFilter (12/17)
2026-05-27 11:00:06 TRACE o.s.security.web.FilterChainProxy - Invoking SecurityContextHolderAwareRequestFilter (13/17)
2026-05-27 11:00:06 TRACE o.s.security.web.FilterChainProxy - Invoking AnonymousAuthenticationFilter (14/17)
2026-05-27 11:00:06 TRACE o.s.security.web.FilterChainProxy - Invoking SessionManagementFilter (15/17)
2026-05-27 11:00:06 TRACE o.s.s.w.c.SupplierDeferredSecurityContext - Created SecurityContextImpl [Null authentication]
2026-05-27 11:00:06 TRACE o.s.s.w.a.AnonymousAuthenticationFilter - Set SecurityContextHolder to AnonymousAuthenticationToken [Principal=anonymousUser, Credentials=[PROTECTED], Authenticated=true, Details=WebAuthenticationDetails [RemoteIpAddress=0:0:0:0:0:0:0:1, SessionId=null], Granted Authorities=[ROLE_ANONYMOUS]]
2026-05-27 11:00:06 TRACE o.s.security.web.FilterChainProxy - Invoking ExceptionTranslationFilter (16/17)
2026-05-27 11:00:06 TRACE o.s.security.web.FilterChainProxy - Invoking AuthorizationFilter (17/17)
2026-05-27 11:00:06 TRACE o.s.s.w.a.i.RequestMatcherDelegatingAuthorizationManager - Authorizing GET /v1/admin
2026-05-27 11:00:06 TRACE o.s.s.w.a.i.RequestMatcherDelegatingAuthorizationManager - Checking authorization on GET /v1/admin using AuthorityAuthorizationManager[authorities=[ROLE_SUPREMEADMIN, ROLE_ADMIN, ROLE_SUPERADMIN]]
2026-05-27 11:00:06 TRACE o.s.s.w.a.ExceptionTranslationFilter - Sending AnonymousAuthenticationToken [Principal=anonymousUser, Credentials=[PROTECTED], Authenticated=true, Details=WebAuthenticationDetails [RemoteIpAddress=0:0:0:0:0:0:0:1, SessionId=null], Granted Authorities=[ROLE_ANONYMOUS]] to authentication entry point since access is denied
org.springframework.security.access.AccessDeniedException: Access Denied
	at org.springframework.security.web.access.intercept.AuthorizationFilter.doFilter(AuthorizationFilter.java:98)
	at org.springframework.security.web.FilterChainProxy$VirtualFilterChain.doFilter(FilterChainProxy.java:374)
	at org.springframework.security.web.access.ExceptionTranslationFilter.doFilter(ExceptionTranslationFilter.java:126)
	at org.springframework.security.web.access.ExceptionTranslationFilter.doFilter(ExceptionTranslationFilter.java:120)
	at org.springframework.security.web.FilterChainProxy$VirtualFilterChain.doFilter(FilterChainProxy.java:374)
	at org.springframework.security.web.session.SessionManagementFilter.doFilter(SessionManagementFilter.java:131)
	at org.springframework.security.web.session.SessionManagementFilter.doFilter(SessionManagementFilter.java:85)
	at org.springframework.security.web.FilterChainProxy$VirtualFilterChain.doFilter(FilterChainProxy.java:374)
	at org.springframework.security.web.authentication.AnonymousAuthenticationFilter.doFilter(AnonymousAuthenticationFilter.java:100)
	at org.springframework.security.web.FilterChainProxy$VirtualFilterChain.doFilter(FilterChainProxy.java:374)
	at org.springframework.security.web.servletapi.SecurityContextHolderAwareRequestFilter.doFilter(SecurityContextHolderAwareRequestFilter.java:179)
	at org.springframework.security.web.FilterChainProxy$VirtualFilterChain.doFilter(FilterChainProxy.java:374)
	at org.springframework.security.web.savedrequest.RequestCacheAwareFilter.doFilter(RequestCacheAwareFilter.java:63)
	at org.springframework.security.web.FilterChainProxy$VirtualFilterChain.doFilter(FilterChainProxy.java:374)
	at org.springframework.security.web.authentication.ui.DefaultLogoutPageGeneratingFilter.doFilterInternal(DefaultLogoutPageGeneratingFilter.java:58)
	at org.springframework.web.filter.OncePerRequestFilter.doFilter(OncePerRequestFilter.java:116)
	at org.springframework.security.web.FilterChainProxy$VirtualFilterChain.doFilter(FilterChainProxy.java:374)
	at org.springframework.security.web.authentication.ui.DefaultLoginPageGeneratingFilter.doFilter(DefaultLoginPageGeneratingFilter.java:189)
	at org.springframework.security.web.authentication.ui.DefaultLoginPageGeneratingFilter.doFilter(DefaultLoginPageGeneratingFilter.java:175)
	at org.springframework.security.web.FilterChainProxy$VirtualFilterChain.doFilter(FilterChainProxy.java:374)
	at com.utiitsl.DMSAuthService.config.auth.JwtAuthFilter.doFilterInternal(JwtAuthFilter.java:40)
	at org.springframework.web.filter.OncePerRequestFilter.doFilter(OncePerRequestFilter.java:116)
	at org.springframework.security.web.FilterChainProxy$VirtualFilterChain.doFilter(FilterChainProxy.java:374)
	at org.springframework.security.web.authentication.AbstractAuthenticationProcessingFilter.doFilter(AbstractAuthenticationProcessingFilter.java:227)
	at org.springframework.security.web.authentication.AbstractAuthenticationProcessingFilter.doFilter(AbstractAuthenticationProcessingFilter.java:221)
	at org.springframework.security.web.FilterChainProxy$VirtualFilterChain.doFilter(FilterChainProxy.java:374)
	at org.springframework.security.oauth2.client.web.OAuth2AuthorizationRequestRedirectFilter.doFilterInternal(OAuth2AuthorizationRequestRedirectFilter.java:181)
	at org.springframework.web.filter.OncePerRequestFilter.doFilter(OncePerRequestFilter.java:116)
	at org.springframework.security.web.FilterChainProxy$VirtualFilterChain.doFilter(FilterChainProxy.java:374)
	at org.springframework.security.web.authentication.logout.LogoutFilter.doFilter(LogoutFilter.java:107)
	at org.springframework.security.web.authentication.logout.LogoutFilter.doFilter(LogoutFilter.java:93)
	at org.springframework.security.web.FilterChainProxy$VirtualFilterChain.doFilter(FilterChainProxy.java:374)
	at org.springframework.web.filter.CorsFilter.doFilterInternal(CorsFilter.java:91)
	at org.springframework.web.filter.OncePerRequestFilter.doFilter(OncePerRequestFilter.java:116)
	at org.springframework.security.web.FilterChainProxy$VirtualFilterChain.doFilter(FilterChainProxy.java:374)
	at org.springframework.security.web.header.HeaderWriterFilter.doHeadersAfter(HeaderWriterFilter.java:90)
	at org.springframework.security.web.header.HeaderWriterFilter.doFilterInternal(HeaderWriterFilter.java:75)
	at org.springframework.web.filter.OncePerRequestFilter.doFilter(OncePerRequestFilter.java:116)
	at org.springframework.security.web.FilterChainProxy$VirtualFilterChain.doFilter(FilterChainProxy.java:374)
	at org.springframework.security.web.context.SecurityContextHolderFilter.doFilter(SecurityContextHolderFilter.java:82)
	at org.springframework.security.web.context.SecurityContextHolderFilter.doFilter(SecurityContextHolderFilter.java:69)
	at org.springframework.security.web.FilterChainProxy$VirtualFilterChain.doFilter(FilterChainProxy.java:374)
	at org.springframework.security.web.context.request.async.WebAsyncManagerIntegrationFilter.doFilterInternal(WebAsyncManagerIntegrationFilter.java:62)
	at org.springframework.web.filter.OncePerRequestFilter.doFilter(OncePerRequestFilter.java:116)
	at org.springframework.security.web.FilterChainProxy$VirtualFilterChain.doFilter(FilterChainProxy.java:374)
	at org.springframework.security.web.session.DisableEncodeUrlFilter.doFilterInternal(DisableEncodeUrlFilter.java:42)
	at org.springframework.web.filter.OncePerRequestFilter.doFilter(OncePerRequestFilter.java:116)
	at org.springframework.security.web.FilterChainProxy$VirtualFilterChain.doFilter(FilterChainProxy.java:374)
	at org.springframework.security.web.FilterChainProxy.doFilterInternal(FilterChainProxy.java:233)
	at org.springframework.security.web.FilterChainProxy.doFilter(FilterChainProxy.java:191)
	at org.springframework.web.filter.CompositeFilter$VirtualFilterChain.doFilter(CompositeFilter.java:113)
	at org.springframework.web.servlet.handler.HandlerMappingIntrospector.lambda$createCacheFilter$3(HandlerMappingIntrospector.java:195)
	at org.springframework.web.filter.CompositeFilter$VirtualFilterChain.doFilter(CompositeFilter.java:113)
	at org.springframework.web.filter.CompositeFilter.doFilter(CompositeFilter.java:74)
	at org.springframework.security.config.annotation.web.configuration.WebMvcSecurityConfiguration$CompositeFilterChainProxy.doFilter(WebMvcSecurityConfiguration.java:230)
	at org.springframework.web.filter.DelegatingFilterProxy.invokeDelegate(DelegatingFilterProxy.java:352)
	at org.springframework.web.filter.DelegatingFilterProxy.doFilter(DelegatingFilterProxy.java:268)
	at org.apache.catalina.core.ApplicationFilterChain.internalDoFilter(ApplicationFilterChain.java:164)
	at org.apache.catalina.core.ApplicationFilterChain.doFilter(ApplicationFilterChain.java:140)
	at org.springframework.web.filter.RequestContextFilter.doFilterInternal(RequestContextFilter.java:100)
	at org.springframework.web.filter.OncePerRequestFilter.doFilter(OncePerRequestFilter.java:116)
	at org.apache.catalina.core.ApplicationFilterChain.internalDoFilter(ApplicationFilterChain.java:164)
	at org.apache.catalina.core.ApplicationFilterChain.doFilter(ApplicationFilterChain.java:140)
	at org.springframework.web.filter.FormContentFilter.doFilterInternal(FormContentFilter.java:93)
	at org.springframework.web.filter.OncePerRequestFilter.doFilter(OncePerRequestFilter.java:116)
	at org.apache.catalina.core.ApplicationFilterChain.internalDoFilter(ApplicationFilterChain.java:164)
	at org.apache.catalina.core.ApplicationFilterChain.doFilter(ApplicationFilterChain.java:140)
	at org.springframework.web.filter.CharacterEncodingFilter.doFilterInternal(CharacterEncodingFilter.java:201)
	at org.springframework.web.filter.OncePerRequestFilter.doFilter(OncePerRequestFilter.java:116)
	at org.apache.catalina.core.ApplicationFilterChain.internalDoFilter(ApplicationFilterChain.java:164)
	at org.apache.catalina.core.ApplicationFilterChain.doFilter(ApplicationFilterChain.java:140)
	at org.apache.catalina.core.StandardWrapperValve.invoke(StandardWrapperValve.java:167)
	at org.apache.catalina.core.StandardContextValve.invoke(StandardContextValve.java:90)
	at org.apache.catalina.authenticator.AuthenticatorBase.invoke(AuthenticatorBase.java:483)
	at org.apache.catalina.core.StandardHostValve.invoke(StandardHostValve.java:115)
	at org.apache.catalina.valves.ErrorReportValve.invoke(ErrorReportValve.java:93)
	at org.apache.catalina.core.StandardEngineValve.invoke(StandardEngineValve.java:74)
	at org.apache.catalina.connector.CoyoteAdapter.service(CoyoteAdapter.java:344)
	at org.apache.coyote.http11.Http11Processor.service(Http11Processor.java:384)
	at org.apache.coyote.AbstractProcessorLight.process(AbstractProcessorLight.java:63)
	at org.apache.coyote.AbstractProtocol$ConnectionHandler.process(AbstractProtocol.java:904)
	at org.apache.tomcat.util.net.NioEndpoint$SocketProcessor.doRun(NioEndpoint.java:1741)
	at org.apache.tomcat.util.net.SocketProcessorBase.run(SocketProcessorBase.java:52)
	at org.apache.tomcat.util.threads.ThreadPoolExecutor.runWorker(ThreadPoolExecutor.java:1190)
	at org.apache.tomcat.util.threads.ThreadPoolExecutor$Worker.run(ThreadPoolExecutor.java:659)
	at org.apache.tomcat.util.threads.TaskThread$WrappingRunnable.run(TaskThread.java:63)
	at java.base/java.lang.Thread.run(Thread.java:1583)
2026-05-27 11:00:06 DEBUG o.s.s.w.a.DelegatingAuthenticationEntryPoint - Trying to match using And [Not [RequestHeaderRequestMatcher [expectedHeaderName=X-Requested-With, expectedHeaderValue=XMLHttpRequest]], Not [And [Or [Ant [pattern='/login'], Ant [pattern='/favicon.ico']], And [Not [RequestHeaderRequestMatcher [expectedHeaderName=X-Requested-With, expectedHeaderValue=XMLHttpRequest]], MediaTypeRequestMatcher [contentNegotiationStrategy=org.springframework.web.accept.ContentNegotiationManager@6afcfe58, matchingMediaTypes=[application/xhtml+xml, image/*, text/html, text/plain], useEquals=false, ignoredMediaTypes=[*/*]]]]], org.springframework.security.config.annotation.web.configurers.oauth2.client.OAuth2LoginConfigurer$$Lambda/0x000002d9c6a50000@996da4b]
2026-05-27 11:00:06 DEBUG o.s.s.w.a.DelegatingAuthenticationEntryPoint - Match found! Executing org.springframework.security.web.authentication.LoginUrlAuthenticationEntryPoint@5f524186
2026-05-27 11:00:06 DEBUG o.s.s.web.DefaultRedirectStrategy - Redirecting to http://localhost:8282/authService/oauth2/authorization/google
2026-05-27 11:00:06 TRACE o.s.s.w.h.writers.HstsHeaderWriter - Not injecting HSTS header since it did not match request to [Is Secure]
2026-05-27 11:00:06 TRACE o.s.security.web.FilterChainProxy - Trying to match request against DefaultSecurityFilterChain [RequestMatcher=any request, Filters=[org.springframework.security.web.session.DisableEncodeUrlFilter@d73609b, org.springframework.security.web.context.request.async.WebAsyncManagerIntegrationFilter@11db5359, org.springframework.security.web.context.SecurityContextHolderFilter@26c7617c, org.springframework.security.web.header.HeaderWriterFilter@43c7fe99, org.springframework.web.filter.CorsFilter@2adf3151, org.springframework.security.web.authentication.logout.LogoutFilter@1f08515, org.springframework.security.oauth2.client.web.OAuth2AuthorizationRequestRedirectFilter@70c91650, org.springframework.security.oauth2.client.web.OAuth2LoginAuthenticationFilter@2687566a, com.utiitsl.DMSAuthService.config.auth.JwtAuthFilter@7df44def, org.springframework.security.web.authentication.ui.DefaultLoginPageGeneratingFilter@b193bd0, org.springframework.security.web.authentication.ui.DefaultLogoutPageGeneratingFilter@610deb61, org.springframework.security.web.savedrequest.RequestCacheAwareFilter@5907ff08, org.springframework.security.web.servletapi.SecurityContextHolderAwareRequestFilter@3aef8a93, org.springframework.security.web.authentication.AnonymousAuthenticationFilter@77ec3863, org.springframework.security.web.session.SessionManagementFilter@733ec124, org.springframework.security.web.access.ExceptionTranslationFilter@575e007f, org.springframework.security.web.access.intercept.AuthorizationFilter@35b43b7b]] (1/1)
2026-05-27 11:00:06 DEBUG o.s.security.web.FilterChainProxy - Securing GET /oauth2/authorization/google
2026-05-27 11:00:06 TRACE o.s.security.web.FilterChainProxy - Invoking DisableEncodeUrlFilter (1/17)
2026-05-27 11:00:06 TRACE o.s.security.web.FilterChainProxy - Invoking WebAsyncManagerIntegrationFilter (2/17)
2026-05-27 11:00:06 TRACE o.s.security.web.FilterChainProxy - Invoking SecurityContextHolderFilter (3/17)
2026-05-27 11:00:06 TRACE o.s.security.web.FilterChainProxy - Invoking HeaderWriterFilter (4/17)
2026-05-27 11:00:06 TRACE o.s.security.web.FilterChainProxy - Invoking CorsFilter (5/17)
2026-05-27 11:00:06 TRACE o.s.security.web.FilterChainProxy - Invoking LogoutFilter (6/17)
2026-05-27 11:00:06 TRACE o.s.s.w.a.logout.LogoutFilter - Did not match request to Or [Ant [pattern='/logout', GET], Ant [pattern='/logout', POST], Ant [pattern='/logout', PUT], Ant [pattern='/logout', DELETE]]
2026-05-27 11:00:06 TRACE o.s.security.web.FilterChainProxy - Invoking OAuth2AuthorizationRequestRedirectFilter (7/17)
2026-05-27 11:00:06 DEBUG o.s.s.web.DefaultRedirectStrategy - Redirecting to https://accounts.google.com/o/oauth2/v2/auth?response_type=code&client_id=600473531643-oi3n07dnckl59ckqltksq55ggm0hpjm1.apps.googleusercontent.com&scope=openid%20profile%20email&state=oSJ9pAxjwRomh7TQT5UTG2rGOMynSqTtsCV1T_h534k%3D&redirect_uri=http://localhost:8282/authService/login/oauth2/code/google&nonce=BgJitCGYNuRoF5kdRveiQYMMvja_YnH0cQ9v0dlVqh0
2026-05-27 11:00:06 TRACE o.s.s.w.h.writers.HstsHeaderWriter - Not injecting HSTS header since it did not match request to [Is Secure]
2026-05-27 11:00:47 TRACE o.s.security.web.FilterChainProxy - Trying to match request against DefaultSecurityFilterChain [RequestMatcher=any request, Filters=[org.springframework.security.web.session.DisableEncodeUrlFilter@d73609b, org.springframework.security.web.context.request.async.WebAsyncManagerIntegrationFilter@11db5359, org.springframework.security.web.context.SecurityContextHolderFilter@26c7617c, org.springframework.security.web.header.HeaderWriterFilter@43c7fe99, org.springframework.web.filter.CorsFilter@2adf3151, org.springframework.security.web.authentication.logout.LogoutFilter@1f08515, org.springframework.security.oauth2.client.web.OAuth2AuthorizationRequestRedirectFilter@70c91650, org.springframework.security.oauth2.client.web.OAuth2LoginAuthenticationFilter@2687566a, com.utiitsl.DMSAuthService.config.auth.JwtAuthFilter@7df44def, org.springframework.security.web.authentication.ui.DefaultLoginPageGeneratingFilter@b193bd0, org.springframework.security.web.authentication.ui.DefaultLogoutPageGeneratingFilter@610deb61, org.springframework.security.web.savedrequest.RequestCacheAwareFilter@5907ff08, org.springframework.security.web.servletapi.SecurityContextHolderAwareRequestFilter@3aef8a93, org.springframework.security.web.authentication.AnonymousAuthenticationFilter@77ec3863, org.springframework.security.web.session.SessionManagementFilter@733ec124, org.springframework.security.web.access.ExceptionTranslationFilter@575e007f, org.springframework.security.web.access.intercept.AuthorizationFilter@35b43b7b]] (1/1)
2026-05-27 11:00:47 DEBUG o.s.security.web.FilterChainProxy - Securing GET /v1/admin
2026-05-27 11:00:47 TRACE o.s.security.web.FilterChainProxy - Invoking DisableEncodeUrlFilter (1/17)
2026-05-27 11:00:47 TRACE o.s.security.web.FilterChainProxy - Invoking WebAsyncManagerIntegrationFilter (2/17)
2026-05-27 11:00:47 TRACE o.s.security.web.FilterChainProxy - Invoking SecurityContextHolderFilter (3/17)
2026-05-27 11:00:47 TRACE o.s.security.web.FilterChainProxy - Invoking HeaderWriterFilter (4/17)
2026-05-27 11:00:47 TRACE o.s.security.web.FilterChainProxy - Invoking CorsFilter (5/17)
2026-05-27 11:00:47 TRACE o.s.security.web.FilterChainProxy - Invoking LogoutFilter (6/17)
2026-05-27 11:00:47 TRACE o.s.s.w.a.logout.LogoutFilter - Did not match request to Or [Ant [pattern='/logout', GET], Ant [pattern='/logout', POST], Ant [pattern='/logout', PUT], Ant [pattern='/logout', DELETE]]
2026-05-27 11:00:47 TRACE o.s.security.web.FilterChainProxy - Invoking OAuth2AuthorizationRequestRedirectFilter (7/17)
2026-05-27 11:00:47 TRACE o.s.security.web.FilterChainProxy - Invoking OAuth2LoginAuthenticationFilter (8/17)
2026-05-27 11:00:47 TRACE o.s.s.o.c.w.OAuth2LoginAuthenticationFilter - Did not match request to Ant [pattern='/login/oauth2/code/*']
2026-05-27 11:00:47 TRACE o.s.security.web.FilterChainProxy - Invoking JwtAuthFilter (9/17)
2026-05-27 11:00:47 TRACE o.s.security.web.FilterChainProxy - Invoking DefaultLoginPageGeneratingFilter (10/17)
2026-05-27 11:00:47 TRACE o.s.security.web.FilterChainProxy - Invoking DefaultLogoutPageGeneratingFilter (11/17)
2026-05-27 11:00:47 TRACE o.s.s.w.a.u.DefaultLogoutPageGeneratingFilter - Did not render default logout page since request did not match [Ant [pattern='/logout', GET]]
2026-05-27 11:00:47 TRACE o.s.security.web.FilterChainProxy - Invoking RequestCacheAwareFilter (12/17)
2026-05-27 11:00:47 TRACE o.s.security.web.FilterChainProxy - Invoking SecurityContextHolderAwareRequestFilter (13/17)
2026-05-27 11:00:47 TRACE o.s.security.web.FilterChainProxy - Invoking AnonymousAuthenticationFilter (14/17)
2026-05-27 11:00:47 TRACE o.s.security.web.FilterChainProxy - Invoking SessionManagementFilter (15/17)
2026-05-27 11:00:47 TRACE o.s.s.w.c.SupplierDeferredSecurityContext - Created SecurityContextImpl [Null authentication]
2026-05-27 11:00:47 TRACE o.s.s.w.a.AnonymousAuthenticationFilter - Set SecurityContextHolder to AnonymousAuthenticationToken [Principal=anonymousUser, Credentials=[PROTECTED], Authenticated=true, Details=WebAuthenticationDetails [RemoteIpAddress=0:0:0:0:0:0:0:1, SessionId=1B36A6315088C8B24E30310AB1732D0D], Granted Authorities=[ROLE_ANONYMOUS]]
2026-05-27 11:00:47 TRACE o.s.security.web.FilterChainProxy - Invoking ExceptionTranslationFilter (16/17)
2026-05-27 11:00:47 TRACE o.s.security.web.FilterChainProxy - Invoking AuthorizationFilter (17/17)
2026-05-27 11:00:47 TRACE o.s.s.w.a.i.RequestMatcherDelegatingAuthorizationManager - Authorizing GET /v1/admin
2026-05-27 11:00:47 TRACE o.s.s.w.a.i.RequestMatcherDelegatingAuthorizationManager - Checking authorization on GET /v1/admin using AuthorityAuthorizationManager[authorities=[ROLE_SUPREMEADMIN, ROLE_ADMIN, ROLE_SUPERADMIN]]
2026-05-27 11:00:47 TRACE o.s.s.w.a.ExceptionTranslationFilter - Sending AnonymousAuthenticationToken [Principal=anonymousUser, Credentials=[PROTECTED], Authenticated=true, Details=WebAuthenticationDetails [RemoteIpAddress=0:0:0:0:0:0:0:1, SessionId=1B36A6315088C8B24E30310AB1732D0D], Granted Authorities=[ROLE_ANONYMOUS]] to authentication entry point since access is denied
org.springframework.security.access.AccessDeniedException: Access Denied
	at org.springframework.security.web.access.intercept.AuthorizationFilter.doFilter(AuthorizationFilter.java:98)
	at org.springframework.security.web.FilterChainProxy$VirtualFilterChain.doFilter(FilterChainProxy.java:374)
	at org.springframework.security.web.access.ExceptionTranslationFilter.doFilter(ExceptionTranslationFilter.java:126)
	at org.springframework.security.web.access.ExceptionTranslationFilter.doFilter(ExceptionTranslationFilter.java:120)
	at org.springframework.security.web.FilterChainProxy$VirtualFilterChain.doFilter(FilterChainProxy.java:374)
	at org.springframework.security.web.session.SessionManagementFilter.doFilter(SessionManagementFilter.java:131)
	at org.springframework.security.web.session.SessionManagementFilter.doFilter(SessionManagementFilter.java:85)
	at org.springframework.security.web.FilterChainProxy$VirtualFilterChain.doFilter(FilterChainProxy.java:374)
	at org.springframework.security.web.authentication.AnonymousAuthenticationFilter.doFilter(AnonymousAuthenticationFilter.java:100)
	at org.springframework.security.web.FilterChainProxy$VirtualFilterChain.doFilter(FilterChainProxy.java:374)
	at org.springframework.security.web.servletapi.SecurityContextHolderAwareRequestFilter.doFilter(SecurityContextHolderAwareRequestFilter.java:179)
	at org.springframework.security.web.FilterChainProxy$VirtualFilterChain.doFilter(FilterChainProxy.java:374)
	at org.springframework.security.web.savedrequest.RequestCacheAwareFilter.doFilter(RequestCacheAwareFilter.java:63)
	at org.springframework.security.web.FilterChainProxy$VirtualFilterChain.doFilter(FilterChainProxy.java:374)
	at org.springframework.security.web.authentication.ui.DefaultLogoutPageGeneratingFilter.doFilterInternal(DefaultLogoutPageGeneratingFilter.java:58)
	at org.springframework.web.filter.OncePerRequestFilter.doFilter(OncePerRequestFilter.java:116)
	at org.springframework.security.web.FilterChainProxy$VirtualFilterChain.doFilter(FilterChainProxy.java:374)
	at org.springframework.security.web.authentication.ui.DefaultLoginPageGeneratingFilter.doFilter(DefaultLoginPageGeneratingFilter.java:189)
	at org.springframework.security.web.authentication.ui.DefaultLoginPageGeneratingFilter.doFilter(DefaultLoginPageGeneratingFilter.java:175)
	at org.springframework.security.web.FilterChainProxy$VirtualFilterChain.doFilter(FilterChainProxy.java:374)
	at com.utiitsl.DMSAuthService.config.auth.JwtAuthFilter.doFilterInternal(JwtAuthFilter.java:40)
	at org.springframework.web.filter.OncePerRequestFilter.doFilter(OncePerRequestFilter.java:116)
	at org.springframework.security.web.FilterChainProxy$VirtualFilterChain.doFilter(FilterChainProxy.java:374)
	at org.springframework.security.web.authentication.AbstractAuthenticationProcessingFilter.doFilter(AbstractAuthenticationProcessingFilter.java:227)
	at org.springframework.security.web.authentication.AbstractAuthenticationProcessingFilter.doFilter(AbstractAuthenticationProcessingFilter.java:221)
	at org.springframework.security.web.FilterChainProxy$VirtualFilterChain.doFilter(FilterChainProxy.java:374)
	at org.springframework.security.oauth2.client.web.OAuth2AuthorizationRequestRedirectFilter.doFilterInternal(OAuth2AuthorizationRequestRedirectFilter.java:181)
	at org.springframework.web.filter.OncePerRequestFilter.doFilter(OncePerRequestFilter.java:116)
	at org.springframework.security.web.FilterChainProxy$VirtualFilterChain.doFilter(FilterChainProxy.java:374)
	at org.springframework.security.web.authentication.logout.LogoutFilter.doFilter(LogoutFilter.java:107)
	at org.springframework.security.web.authentication.logout.LogoutFilter.doFilter(LogoutFilter.java:93)
	at org.springframework.security.web.FilterChainProxy$VirtualFilterChain.doFilter(FilterChainProxy.java:374)
	at org.springframework.web.filter.CorsFilter.doFilterInternal(CorsFilter.java:91)
	at org.springframework.web.filter.OncePerRequestFilter.doFilter(OncePerRequestFilter.java:116)
	at org.springframework.security.web.FilterChainProxy$VirtualFilterChain.doFilter(FilterChainProxy.java:374)
	at org.springframework.security.web.header.HeaderWriterFilter.doHeadersAfter(HeaderWriterFilter.java:90)
	at org.springframework.security.web.header.HeaderWriterFilter.doFilterInternal(HeaderWriterFilter.java:75)
	at org.springframework.web.filter.OncePerRequestFilter.doFilter(OncePerRequestFilter.java:116)
	at org.springframework.security.web.FilterChainProxy$VirtualFilterChain.doFilter(FilterChainProxy.java:374)
	at org.springframework.security.web.context.SecurityContextHolderFilter.doFilter(SecurityContextHolderFilter.java:82)
	at org.springframework.security.web.context.SecurityContextHolderFilter.doFilter(SecurityContextHolderFilter.java:69)
	at org.springframework.security.web.FilterChainProxy$VirtualFilterChain.doFilter(FilterChainProxy.java:374)
	at org.springframework.security.web.context.request.async.WebAsyncManagerIntegrationFilter.doFilterInternal(WebAsyncManagerIntegrationFilter.java:62)
	at org.springframework.web.filter.OncePerRequestFilter.doFilter(OncePerRequestFilter.java:116)
	at org.springframework.security.web.FilterChainProxy$VirtualFilterChain.doFilter(FilterChainProxy.java:374)
	at org.springframework.security.web.session.DisableEncodeUrlFilter.doFilterInternal(DisableEncodeUrlFilter.java:42)
	at org.springframework.web.filter.OncePerRequestFilter.doFilter(OncePerRequestFilter.java:116)
	at org.springframework.security.web.FilterChainProxy$VirtualFilterChain.doFilter(FilterChainProxy.java:374)
	at org.springframework.security.web.FilterChainProxy.doFilterInternal(FilterChainProxy.java:233)
	at org.springframework.security.web.FilterChainProxy.doFilter(FilterChainProxy.java:191)
	at org.springframework.web.filter.CompositeFilter$VirtualFilterChain.doFilter(CompositeFilter.java:113)
	at org.springframework.web.servlet.handler.HandlerMappingIntrospector.lambda$createCacheFilter$3(HandlerMappingIntrospector.java:195)
	at org.springframework.web.filter.CompositeFilter$VirtualFilterChain.doFilter(CompositeFilter.java:113)
	at org.springframework.web.filter.CompositeFilter.doFilter(CompositeFilter.java:74)
	at org.springframework.security.config.annotation.web.configuration.WebMvcSecurityConfiguration$CompositeFilterChainProxy.doFilter(WebMvcSecurityConfiguration.java:230)
	at org.springframework.web.filter.DelegatingFilterProxy.invokeDelegate(DelegatingFilterProxy.java:352)
	at org.springframework.web.filter.DelegatingFilterProxy.doFilter(DelegatingFilterProxy.java:268)
	at org.apache.catalina.core.ApplicationFilterChain.internalDoFilter(ApplicationFilterChain.java:164)
	at org.apache.catalina.core.ApplicationFilterChain.doFilter(ApplicationFilterChain.java:140)
	at org.springframework.web.filter.RequestContextFilter.doFilterInternal(RequestContextFilter.java:100)
	at org.springframework.web.filter.OncePerRequestFilter.doFilter(OncePerRequestFilter.java:116)
	at org.apache.catalina.core.ApplicationFilterChain.internalDoFilter(ApplicationFilterChain.java:164)
	at org.apache.catalina.core.ApplicationFilterChain.doFilter(ApplicationFilterChain.java:140)
	at org.springframework.web.filter.FormContentFilter.doFilterInternal(FormContentFilter.java:93)
	at org.springframework.web.filter.OncePerRequestFilter.doFilter(OncePerRequestFilter.java:116)
	at org.apache.catalina.core.ApplicationFilterChain.internalDoFilter(ApplicationFilterChain.java:164)
	at org.apache.catalina.core.ApplicationFilterChain.doFilter(ApplicationFilterChain.java:140)
	at org.springframework.web.filter.CharacterEncodingFilter.doFilterInternal(CharacterEncodingFilter.java:201)
	at org.springframework.web.filter.OncePerRequestFilter.doFilter(OncePerRequestFilter.java:116)
	at org.apache.catalina.core.ApplicationFilterChain.internalDoFilter(ApplicationFilterChain.java:164)
	at org.apache.catalina.core.ApplicationFilterChain.doFilter(ApplicationFilterChain.java:140)
	at org.apache.catalina.core.StandardWrapperValve.invoke(StandardWrapperValve.java:167)
	at org.apache.catalina.core.StandardContextValve.invoke(StandardContextValve.java:90)
	at org.apache.catalina.authenticator.AuthenticatorBase.invoke(AuthenticatorBase.java:483)
	at org.apache.catalina.core.StandardHostValve.invoke(StandardHostValve.java:115)
	at org.apache.catalina.valves.ErrorReportValve.invoke(ErrorReportValve.java:93)
	at org.apache.catalina.core.StandardEngineValve.invoke(StandardEngineValve.java:74)
	at org.apache.catalina.connector.CoyoteAdapter.service(CoyoteAdapter.java:344)
	at org.apache.coyote.http11.Http11Processor.service(Http11Processor.java:384)
	at org.apache.coyote.AbstractProcessorLight.process(AbstractProcessorLight.java:63)
	at org.apache.coyote.AbstractProtocol$ConnectionHandler.process(AbstractProtocol.java:904)
	at org.apache.tomcat.util.net.NioEndpoint$SocketProcessor.doRun(NioEndpoint.java:1741)
	at org.apache.tomcat.util.net.SocketProcessorBase.run(SocketProcessorBase.java:52)
	at org.apache.tomcat.util.threads.ThreadPoolExecutor.runWorker(ThreadPoolExecutor.java:1190)
	at org.apache.tomcat.util.threads.ThreadPoolExecutor$Worker.run(ThreadPoolExecutor.java:659)
	at org.apache.tomcat.util.threads.TaskThread$WrappingRunnable.run(TaskThread.java:63)
	at java.base/java.lang.Thread.run(Thread.java:1583)
2026-05-27 11:00:47 DEBUG o.s.s.w.a.DelegatingAuthenticationEntryPoint - Trying to match using And [Not [RequestHeaderRequestMatcher [expectedHeaderName=X-Requested-With, expectedHeaderValue=XMLHttpRequest]], Not [And [Or [Ant [pattern='/login'], Ant [pattern='/favicon.ico']], And [Not [RequestHeaderRequestMatcher [expectedHeaderName=X-Requested-With, expectedHeaderValue=XMLHttpRequest]], MediaTypeRequestMatcher [contentNegotiationStrategy=org.springframework.web.accept.ContentNegotiationManager@6afcfe58, matchingMediaTypes=[application/xhtml+xml, image/*, text/html, text/plain], useEquals=false, ignoredMediaTypes=[*/*]]]]], org.springframework.security.config.annotation.web.configurers.oauth2.client.OAuth2LoginConfigurer$$Lambda/0x000002d9c6a50000@996da4b]
2026-05-27 11:00:47 DEBUG o.s.s.w.a.DelegatingAuthenticationEntryPoint - Match found! Executing org.springframework.security.web.authentication.LoginUrlAuthenticationEntryPoint@5f524186
2026-05-27 11:00:47 DEBUG o.s.s.web.DefaultRedirectStrategy - Redirecting to http://localhost:8282/authService/oauth2/authorization/google
2026-05-27 11:00:47 TRACE o.s.s.w.h.writers.HstsHeaderWriter - Not injecting HSTS header since it did not match request to [Is Secure]
2026-05-27 11:00:47 TRACE o.s.security.web.FilterChainProxy - Trying to match request against DefaultSecurityFilterChain [RequestMatcher=any request, Filters=[org.springframework.security.web.session.DisableEncodeUrlFilter@d73609b, org.springframework.security.web.context.request.async.WebAsyncManagerIntegrationFilter@11db5359, org.springframework.security.web.context.SecurityContextHolderFilter@26c7617c, org.springframework.security.web.header.HeaderWriterFilter@43c7fe99, org.springframework.web.filter.CorsFilter@2adf3151, org.springframework.security.web.authentication.logout.LogoutFilter@1f08515, org.springframework.security.oauth2.client.web.OAuth2AuthorizationRequestRedirectFilter@70c91650, org.springframework.security.oauth2.client.web.OAuth2LoginAuthenticationFilter@2687566a, com.utiitsl.DMSAuthService.config.auth.JwtAuthFilter@7df44def, org.springframework.security.web.authentication.ui.DefaultLoginPageGeneratingFilter@b193bd0, org.springframework.security.web.authentication.ui.DefaultLogoutPageGeneratingFilter@610deb61, org.springframework.security.web.savedrequest.RequestCacheAwareFilter@5907ff08, org.springframework.security.web.servletapi.SecurityContextHolderAwareRequestFilter@3aef8a93, org.springframework.security.web.authentication.AnonymousAuthenticationFilter@77ec3863, org.springframework.security.web.session.SessionManagementFilter@733ec124, org.springframework.security.web.access.ExceptionTranslationFilter@575e007f, org.springframework.security.web.access.intercept.AuthorizationFilter@35b43b7b]] (1/1)
2026-05-27 11:00:47 DEBUG o.s.security.web.FilterChainProxy - Securing GET /oauth2/authorization/google
2026-05-27 11:00:47 TRACE o.s.security.web.FilterChainProxy - Invoking DisableEncodeUrlFilter (1/17)
2026-05-27 11:00:47 TRACE o.s.security.web.FilterChainProxy - Invoking WebAsyncManagerIntegrationFilter (2/17)
2026-05-27 11:00:47 TRACE o.s.security.web.FilterChainProxy - Invoking SecurityContextHolderFilter (3/17)
2026-05-27 11:00:47 TRACE o.s.security.web.FilterChainProxy - Invoking HeaderWriterFilter (4/17)
2026-05-27 11:00:47 TRACE o.s.security.web.FilterChainProxy - Invoking CorsFilter (5/17)
2026-05-27 11:00:47 TRACE o.s.security.web.FilterChainProxy - Invoking LogoutFilter (6/17)
2026-05-27 11:00:47 TRACE o.s.s.w.a.logout.LogoutFilter - Did not match request to Or [Ant [pattern='/logout', GET], Ant [pattern='/logout', POST], Ant [pattern='/logout', PUT], Ant [pattern='/logout', DELETE]]
2026-05-27 11:00:47 TRACE o.s.security.web.FilterChainProxy - Invoking OAuth2AuthorizationRequestRedirectFilter (7/17)
2026-05-27 11:00:47 DEBUG o.s.s.web.DefaultRedirectStrategy - Redirecting to https://accounts.google.com/o/oauth2/v2/auth?response_type=code&client_id=600473531643-oi3n07dnckl59ckqltksq55ggm0hpjm1.apps.googleusercontent.com&scope=openid%20profile%20email&state=9g77M_EzcdiWoAC0pJYZ7F5plpxNgySyjPsc9MP7EWc%3D&redirect_uri=http://localhost:8282/authService/login/oauth2/code/google&nonce=TZzFNhTRPU8oZ_xIJjaTtH_X-iZhKgYUTC7SLm1-x_E
2026-05-27 11:00:47 TRACE o.s.s.w.h.writers.HstsHeaderWriter - Not injecting HSTS header since it did not match request to [Is Secure]
2026-05-27 11:01:21 TRACE o.s.security.web.FilterChainProxy - Trying to match request against DefaultSecurityFilterChain [RequestMatcher=any request, Filters=[org.springframework.security.web.session.DisableEncodeUrlFilter@d73609b, org.springframework.security.web.context.request.async.WebAsyncManagerIntegrationFilter@11db5359, org.springframework.security.web.context.SecurityContextHolderFilter@26c7617c, org.springframework.security.web.header.HeaderWriterFilter@43c7fe99, org.springframework.web.filter.CorsFilter@2adf3151, org.springframework.security.web.authentication.logout.LogoutFilter@1f08515, org.springframework.security.oauth2.client.web.OAuth2AuthorizationRequestRedirectFilter@70c91650, org.springframework.security.oauth2.client.web.OAuth2LoginAuthenticationFilter@2687566a, com.utiitsl.DMSAuthService.config.auth.JwtAuthFilter@7df44def, org.springframework.security.web.authentication.ui.DefaultLoginPageGeneratingFilter@b193bd0, org.springframework.security.web.authentication.ui.DefaultLogoutPageGeneratingFilter@610deb61, org.springframework.security.web.savedrequest.RequestCacheAwareFilter@5907ff08, org.springframework.security.web.servletapi.SecurityContextHolderAwareRequestFilter@3aef8a93, org.springframework.security.web.authentication.AnonymousAuthenticationFilter@77ec3863, org.springframework.security.web.session.SessionManagementFilter@733ec124, org.springframework.security.web.access.ExceptionTranslationFilter@575e007f, org.springframework.security.web.access.intercept.AuthorizationFilter@35b43b7b]] (1/1)
2026-05-27 11:01:21 DEBUG o.s.security.web.FilterChainProxy - Securing GET /v1/admin/adminMessage
2026-05-27 11:01:21 TRACE o.s.security.web.FilterChainProxy - Invoking DisableEncodeUrlFilter (1/17)
2026-05-27 11:01:21 TRACE o.s.security.web.FilterChainProxy - Invoking WebAsyncManagerIntegrationFilter (2/17)
2026-05-27 11:01:21 TRACE o.s.security.web.FilterChainProxy - Invoking SecurityContextHolderFilter (3/17)
2026-05-27 11:01:21 TRACE o.s.security.web.FilterChainProxy - Invoking HeaderWriterFilter (4/17)
2026-05-27 11:01:21 TRACE o.s.security.web.FilterChainProxy - Invoking CorsFilter (5/17)
2026-05-27 11:01:21 TRACE o.s.security.web.FilterChainProxy - Invoking LogoutFilter (6/17)
2026-05-27 11:01:21 TRACE o.s.s.w.a.logout.LogoutFilter - Did not match request to Or [Ant [pattern='/logout', GET], Ant [pattern='/logout', POST], Ant [pattern='/logout', PUT], Ant [pattern='/logout', DELETE]]
2026-05-27 11:01:21 TRACE o.s.security.web.FilterChainProxy - Invoking OAuth2AuthorizationRequestRedirectFilter (7/17)
2026-05-27 11:01:21 TRACE o.s.security.web.FilterChainProxy - Invoking OAuth2LoginAuthenticationFilter (8/17)
2026-05-27 11:01:21 TRACE o.s.s.o.c.w.OAuth2LoginAuthenticationFilter - Did not match request to Ant [pattern='/login/oauth2/code/*']
2026-05-27 11:01:21 TRACE o.s.security.web.FilterChainProxy - Invoking JwtAuthFilter (9/17)
2026-05-27 11:01:21 TRACE o.s.security.web.FilterChainProxy - Invoking DefaultLoginPageGeneratingFilter (10/17)
2026-05-27 11:01:21 TRACE o.s.security.web.FilterChainProxy - Invoking DefaultLogoutPageGeneratingFilter (11/17)
2026-05-27 11:01:21 TRACE o.s.s.w.a.u.DefaultLogoutPageGeneratingFilter - Did not render default logout page since request did not match [Ant [pattern='/logout', GET]]
2026-05-27 11:01:21 TRACE o.s.security.web.FilterChainProxy - Invoking RequestCacheAwareFilter (12/17)
2026-05-27 11:01:21 TRACE o.s.security.web.FilterChainProxy - Invoking SecurityContextHolderAwareRequestFilter (13/17)
2026-05-27 11:01:21 TRACE o.s.security.web.FilterChainProxy - Invoking AnonymousAuthenticationFilter (14/17)
2026-05-27 11:01:21 TRACE o.s.security.web.FilterChainProxy - Invoking SessionManagementFilter (15/17)
2026-05-27 11:01:21 TRACE o.s.s.w.c.SupplierDeferredSecurityContext - Created SecurityContextImpl [Null authentication]
2026-05-27 11:01:21 TRACE o.s.s.w.a.AnonymousAuthenticationFilter - Set SecurityContextHolder to AnonymousAuthenticationToken [Principal=anonymousUser, Credentials=[PROTECTED], Authenticated=true, Details=WebAuthenticationDetails [RemoteIpAddress=0:0:0:0:0:0:0:1, SessionId=1B36A6315088C8B24E30310AB1732D0D], Granted Authorities=[ROLE_ANONYMOUS]]
2026-05-27 11:01:21 TRACE o.s.security.web.FilterChainProxy - Invoking ExceptionTranslationFilter (16/17)
2026-05-27 11:01:21 TRACE o.s.security.web.FilterChainProxy - Invoking AuthorizationFilter (17/17)
2026-05-27 11:01:21 TRACE o.s.s.w.a.i.RequestMatcherDelegatingAuthorizationManager - Authorizing GET /v1/admin/adminMessage
2026-05-27 11:01:21 TRACE o.s.s.w.a.i.RequestMatcherDelegatingAuthorizationManager - Checking authorization on GET /v1/admin/adminMessage using AuthorityAuthorizationManager[authorities=[ROLE_SUPREMEADMIN, ROLE_ADMIN, ROLE_SUPERADMIN]]
2026-05-27 11:01:21 TRACE o.s.s.w.a.ExceptionTranslationFilter - Sending AnonymousAuthenticationToken [Principal=anonymousUser, Credentials=[PROTECTED], Authenticated=true, Details=WebAuthenticationDetails [RemoteIpAddress=0:0:0:0:0:0:0:1, SessionId=1B36A6315088C8B24E30310AB1732D0D], Granted Authorities=[ROLE_ANONYMOUS]] to authentication entry point since access is denied
org.springframework.security.access.AccessDeniedException: Access Denied
	at org.springframework.security.web.access.intercept.AuthorizationFilter.doFilter(AuthorizationFilter.java:98)
	at org.springframework.security.web.FilterChainProxy$VirtualFilterChain.doFilter(FilterChainProxy.java:374)
	at org.springframework.security.web.access.ExceptionTranslationFilter.doFilter(ExceptionTranslationFilter.java:126)
	at org.springframework.security.web.access.ExceptionTranslationFilter.doFilter(ExceptionTranslationFilter.java:120)
	at org.springframework.security.web.FilterChainProxy$VirtualFilterChain.doFilter(FilterChainProxy.java:374)
	at org.springframework.security.web.session.SessionManagementFilter.doFilter(SessionManagementFilter.java:131)
	at org.springframework.security.web.session.SessionManagementFilter.doFilter(SessionManagementFilter.java:85)
	at org.springframework.security.web.FilterChainProxy$VirtualFilterChain.doFilter(FilterChainProxy.java:374)
	at org.springframework.security.web.authentication.AnonymousAuthenticationFilter.doFilter(AnonymousAuthenticationFilter.java:100)
	at org.springframework.security.web.FilterChainProxy$VirtualFilterChain.doFilter(FilterChainProxy.java:374)
	at org.springframework.security.web.servletapi.SecurityContextHolderAwareRequestFilter.doFilter(SecurityContextHolderAwareRequestFilter.java:179)
	at org.springframework.security.web.FilterChainProxy$VirtualFilterChain.doFilter(FilterChainProxy.java:374)
	at org.springframework.security.web.savedrequest.RequestCacheAwareFilter.doFilter(RequestCacheAwareFilter.java:63)
	at org.springframework.security.web.FilterChainProxy$VirtualFilterChain.doFilter(FilterChainProxy.java:374)
	at org.springframework.security.web.authentication.ui.DefaultLogoutPageGeneratingFilter.doFilterInternal(DefaultLogoutPageGeneratingFilter.java:58)
	at org.springframework.web.filter.OncePerRequestFilter.doFilter(OncePerRequestFilter.java:116)
	at org.springframework.security.web.FilterChainProxy$VirtualFilterChain.doFilter(FilterChainProxy.java:374)
	at org.springframework.security.web.authentication.ui.DefaultLoginPageGeneratingFilter.doFilter(DefaultLoginPageGeneratingFilter.java:189)
	at org.springframework.security.web.authentication.ui.DefaultLoginPageGeneratingFilter.doFilter(DefaultLoginPageGeneratingFilter.java:175)
	at org.springframework.security.web.FilterChainProxy$VirtualFilterChain.doFilter(FilterChainProxy.java:374)
	at com.utiitsl.DMSAuthService.config.auth.JwtAuthFilter.doFilterInternal(JwtAuthFilter.java:40)
	at org.springframework.web.filter.OncePerRequestFilter.doFilter(OncePerRequestFilter.java:116)
	at org.springframework.security.web.FilterChainProxy$VirtualFilterChain.doFilter(FilterChainProxy.java:374)
	at org.springframework.security.web.authentication.AbstractAuthenticationProcessingFilter.doFilter(AbstractAuthenticationProcessingFilter.java:227)
	at org.springframework.security.web.authentication.AbstractAuthenticationProcessingFilter.doFilter(AbstractAuthenticationProcessingFilter.java:221)
	at org.springframework.security.web.FilterChainProxy$VirtualFilterChain.doFilter(FilterChainProxy.java:374)
	at org.springframework.security.oauth2.client.web.OAuth2AuthorizationRequestRedirectFilter.doFilterInternal(OAuth2AuthorizationRequestRedirectFilter.java:181)
	at org.springframework.web.filter.OncePerRequestFilter.doFilter(OncePerRequestFilter.java:116)
	at org.springframework.security.web.FilterChainProxy$VirtualFilterChain.doFilter(FilterChainProxy.java:374)
	at org.springframework.security.web.authentication.logout.LogoutFilter.doFilter(LogoutFilter.java:107)
	at org.springframework.security.web.authentication.logout.LogoutFilter.doFilter(LogoutFilter.java:93)
	at org.springframework.security.web.FilterChainProxy$VirtualFilterChain.doFilter(FilterChainProxy.java:374)
	at org.springframework.web.filter.CorsFilter.doFilterInternal(CorsFilter.java:91)
	at org.springframework.web.filter.OncePerRequestFilter.doFilter(OncePerRequestFilter.java:116)
	at org.springframework.security.web.FilterChainProxy$VirtualFilterChain.doFilter(FilterChainProxy.java:374)
	at org.springframework.security.web.header.HeaderWriterFilter.doHeadersAfter(HeaderWriterFilter.java:90)
	at org.springframework.security.web.header.HeaderWriterFilter.doFilterInternal(HeaderWriterFilter.java:75)
	at org.springframework.web.filter.OncePerRequestFilter.doFilter(OncePerRequestFilter.java:116)
	at org.springframework.security.web.FilterChainProxy$VirtualFilterChain.doFilter(FilterChainProxy.java:374)
	at org.springframework.security.web.context.SecurityContextHolderFilter.doFilter(SecurityContextHolderFilter.java:82)
	at org.springframework.security.web.context.SecurityContextHolderFilter.doFilter(SecurityContextHolderFilter.java:69)
	at org.springframework.security.web.FilterChainProxy$VirtualFilterChain.doFilter(FilterChainProxy.java:374)
	at org.springframework.security.web.context.request.async.WebAsyncManagerIntegrationFilter.doFilterInternal(WebAsyncManagerIntegrationFilter.java:62)
	at org.springframework.web.filter.OncePerRequestFilter.doFilter(OncePerRequestFilter.java:116)
	at org.springframework.security.web.FilterChainProxy$VirtualFilterChain.doFilter(FilterChainProxy.java:374)
	at org.springframework.security.web.session.DisableEncodeUrlFilter.doFilterInternal(DisableEncodeUrlFilter.java:42)
	at org.springframework.web.filter.OncePerRequestFilter.doFilter(OncePerRequestFilter.java:116)
	at org.springframework.security.web.FilterChainProxy$VirtualFilterChain.doFilter(FilterChainProxy.java:374)
	at org.springframework.security.web.FilterChainProxy.doFilterInternal(FilterChainProxy.java:233)
	at org.springframework.security.web.FilterChainProxy.doFilter(FilterChainProxy.java:191)
	at org.springframework.web.filter.CompositeFilter$VirtualFilterChain.doFilter(CompositeFilter.java:113)
	at org.springframework.web.servlet.handler.HandlerMappingIntrospector.lambda$createCacheFilter$3(HandlerMappingIntrospector.java:195)
	at org.springframework.web.filter.CompositeFilter$VirtualFilterChain.doFilter(CompositeFilter.java:113)
	at org.springframework.web.filter.CompositeFilter.doFilter(CompositeFilter.java:74)
	at org.springframework.security.config.annotation.web.configuration.WebMvcSecurityConfiguration$CompositeFilterChainProxy.doFilter(WebMvcSecurityConfiguration.java:230)
	at org.springframework.web.filter.DelegatingFilterProxy.invokeDelegate(DelegatingFilterProxy.java:352)
	at org.springframework.web.filter.DelegatingFilterProxy.doFilter(DelegatingFilterProxy.java:268)
	at org.apache.catalina.core.ApplicationFilterChain.internalDoFilter(ApplicationFilterChain.java:164)
	at org.apache.catalina.core.ApplicationFilterChain.doFilter(ApplicationFilterChain.java:140)
	at org.springframework.web.filter.RequestContextFilter.doFilterInternal(RequestContextFilter.java:100)
	at org.springframework.web.filter.OncePerRequestFilter.doFilter(OncePerRequestFilter.java:116)
	at org.apache.catalina.core.ApplicationFilterChain.internalDoFilter(ApplicationFilterChain.java:164)
	at org.apache.catalina.core.ApplicationFilterChain.doFilter(ApplicationFilterChain.java:140)
	at org.springframework.web.filter.FormContentFilter.doFilterInternal(FormContentFilter.java:93)
	at org.springframework.web.filter.OncePerRequestFilter.doFilter(OncePerRequestFilter.java:116)
	at org.apache.catalina.core.ApplicationFilterChain.internalDoFilter(ApplicationFilterChain.java:164)
	at org.apache.catalina.core.ApplicationFilterChain.doFilter(ApplicationFilterChain.java:140)
	at org.springframework.web.filter.CharacterEncodingFilter.doFilterInternal(CharacterEncodingFilter.java:201)
	at org.springframework.web.filter.OncePerRequestFilter.doFilter(OncePerRequestFilter.java:116)
	at org.apache.catalina.core.ApplicationFilterChain.internalDoFilter(ApplicationFilterChain.java:164)
	at org.apache.catalina.core.ApplicationFilterChain.doFilter(ApplicationFilterChain.java:140)
	at org.apache.catalina.core.StandardWrapperValve.invoke(StandardWrapperValve.java:167)
	at org.apache.catalina.core.StandardContextValve.invoke(StandardContextValve.java:90)
	at org.apache.catalina.authenticator.AuthenticatorBase.invoke(AuthenticatorBase.java:483)
	at org.apache.catalina.core.StandardHostValve.invoke(StandardHostValve.java:115)
	at org.apache.catalina.valves.ErrorReportValve.invoke(ErrorReportValve.java:93)
	at org.apache.catalina.core.StandardEngineValve.invoke(StandardEngineValve.java:74)
	at org.apache.catalina.connector.CoyoteAdapter.service(CoyoteAdapter.java:344)
	at org.apache.coyote.http11.Http11Processor.service(Http11Processor.java:384)
	at org.apache.coyote.AbstractProcessorLight.process(AbstractProcessorLight.java:63)
	at org.apache.coyote.AbstractProtocol$ConnectionHandler.process(AbstractProtocol.java:904)
	at org.apache.tomcat.util.net.NioEndpoint$SocketProcessor.doRun(NioEndpoint.java:1741)
	at org.apache.tomcat.util.net.SocketProcessorBase.run(SocketProcessorBase.java:52)
	at org.apache.tomcat.util.threads.ThreadPoolExecutor.runWorker(ThreadPoolExecutor.java:1190)
	at org.apache.tomcat.util.threads.ThreadPoolExecutor$Worker.run(ThreadPoolExecutor.java:659)
	at org.apache.tomcat.util.threads.TaskThread$WrappingRunnable.run(TaskThread.java:63)
	at java.base/java.lang.Thread.run(Thread.java:1583)
2026-05-27 11:01:21 DEBUG o.s.s.w.a.DelegatingAuthenticationEntryPoint - Trying to match using And [Not [RequestHeaderRequestMatcher [expectedHeaderName=X-Requested-With, expectedHeaderValue=XMLHttpRequest]], Not [And [Or [Ant [pattern='/login'], Ant [pattern='/favicon.ico']], And [Not [RequestHeaderRequestMatcher [expectedHeaderName=X-Requested-With, expectedHeaderValue=XMLHttpRequest]], MediaTypeRequestMatcher [contentNegotiationStrategy=org.springframework.web.accept.ContentNegotiationManager@6afcfe58, matchingMediaTypes=[application/xhtml+xml, image/*, text/html, text/plain], useEquals=false, ignoredMediaTypes=[*/*]]]]], org.springframework.security.config.annotation.web.configurers.oauth2.client.OAuth2LoginConfigurer$$Lambda/0x000002d9c6a50000@996da4b]
2026-05-27 11:01:21 DEBUG o.s.s.w.a.DelegatingAuthenticationEntryPoint - Match found! Executing org.springframework.security.web.authentication.LoginUrlAuthenticationEntryPoint@5f524186
2026-05-27 11:01:21 DEBUG o.s.s.web.DefaultRedirectStrategy - Redirecting to http://localhost:8282/authService/oauth2/authorization/google
2026-05-27 11:01:21 TRACE o.s.s.w.h.writers.HstsHeaderWriter - Not injecting HSTS header since it did not match request to [Is Secure]
2026-05-27 11:01:21 TRACE o.s.security.web.FilterChainProxy - Trying to match request against DefaultSecurityFilterChain [RequestMatcher=any request, Filters=[org.springframework.security.web.session.DisableEncodeUrlFilter@d73609b, org.springframework.security.web.context.request.async.WebAsyncManagerIntegrationFilter@11db5359, org.springframework.security.web.context.SecurityContextHolderFilter@26c7617c, org.springframework.security.web.header.HeaderWriterFilter@43c7fe99, org.springframework.web.filter.CorsFilter@2adf3151, org.springframework.security.web.authentication.logout.LogoutFilter@1f08515, org.springframework.security.oauth2.client.web.OAuth2AuthorizationRequestRedirectFilter@70c91650, org.springframework.security.oauth2.client.web.OAuth2LoginAuthenticationFilter@2687566a, com.utiitsl.DMSAuthService.config.auth.JwtAuthFilter@7df44def, org.springframework.security.web.authentication.ui.DefaultLoginPageGeneratingFilter@b193bd0, org.springframework.security.web.authentication.ui.DefaultLogoutPageGeneratingFilter@610deb61, org.springframework.security.web.savedrequest.RequestCacheAwareFilter@5907ff08, org.springframework.security.web.servletapi.SecurityContextHolderAwareRequestFilter@3aef8a93, org.springframework.security.web.authentication.AnonymousAuthenticationFilter@77ec3863, org.springframework.security.web.session.SessionManagementFilter@733ec124, org.springframework.security.web.access.ExceptionTranslationFilter@575e007f, org.springframework.security.web.access.intercept.AuthorizationFilter@35b43b7b]] (1/1)
2026-05-27 11:01:21 DEBUG o.s.security.web.FilterChainProxy - Securing GET /oauth2/authorization/google
2026-05-27 11:01:21 TRACE o.s.security.web.FilterChainProxy - Invoking DisableEncodeUrlFilter (1/17)
2026-05-27 11:01:21 TRACE o.s.security.web.FilterChainProxy - Invoking WebAsyncManagerIntegrationFilter (2/17)
2026-05-27 11:01:21 TRACE o.s.security.web.FilterChainProxy - Invoking SecurityContextHolderFilter (3/17)
2026-05-27 11:01:21 TRACE o.s.security.web.FilterChainProxy - Invoking HeaderWriterFilter (4/17)
2026-05-27 11:01:21 TRACE o.s.security.web.FilterChainProxy - Invoking CorsFilter (5/17)
2026-05-27 11:01:21 TRACE o.s.security.web.FilterChainProxy - Invoking LogoutFilter (6/17)
2026-05-27 11:01:21 TRACE o.s.s.w.a.logout.LogoutFilter - Did not match request to Or [Ant [pattern='/logout', GET], Ant [pattern='/logout', POST], Ant [pattern='/logout', PUT], Ant [pattern='/logout', DELETE]]
2026-05-27 11:01:21 TRACE o.s.security.web.FilterChainProxy - Invoking OAuth2AuthorizationRequestRedirectFilter (7/17)
2026-05-27 11:01:21 DEBUG o.s.s.web.DefaultRedirectStrategy - Redirecting to https://accounts.google.com/o/oauth2/v2/auth?response_type=code&client_id=600473531643-oi3n07dnckl59ckqltksq55ggm0hpjm1.apps.googleusercontent.com&scope=openid%20profile%20email&state=2vDtiZ9EG7e3jLOIYceUqgvicGfSWB-hj4GpHunYr8s%3D&redirect_uri=http://localhost:8282/authService/login/oauth2/code/google&nonce=kFUHuLFuainNnigeIVCBDDDzt0ts5B6akwN-FyWsyZI
2026-05-27 11:01:21 TRACE o.s.s.w.h.writers.HstsHeaderWriter - Not injecting HSTS header since it did not match request to [Is Secure]
2026-05-27 11:02:50 TRACE o.s.security.web.FilterChainProxy - Trying to match request against DefaultSecurityFilterChain [RequestMatcher=any request, Filters=[org.springframework.security.web.session.DisableEncodeUrlFilter@d73609b, org.springframework.security.web.context.request.async.WebAsyncManagerIntegrationFilter@11db5359, org.springframework.security.web.context.SecurityContextHolderFilter@26c7617c, org.springframework.security.web.header.HeaderWriterFilter@43c7fe99, org.springframework.web.filter.CorsFilter@2adf3151, org.springframework.security.web.authentication.logout.LogoutFilter@1f08515, org.springframework.security.oauth2.client.web.OAuth2AuthorizationRequestRedirectFilter@70c91650, org.springframework.security.oauth2.client.web.OAuth2LoginAuthenticationFilter@2687566a, com.utiitsl.DMSAuthService.config.auth.JwtAuthFilter@7df44def, org.springframework.security.web.authentication.ui.DefaultLoginPageGeneratingFilter@b193bd0, org.springframework.security.web.authentication.ui.DefaultLogoutPageGeneratingFilter@610deb61, org.springframework.security.web.savedrequest.RequestCacheAwareFilter@5907ff08, org.springframework.security.web.servletapi.SecurityContextHolderAwareRequestFilter@3aef8a93, org.springframework.security.web.authentication.AnonymousAuthenticationFilter@77ec3863, org.springframework.security.web.session.SessionManagementFilter@733ec124, org.springframework.security.web.access.ExceptionTranslationFilter@575e007f, org.springframework.security.web.access.intercept.AuthorizationFilter@35b43b7b]] (1/1)
2026-05-27 11:02:50 DEBUG o.s.security.web.FilterChainProxy - Securing GET /v1/admin/adminMessage
2026-05-27 11:02:50 TRACE o.s.security.web.FilterChainProxy - Invoking DisableEncodeUrlFilter (1/17)
2026-05-27 11:02:50 TRACE o.s.security.web.FilterChainProxy - Invoking WebAsyncManagerIntegrationFilter (2/17)
2026-05-27 11:02:50 TRACE o.s.security.web.FilterChainProxy - Invoking SecurityContextHolderFilter (3/17)
2026-05-27 11:02:50 TRACE o.s.security.web.FilterChainProxy - Invoking HeaderWriterFilter (4/17)
2026-05-27 11:02:50 TRACE o.s.security.web.FilterChainProxy - Invoking CorsFilter (5/17)
2026-05-27 11:02:50 TRACE o.s.security.web.FilterChainProxy - Invoking LogoutFilter (6/17)
2026-05-27 11:02:50 TRACE o.s.s.w.a.logout.LogoutFilter - Did not match request to Or [Ant [pattern='/logout', GET], Ant [pattern='/logout', POST], Ant [pattern='/logout', PUT], Ant [pattern='/logout', DELETE]]
2026-05-27 11:02:50 TRACE o.s.security.web.FilterChainProxy - Invoking OAuth2AuthorizationRequestRedirectFilter (7/17)
2026-05-27 11:02:50 TRACE o.s.security.web.FilterChainProxy - Invoking OAuth2LoginAuthenticationFilter (8/17)
2026-05-27 11:02:50 TRACE o.s.s.o.c.w.OAuth2LoginAuthenticationFilter - Did not match request to Ant [pattern='/login/oauth2/code/*']
2026-05-27 11:02:50 TRACE o.s.security.web.FilterChainProxy - Invoking JwtAuthFilter (9/17)
2026-05-27 11:02:50 TRACE o.s.s.w.c.SupplierDeferredSecurityContext - Created SecurityContextImpl [Null authentication]
2026-05-27 11:02:50 TRACE o.s.security.web.FilterChainProxy - Invoking DefaultLoginPageGeneratingFilter (10/17)
2026-05-27 11:02:50 TRACE o.s.security.web.FilterChainProxy - Invoking DefaultLogoutPageGeneratingFilter (11/17)
2026-05-27 11:02:50 TRACE o.s.s.w.a.u.DefaultLogoutPageGeneratingFilter - Did not render default logout page since request did not match [Ant [pattern='/logout', GET]]
2026-05-27 11:02:50 TRACE o.s.security.web.FilterChainProxy - Invoking RequestCacheAwareFilter (12/17)
2026-05-27 11:02:50 TRACE o.s.security.web.FilterChainProxy - Invoking SecurityContextHolderAwareRequestFilter (13/17)
2026-05-27 11:02:50 TRACE o.s.security.web.FilterChainProxy - Invoking AnonymousAuthenticationFilter (14/17)
2026-05-27 11:02:50 TRACE o.s.security.web.FilterChainProxy - Invoking SessionManagementFilter (15/17)
2026-05-27 11:02:50 TRACE o.s.s.w.a.AnonymousAuthenticationFilter - Did not set SecurityContextHolder since already authenticated UsernamePasswordAuthenticationToken [Principal=User(id=3, username=john_carter, password=$2a$10$WZeHKAsW87gHdU3jw4TnReQkkv8HhUcK4JNTbMbomisyRW4V5s1fq, email=johncarter3314@gmail.com, firstName=John, lastName=Carter, originalPassword=john_carter, activeStatus=true, role=ADMIN, mobileNo=1234567890), Credentials=[PROTECTED], Authenticated=true, Details=WebAuthenticationDetails [RemoteIpAddress=0:0:0:0:0:0:0:1, SessionId=1B36A6315088C8B24E30310AB1732D0D], Granted Authorities=[admin:delete, admin:update, admin:create, admin:read, ROLE_ADMIN]]
2026-05-27 11:02:50 TRACE o.s.s.w.a.s.CompositeSessionAuthenticationStrategy - Preparing session with ChangeSessionIdAuthenticationStrategy (1/1)
2026-05-27 11:02:50 DEBUG o.s.s.w.a.s.ChangeSessionIdAuthenticationStrategy - Changed session id from 1B36A6315088C8B24E30310AB1732D0D
2026-05-27 11:02:50 TRACE o.s.security.web.FilterChainProxy - Invoking ExceptionTranslationFilter (16/17)
2026-05-27 11:02:50 TRACE o.s.security.web.FilterChainProxy - Invoking AuthorizationFilter (17/17)
2026-05-27 11:02:50 TRACE o.s.s.w.a.i.RequestMatcherDelegatingAuthorizationManager - Authorizing GET /v1/admin/adminMessage
2026-05-27 11:02:50 TRACE o.s.s.w.a.i.RequestMatcherDelegatingAuthorizationManager - Checking authorization on GET /v1/admin/adminMessage using AuthorityAuthorizationManager[authorities=[ROLE_SUPREMEADMIN, ROLE_ADMIN, ROLE_SUPERADMIN]]
2026-05-27 11:02:50 DEBUG o.s.security.web.FilterChainProxy - Secured GET /v1/admin/adminMessage
2026-05-27 11:02:50 TRACE o.s.s.w.h.writers.HstsHeaderWriter - Not injecting HSTS header since it did not match request to [Is Secure]
2026-05-27 11:03:28 TRACE o.s.security.web.FilterChainProxy - Trying to match request against DefaultSecurityFilterChain [RequestMatcher=any request, Filters=[org.springframework.security.web.session.DisableEncodeUrlFilter@d73609b, org.springframework.security.web.context.request.async.WebAsyncManagerIntegrationFilter@11db5359, org.springframework.security.web.context.SecurityContextHolderFilter@26c7617c, org.springframework.security.web.header.HeaderWriterFilter@43c7fe99, org.springframework.web.filter.CorsFilter@2adf3151, org.springframework.security.web.authentication.logout.LogoutFilter@1f08515, org.springframework.security.oauth2.client.web.OAuth2AuthorizationRequestRedirectFilter@70c91650, org.springframework.security.oauth2.client.web.OAuth2LoginAuthenticationFilter@2687566a, com.utiitsl.DMSAuthService.config.auth.JwtAuthFilter@7df44def, org.springframework.security.web.authentication.ui.DefaultLoginPageGeneratingFilter@b193bd0, org.springframework.security.web.authentication.ui.DefaultLogoutPageGeneratingFilter@610deb61, org.springframework.security.web.savedrequest.RequestCacheAwareFilter@5907ff08, org.springframework.security.web.servletapi.SecurityContextHolderAwareRequestFilter@3aef8a93, org.springframework.security.web.authentication.AnonymousAuthenticationFilter@77ec3863, org.springframework.security.web.session.SessionManagementFilter@733ec124, org.springframework.security.web.access.ExceptionTranslationFilter@575e007f, org.springframework.security.web.access.intercept.AuthorizationFilter@35b43b7b]] (1/1)
2026-05-27 11:03:28 DEBUG o.s.security.web.FilterChainProxy - Securing GET /v1/admin/adminMessage
2026-05-27 11:03:28 TRACE o.s.security.web.FilterChainProxy - Invoking DisableEncodeUrlFilter (1/17)
2026-05-27 11:03:28 TRACE o.s.security.web.FilterChainProxy - Invoking WebAsyncManagerIntegrationFilter (2/17)
2026-05-27 11:03:28 TRACE o.s.security.web.FilterChainProxy - Invoking SecurityContextHolderFilter (3/17)
2026-05-27 11:03:28 TRACE o.s.security.web.FilterChainProxy - Invoking HeaderWriterFilter (4/17)
2026-05-27 11:03:28 TRACE o.s.security.web.FilterChainProxy - Invoking CorsFilter (5/17)
2026-05-27 11:03:28 TRACE o.s.security.web.FilterChainProxy - Invoking LogoutFilter (6/17)
2026-05-27 11:03:28 TRACE o.s.s.w.a.logout.LogoutFilter - Did not match request to Or [Ant [pattern='/logout', GET], Ant [pattern='/logout', POST], Ant [pattern='/logout', PUT], Ant [pattern='/logout', DELETE]]
2026-05-27 11:03:28 TRACE o.s.security.web.FilterChainProxy - Invoking OAuth2AuthorizationRequestRedirectFilter (7/17)
2026-05-27 11:03:28 TRACE o.s.security.web.FilterChainProxy - Invoking OAuth2LoginAuthenticationFilter (8/17)
2026-05-27 11:03:28 TRACE o.s.s.o.c.w.OAuth2LoginAuthenticationFilter - Did not match request to Ant [pattern='/login/oauth2/code/*']
2026-05-27 11:03:28 TRACE o.s.security.web.FilterChainProxy - Invoking JwtAuthFilter (9/17)
2026-05-27 11:03:28 TRACE o.s.security.web.FilterChainProxy - Invoking DefaultLoginPageGeneratingFilter (10/17)
2026-05-27 11:03:28 TRACE o.s.security.web.FilterChainProxy - Invoking DefaultLogoutPageGeneratingFilter (11/17)
2026-05-27 11:03:28 TRACE o.s.s.w.a.u.DefaultLogoutPageGeneratingFilter - Did not render default logout page since request did not match [Ant [pattern='/logout', GET]]
2026-05-27 11:03:28 TRACE o.s.security.web.FilterChainProxy - Invoking RequestCacheAwareFilter (12/17)
2026-05-27 11:03:28 TRACE o.s.security.web.FilterChainProxy - Invoking SecurityContextHolderAwareRequestFilter (13/17)
2026-05-27 11:03:28 TRACE o.s.security.web.FilterChainProxy - Invoking AnonymousAuthenticationFilter (14/17)
2026-05-27 11:03:28 TRACE o.s.security.web.FilterChainProxy - Invoking SessionManagementFilter (15/17)
2026-05-27 11:03:28 TRACE o.s.s.w.c.SupplierDeferredSecurityContext - Created SecurityContextImpl [Null authentication]
2026-05-27 11:03:28 TRACE o.s.s.w.a.AnonymousAuthenticationFilter - Set SecurityContextHolder to AnonymousAuthenticationToken [Principal=anonymousUser, Credentials=[PROTECTED], Authenticated=true, Details=WebAuthenticationDetails [RemoteIpAddress=0:0:0:0:0:0:0:1, SessionId=46B11F0593417C2E7088C519BBE2BEB5], Granted Authorities=[ROLE_ANONYMOUS]]
2026-05-27 11:03:28 TRACE o.s.security.web.FilterChainProxy - Invoking ExceptionTranslationFilter (16/17)
2026-05-27 11:03:28 TRACE o.s.security.web.FilterChainProxy - Invoking AuthorizationFilter (17/17)
2026-05-27 11:03:28 TRACE o.s.s.w.a.i.RequestMatcherDelegatingAuthorizationManager - Authorizing GET /v1/admin/adminMessage
2026-05-27 11:03:28 TRACE o.s.s.w.a.i.RequestMatcherDelegatingAuthorizationManager - Checking authorization on GET /v1/admin/adminMessage using AuthorityAuthorizationManager[authorities=[ROLE_SUPREMEADMIN, ROLE_ADMIN, ROLE_SUPERADMIN]]
2026-05-27 11:03:28 TRACE o.s.s.w.a.ExceptionTranslationFilter - Sending AnonymousAuthenticationToken [Principal=anonymousUser, Credentials=[PROTECTED], Authenticated=true, Details=WebAuthenticationDetails [RemoteIpAddress=0:0:0:0:0:0:0:1, SessionId=46B11F0593417C2E7088C519BBE2BEB5], Granted Authorities=[ROLE_ANONYMOUS]] to authentication entry point since access is denied
org.springframework.security.access.AccessDeniedException: Access Denied
	at org.springframework.security.web.access.intercept.AuthorizationFilter.doFilter(AuthorizationFilter.java:98)
	at org.springframework.security.web.FilterChainProxy$VirtualFilterChain.doFilter(FilterChainProxy.java:374)
	at org.springframework.security.web.access.ExceptionTranslationFilter.doFilter(ExceptionTranslationFilter.java:126)
	at org.springframework.security.web.access.ExceptionTranslationFilter.doFilter(ExceptionTranslationFilter.java:120)
	at org.springframework.security.web.FilterChainProxy$VirtualFilterChain.doFilter(FilterChainProxy.java:374)
	at org.springframework.security.web.session.SessionManagementFilter.doFilter(SessionManagementFilter.java:131)
	at org.springframework.security.web.session.SessionManagementFilter.doFilter(SessionManagementFilter.java:85)
	at org.springframework.security.web.FilterChainProxy$VirtualFilterChain.doFilter(FilterChainProxy.java:374)
	at org.springframework.security.web.authentication.AnonymousAuthenticationFilter.doFilter(AnonymousAuthenticationFilter.java:100)
	at org.springframework.security.web.FilterChainProxy$VirtualFilterChain.doFilter(FilterChainProxy.java:374)
	at org.springframework.security.web.servletapi.SecurityContextHolderAwareRequestFilter.doFilter(SecurityContextHolderAwareRequestFilter.java:179)
	at org.springframework.security.web.FilterChainProxy$VirtualFilterChain.doFilter(FilterChainProxy.java:374)
	at org.springframework.security.web.savedrequest.RequestCacheAwareFilter.doFilter(RequestCacheAwareFilter.java:63)
	at org.springframework.security.web.FilterChainProxy$VirtualFilterChain.doFilter(FilterChainProxy.java:374)
	at org.springframework.security.web.authentication.ui.DefaultLogoutPageGeneratingFilter.doFilterInternal(DefaultLogoutPageGeneratingFilter.java:58)
	at org.springframework.web.filter.OncePerRequestFilter.doFilter(OncePerRequestFilter.java:116)
	at org.springframework.security.web.FilterChainProxy$VirtualFilterChain.doFilter(FilterChainProxy.java:374)
	at org.springframework.security.web.authentication.ui.DefaultLoginPageGeneratingFilter.doFilter(DefaultLoginPageGeneratingFilter.java:189)
	at org.springframework.security.web.authentication.ui.DefaultLoginPageGeneratingFilter.doFilter(DefaultLoginPageGeneratingFilter.java:175)
	at org.springframework.security.web.FilterChainProxy$VirtualFilterChain.doFilter(FilterChainProxy.java:374)
	at com.utiitsl.DMSAuthService.config.auth.JwtAuthFilter.doFilterInternal(JwtAuthFilter.java:40)
	at org.springframework.web.filter.OncePerRequestFilter.doFilter(OncePerRequestFilter.java:116)
	at org.springframework.security.web.FilterChainProxy$VirtualFilterChain.doFilter(FilterChainProxy.java:374)
	at org.springframework.security.web.authentication.AbstractAuthenticationProcessingFilter.doFilter(AbstractAuthenticationProcessingFilter.java:227)
	at org.springframework.security.web.authentication.AbstractAuthenticationProcessingFilter.doFilter(AbstractAuthenticationProcessingFilter.java:221)
	at org.springframework.security.web.FilterChainProxy$VirtualFilterChain.doFilter(FilterChainProxy.java:374)
	at org.springframework.security.oauth2.client.web.OAuth2AuthorizationRequestRedirectFilter.doFilterInternal(OAuth2AuthorizationRequestRedirectFilter.java:181)
	at org.springframework.web.filter.OncePerRequestFilter.doFilter(OncePerRequestFilter.java:116)
	at org.springframework.security.web.FilterChainProxy$VirtualFilterChain.doFilter(FilterChainProxy.java:374)
	at org.springframework.security.web.authentication.logout.LogoutFilter.doFilter(LogoutFilter.java:107)
	at org.springframework.security.web.authentication.logout.LogoutFilter.doFilter(LogoutFilter.java:93)
	at org.springframework.security.web.FilterChainProxy$VirtualFilterChain.doFilter(FilterChainProxy.java:374)
	at org.springframework.web.filter.CorsFilter.doFilterInternal(CorsFilter.java:91)
	at org.springframework.web.filter.OncePerRequestFilter.doFilter(OncePerRequestFilter.java:116)
	at org.springframework.security.web.FilterChainProxy$VirtualFilterChain.doFilter(FilterChainProxy.java:374)
	at org.springframework.security.web.header.HeaderWriterFilter.doHeadersAfter(HeaderWriterFilter.java:90)
	at org.springframework.security.web.header.HeaderWriterFilter.doFilterInternal(HeaderWriterFilter.java:75)
	at org.springframework.web.filter.OncePerRequestFilter.doFilter(OncePerRequestFilter.java:116)
	at org.springframework.security.web.FilterChainProxy$VirtualFilterChain.doFilter(FilterChainProxy.java:374)
	at org.springframework.security.web.context.SecurityContextHolderFilter.doFilter(SecurityContextHolderFilter.java:82)
	at org.springframework.security.web.context.SecurityContextHolderFilter.doFilter(SecurityContextHolderFilter.java:69)
	at org.springframework.security.web.FilterChainProxy$VirtualFilterChain.doFilter(FilterChainProxy.java:374)
	at org.springframework.security.web.context.request.async.WebAsyncManagerIntegrationFilter.doFilterInternal(WebAsyncManagerIntegrationFilter.java:62)
	at org.springframework.web.filter.OncePerRequestFilter.doFilter(OncePerRequestFilter.java:116)
	at org.springframework.security.web.FilterChainProxy$VirtualFilterChain.doFilter(FilterChainProxy.java:374)
	at org.springframework.security.web.session.DisableEncodeUrlFilter.doFilterInternal(DisableEncodeUrlFilter.java:42)
	at org.springframework.web.filter.OncePerRequestFilter.doFilter(OncePerRequestFilter.java:116)
	at org.springframework.security.web.FilterChainProxy$VirtualFilterChain.doFilter(FilterChainProxy.java:374)
	at org.springframework.security.web.FilterChainProxy.doFilterInternal(FilterChainProxy.java:233)
	at org.springframework.security.web.FilterChainProxy.doFilter(FilterChainProxy.java:191)
	at org.springframework.web.filter.CompositeFilter$VirtualFilterChain.doFilter(CompositeFilter.java:113)
	at org.springframework.web.servlet.handler.HandlerMappingIntrospector.lambda$createCacheFilter$3(HandlerMappingIntrospector.java:195)
	at org.springframework.web.filter.CompositeFilter$VirtualFilterChain.doFilter(CompositeFilter.java:113)
	at org.springframework.web.filter.CompositeFilter.doFilter(CompositeFilter.java:74)
	at org.springframework.security.config.annotation.web.configuration.WebMvcSecurityConfiguration$CompositeFilterChainProxy.doFilter(WebMvcSecurityConfiguration.java:230)
	at org.springframework.web.filter.DelegatingFilterProxy.invokeDelegate(DelegatingFilterProxy.java:352)
	at org.springframework.web.filter.DelegatingFilterProxy.doFilter(DelegatingFilterProxy.java:268)
	at org.apache.catalina.core.ApplicationFilterChain.internalDoFilter(ApplicationFilterChain.java:164)
	at org.apache.catalina.core.ApplicationFilterChain.doFilter(ApplicationFilterChain.java:140)
	at org.springframework.web.filter.RequestContextFilter.doFilterInternal(RequestContextFilter.java:100)
	at org.springframework.web.filter.OncePerRequestFilter.doFilter(OncePerRequestFilter.java:116)
	at org.apache.catalina.core.ApplicationFilterChain.internalDoFilter(ApplicationFilterChain.java:164)
	at org.apache.catalina.core.ApplicationFilterChain.doFilter(ApplicationFilterChain.java:140)
	at org.springframework.web.filter.FormContentFilter.doFilterInternal(FormContentFilter.java:93)
	at org.springframework.web.filter.OncePerRequestFilter.doFilter(OncePerRequestFilter.java:116)
	at org.apache.catalina.core.ApplicationFilterChain.internalDoFilter(ApplicationFilterChain.java:164)
	at org.apache.catalina.core.ApplicationFilterChain.doFilter(ApplicationFilterChain.java:140)
	at org.springframework.web.filter.CharacterEncodingFilter.doFilterInternal(CharacterEncodingFilter.java:201)
	at org.springframework.web.filter.OncePerRequestFilter.doFilter(OncePerRequestFilter.java:116)
	at org.apache.catalina.core.ApplicationFilterChain.internalDoFilter(ApplicationFilterChain.java:164)
	at org.apache.catalina.core.ApplicationFilterChain.doFilter(ApplicationFilterChain.java:140)
	at org.apache.catalina.core.StandardWrapperValve.invoke(StandardWrapperValve.java:167)
	at org.apache.catalina.core.StandardContextValve.invoke(StandardContextValve.java:90)
	at org.apache.catalina.authenticator.AuthenticatorBase.invoke(AuthenticatorBase.java:483)
	at org.apache.catalina.core.StandardHostValve.invoke(StandardHostValve.java:115)
	at org.apache.catalina.valves.ErrorReportValve.invoke(ErrorReportValve.java:93)
	at org.apache.catalina.core.StandardEngineValve.invoke(StandardEngineValve.java:74)
	at org.apache.catalina.connector.CoyoteAdapter.service(CoyoteAdapter.java:344)
	at org.apache.coyote.http11.Http11Processor.service(Http11Processor.java:384)
	at org.apache.coyote.AbstractProcessorLight.process(AbstractProcessorLight.java:63)
	at org.apache.coyote.AbstractProtocol$ConnectionHandler.process(AbstractProtocol.java:904)
	at org.apache.tomcat.util.net.NioEndpoint$SocketProcessor.doRun(NioEndpoint.java:1741)
	at org.apache.tomcat.util.net.SocketProcessorBase.run(SocketProcessorBase.java:52)
	at org.apache.tomcat.util.threads.ThreadPoolExecutor.runWorker(ThreadPoolExecutor.java:1190)
	at org.apache.tomcat.util.threads.ThreadPoolExecutor$Worker.run(ThreadPoolExecutor.java:659)
	at org.apache.tomcat.util.threads.TaskThread$WrappingRunnable.run(TaskThread.java:63)
	at java.base/java.lang.Thread.run(Thread.java:1583)
2026-05-27 11:03:28 DEBUG o.s.s.w.a.DelegatingAuthenticationEntryPoint - Trying to match using And [Not [RequestHeaderRequestMatcher [expectedHeaderName=X-Requested-With, expectedHeaderValue=XMLHttpRequest]], Not [And [Or [Ant [pattern='/login'], Ant [pattern='/favicon.ico']], And [Not [RequestHeaderRequestMatcher [expectedHeaderName=X-Requested-With, expectedHeaderValue=XMLHttpRequest]], MediaTypeRequestMatcher [contentNegotiationStrategy=org.springframework.web.accept.ContentNegotiationManager@6afcfe58, matchingMediaTypes=[application/xhtml+xml, image/*, text/html, text/plain], useEquals=false, ignoredMediaTypes=[*/*]]]]], org.springframework.security.config.annotation.web.configurers.oauth2.client.OAuth2LoginConfigurer$$Lambda/0x000002d9c6a50000@996da4b]
2026-05-27 11:03:28 DEBUG o.s.s.w.a.DelegatingAuthenticationEntryPoint - Match found! Executing org.springframework.security.web.authentication.LoginUrlAuthenticationEntryPoint@5f524186
2026-05-27 11:03:28 DEBUG o.s.s.web.DefaultRedirectStrategy - Redirecting to http://localhost:8282/authService/oauth2/authorization/google
2026-05-27 11:03:28 TRACE o.s.s.w.h.writers.HstsHeaderWriter - Not injecting HSTS header since it did not match request to [Is Secure]
2026-05-27 11:03:28 TRACE o.s.security.web.FilterChainProxy - Trying to match request against DefaultSecurityFilterChain [RequestMatcher=any request, Filters=[org.springframework.security.web.session.DisableEncodeUrlFilter@d73609b, org.springframework.security.web.context.request.async.WebAsyncManagerIntegrationFilter@11db5359, org.springframework.security.web.context.SecurityContextHolderFilter@26c7617c, org.springframework.security.web.header.HeaderWriterFilter@43c7fe99, org.springframework.web.filter.CorsFilter@2adf3151, org.springframework.security.web.authentication.logout.LogoutFilter@1f08515, org.springframework.security.oauth2.client.web.OAuth2AuthorizationRequestRedirectFilter@70c91650, org.springframework.security.oauth2.client.web.OAuth2LoginAuthenticationFilter@2687566a, com.utiitsl.DMSAuthService.config.auth.JwtAuthFilter@7df44def, org.springframework.security.web.authentication.ui.DefaultLoginPageGeneratingFilter@b193bd0, org.springframework.security.web.authentication.ui.DefaultLogoutPageGeneratingFilter@610deb61, org.springframework.security.web.savedrequest.RequestCacheAwareFilter@5907ff08, org.springframework.security.web.servletapi.SecurityContextHolderAwareRequestFilter@3aef8a93, org.springframework.security.web.authentication.AnonymousAuthenticationFilter@77ec3863, org.springframework.security.web.session.SessionManagementFilter@733ec124, org.springframework.security.web.access.ExceptionTranslationFilter@575e007f, org.springframework.security.web.access.intercept.AuthorizationFilter@35b43b7b]] (1/1)
2026-05-27 11:03:28 DEBUG o.s.security.web.FilterChainProxy - Securing GET /oauth2/authorization/google
2026-05-27 11:03:28 TRACE o.s.security.web.FilterChainProxy - Invoking DisableEncodeUrlFilter (1/17)
2026-05-27 11:03:28 TRACE o.s.security.web.FilterChainProxy - Invoking WebAsyncManagerIntegrationFilter (2/17)
2026-05-27 11:03:28 TRACE o.s.security.web.FilterChainProxy - Invoking SecurityContextHolderFilter (3/17)
2026-05-27 11:03:28 TRACE o.s.security.web.FilterChainProxy - Invoking HeaderWriterFilter (4/17)
2026-05-27 11:03:28 TRACE o.s.security.web.FilterChainProxy - Invoking CorsFilter (5/17)
2026-05-27 11:03:28 TRACE o.s.security.web.FilterChainProxy - Invoking LogoutFilter (6/17)
2026-05-27 11:03:28 TRACE o.s.s.w.a.logout.LogoutFilter - Did not match request to Or [Ant [pattern='/logout', GET], Ant [pattern='/logout', POST], Ant [pattern='/logout', PUT], Ant [pattern='/logout', DELETE]]
2026-05-27 11:03:28 TRACE o.s.security.web.FilterChainProxy - Invoking OAuth2AuthorizationRequestRedirectFilter (7/17)
2026-05-27 11:03:28 DEBUG o.s.s.web.DefaultRedirectStrategy - Redirecting to https://accounts.google.com/o/oauth2/v2/auth?response_type=code&client_id=600473531643-oi3n07dnckl59ckqltksq55ggm0hpjm1.apps.googleusercontent.com&scope=openid%20profile%20email&state=5NxnPUPYdqWSNTGipkMbZ2Gaka84NwvhCHzinBiFq24%3D&redirect_uri=http://localhost:8282/authService/login/oauth2/code/google&nonce=j6ZBdWncWmTeR_J-jmlUpeJ65q3meRIiZ_a_me0l1lA
2026-05-27 11:03:28 TRACE o.s.s.w.h.writers.HstsHeaderWriter - Not injecting HSTS header since it did not match request to [Is Secure]
2026-05-27 11:04:12 INFO  o.s.o.j.LocalContainerEntityManagerFactoryBean - Closing JPA EntityManagerFactory for persistence unit 'default'
2026-05-27 11:04:12 INFO  com.zaxxer.hikari.HikariDataSource - HikariPool-1 - Shutdown initiated...
2026-05-27 11:04:12 INFO  com.zaxxer.hikari.HikariDataSource - HikariPool-1 - Shutdown completed.
2026-05-27 11:04:18 INFO  c.u.D.DmsAuthServiceApplication - Starting DmsAuthServiceApplication using Java 21.0.6 with PID 28124 (C:\Users\mohammada1\Desktop\Invoice_Project\AuthService\target\classes started by mohammada1 in C:\Users\mohammada1\Desktop\Invoice_Project\AuthService)
2026-05-27 11:04:18 INFO  c.u.D.DmsAuthServiceApplication - The following 1 profile is active: "dev"
2026-05-27 11:04:18 INFO  o.s.b.d.e.DevToolsPropertyDefaultsPostProcessor - Devtools property defaults active! Set 'spring.devtools.add-properties' to 'false' to disable
2026-05-27 11:04:18 INFO  o.s.b.d.e.DevToolsPropertyDefaultsPostProcessor - For additional web related logging consider setting the 'logging.level.web' property to 'DEBUG'
2026-05-27 11:04:20 INFO  o.s.d.r.c.RepositoryConfigurationDelegate - Bootstrapping Spring Data JPA repositories in DEFAULT mode.
2026-05-27 11:04:20 INFO  o.s.d.r.c.RepositoryConfigurationDelegate - Finished Spring Data repository scanning in 143 ms. Found 3 JPA repository interfaces.
2026-05-27 11:04:21 INFO  o.s.b.w.e.tomcat.TomcatWebServer - Tomcat initialized with port 8282 (http)
2026-05-27 11:04:21 INFO  o.a.catalina.core.StandardService - Starting service [Tomcat]
2026-05-27 11:04:21 INFO  o.a.catalina.core.StandardEngine - Starting Servlet engine: [Apache Tomcat/10.1.28]
2026-05-27 11:04:21 INFO  o.a.c.c.C.[.[.[/authService] - Initializing Spring embedded WebApplicationContext
2026-05-27 11:04:21 INFO  o.s.b.w.s.c.ServletWebServerApplicationContext - Root WebApplicationContext: initialization completed in 3174 ms
2026-05-27 11:04:22 INFO  o.h.jpa.internal.util.LogHelper - HHH000204: Processing PersistenceUnitInfo [name: default]
2026-05-27 11:04:22 INFO  org.hibernate.Version - HHH000412: Hibernate ORM core version 6.4.10.Final
2026-05-27 11:04:22 INFO  o.h.c.i.RegionFactoryInitiator - HHH000026: Second-level cache disabled
2026-05-27 11:04:22 INFO  o.s.o.j.p.SpringPersistenceUnitInfo - No LoadTimeWeaver setup: ignoring JPA class transformer
2026-05-27 11:04:22 INFO  com.zaxxer.hikari.HikariDataSource - HikariPool-1 - Starting...
2026-05-27 11:04:23 INFO  com.zaxxer.hikari.pool.HikariPool - HikariPool-1 - Added connection com.mysql.cj.jdbc.ConnectionImpl@214e7c86
2026-05-27 11:04:23 INFO  com.zaxxer.hikari.HikariDataSource - HikariPool-1 - Start completed.
2026-05-27 11:04:24 INFO  o.h.e.t.j.p.i.JtaPlatformInitiator - HHH000489: No JTA platform available (set 'hibernate.transaction.jta.platform' to enable JTA platform integration)
2026-05-27 11:04:24 INFO  o.s.o.j.LocalContainerEntityManagerFactoryBean - Initialized JPA EntityManagerFactory for persistence unit 'default'
2026-05-27 11:04:24 INFO  o.s.d.j.r.query.QueryEnhancerFactory - Hibernate is in classpath; If applicable, HQL parser will be used.
2026-05-27 11:04:25 TRACE o.s.s.c.a.a.c.AuthenticationConfiguration$EnableGlobalAuthenticationAutowiredConfigurer - Eagerly initializing {securityConfiguration=com.utiitsl.DMSAuthService.config.auth.SecurityConfiguration$$SpringCGLIB$$0@46ebc80a}
2026-05-27 11:04:25 DEBUG o.s.s.a.p.PrePostAnnotationSecurityMetadataSource - @org.springframework.security.access.prepost.PreAuthorize("hasAuthority(\'admin:update\')") found on specific method: public org.springframework.http.ResponseEntity com.utiitsl.DMSAuthService.controller.dash.DashController.updateUser(com.utiitsl.DMSAuthService.dto.UserDTO,java.lang.Integer)
2026-05-27 11:04:25 DEBUG o.s.s.a.m.DelegatingMethodSecurityMetadataSource - Caching method [CacheKey[com.utiitsl.DMSAuthService.controller.dash.DashController; public org.springframework.http.ResponseEntity com.utiitsl.DMSAuthService.controller.dash.DashController.updateUser(com.utiitsl.DMSAuthService.dto.UserDTO,java.lang.Integer)]] with attributes [[authorize: 'hasAuthority('admin:update')', filter: 'null', filterTarget: 'null']]
2026-05-27 11:04:25 TRACE o.s.s.a.i.a.MethodSecurityInterceptor - Validated configuration attributes
2026-05-27 11:04:25 DEBUG o.s.s.a.p.PrePostAnnotationSecurityMetadataSource - @org.springframework.security.access.prepost.PreAuthorize("hasAuthority(\'admin:delete\')") found on specific method: public org.springframework.http.ResponseEntity com.utiitsl.DMSAuthService.controller.dash.DashController.deleteUserById(java.lang.Integer)
2026-05-27 11:04:25 DEBUG o.s.s.a.m.DelegatingMethodSecurityMetadataSource - Caching method [CacheKey[com.utiitsl.DMSAuthService.controller.dash.DashController; public org.springframework.http.ResponseEntity com.utiitsl.DMSAuthService.controller.dash.DashController.deleteUserById(java.lang.Integer)]] with attributes [[authorize: 'hasAuthority('admin:delete')', filter: 'null', filterTarget: 'null']]
2026-05-27 11:04:25 DEBUG o.s.s.a.p.PrePostAnnotationSecurityMetadataSource - @org.springframework.security.access.prepost.PreAuthorize("hasRole(\'ROLE_APPLICATION_ADMIN\') or hasRole(\'ROLE_ADMIN\')") found on specific method: public org.springframework.http.ResponseEntity com.utiitsl.DMSAuthService.controller.user.UserController.register(com.utiitsl.DMSAuthService.dto.RegisterRequestDTO,java.lang.String,jakarta.servlet.http.HttpServletRequest)
2026-05-27 11:04:25 DEBUG o.s.s.a.m.DelegatingMethodSecurityMetadataSource - Caching method [CacheKey[com.utiitsl.DMSAuthService.controller.user.UserController; public org.springframework.http.ResponseEntity com.utiitsl.DMSAuthService.controller.user.UserController.register(com.utiitsl.DMSAuthService.dto.RegisterRequestDTO,java.lang.String,jakarta.servlet.http.HttpServletRequest)]] with attributes [[authorize: 'hasRole('ROLE_APPLICATION_ADMIN') or hasRole('ROLE_ADMIN')', filter: 'null', filterTarget: 'null']]
2026-05-27 11:04:25 DEBUG o.s.s.a.p.PrePostAnnotationSecurityMetadataSource - @org.springframework.security.access.prepost.PreAuthorize("hasRole(\'ROLE_APPLICATION_ADMIN\') or hasRole(\'ROLE_ADMIN\')") found on specific method: public org.springframework.http.ResponseEntity com.utiitsl.DMSAuthService.controller.user.UserController.getAllUser(int,int,java.lang.String,jakarta.servlet.http.HttpServletRequest)
2026-05-27 11:04:25 DEBUG o.s.s.a.m.DelegatingMethodSecurityMetadataSource - Caching method [CacheKey[com.utiitsl.DMSAuthService.controller.user.UserController; public org.springframework.http.ResponseEntity com.utiitsl.DMSAuthService.controller.user.UserController.getAllUser(int,int,java.lang.String,jakarta.servlet.http.HttpServletRequest)]] with attributes [[authorize: 'hasRole('ROLE_APPLICATION_ADMIN') or hasRole('ROLE_ADMIN')', filter: 'null', filterTarget: 'null']]
2026-05-27 11:04:25 DEBUG o.s.s.a.p.PrePostAnnotationSecurityMetadataSource - @org.springframework.security.access.prepost.PreAuthorize("hasRole(\'ROLE_APPLICATION_ADMIN\') or hasRole(\'ROLE_ADMIN\')") found on specific method: public org.springframework.http.ResponseEntity com.utiitsl.DMSAuthService.controller.user.UserController.activateDeactivateUser(java.lang.String,boolean)
2026-05-27 11:04:25 DEBUG o.s.s.a.m.DelegatingMethodSecurityMetadataSource - Caching method [CacheKey[com.utiitsl.DMSAuthService.controller.user.UserController; public org.springframework.http.ResponseEntity com.utiitsl.DMSAuthService.controller.user.UserController.activateDeactivateUser(java.lang.String,boolean)]] with attributes [[authorize: 'hasRole('ROLE_APPLICATION_ADMIN') or hasRole('ROLE_ADMIN')', filter: 'null', filterTarget: 'null']]
2026-05-27 11:04:25 WARN  o.s.b.a.o.j.JpaBaseConfiguration$JpaWebConfiguration - spring.jpa.open-in-view is enabled by default. Therefore, database queries may be performed during view rendering. Explicitly configure spring.jpa.open-in-view to disable this warning
2026-05-27 11:04:27 INFO  o.s.s.web.DefaultSecurityFilterChain - Will secure any request with [org.springframework.security.web.session.DisableEncodeUrlFilter@22d2e59a, org.springframework.security.web.context.request.async.WebAsyncManagerIntegrationFilter@7e416ec2, org.springframework.security.web.context.SecurityContextHolderFilter@972c474, org.springframework.security.web.header.HeaderWriterFilter@66237e90, org.springframework.web.filter.CorsFilter@23676c9f, org.springframework.security.web.authentication.logout.LogoutFilter@335464a1, org.springframework.security.oauth2.client.web.OAuth2AuthorizationRequestRedirectFilter@c249929, org.springframework.security.oauth2.client.web.OAuth2LoginAuthenticationFilter@164940d2, com.utiitsl.DMSAuthService.config.auth.JwtAuthFilter@6457b207, org.springframework.security.web.authentication.ui.DefaultLoginPageGeneratingFilter@3e4d1948, org.springframework.security.web.authentication.ui.DefaultLogoutPageGeneratingFilter@18ad9081, org.springframework.security.web.savedrequest.RequestCacheAwareFilter@26d6cd04, org.springframework.security.web.servletapi.SecurityContextHolderAwareRequestFilter@7602a69f, org.springframework.security.web.authentication.AnonymousAuthenticationFilter@2d66583b, org.springframework.security.web.session.SessionManagementFilter@2efc587c, org.springframework.security.web.access.ExceptionTranslationFilter@3172dcd6, org.springframework.security.web.access.intercept.AuthorizationFilter@19031850]
2026-05-27 11:04:28 INFO  o.s.b.d.a.OptionalLiveReloadServer - LiveReload server is running on port 35729
2026-05-27 11:04:28 INFO  o.s.b.w.e.tomcat.TomcatWebServer - Tomcat started on port 8282 (http) with context path '/authService'
2026-05-27 11:04:28 INFO  c.u.D.DmsAuthServiceApplication - Started DmsAuthServiceApplication in 10.043 seconds (process running for 11.597)
2026-05-27 11:04:33 INFO  o.a.c.c.C.[.[.[/authService] - Initializing Spring DispatcherServlet 'dispatcherServlet'
2026-05-27 11:04:33 INFO  o.s.web.servlet.DispatcherServlet - Initializing Servlet 'dispatcherServlet'
2026-05-27 11:04:33 INFO  o.s.web.servlet.DispatcherServlet - Completed initialization in 2 ms
2026-05-27 11:04:33 TRACE o.s.security.web.FilterChainProxy - Trying to match request against DefaultSecurityFilterChain [RequestMatcher=any request, Filters=[org.springframework.security.web.session.DisableEncodeUrlFilter@22d2e59a, org.springframework.security.web.context.request.async.WebAsyncManagerIntegrationFilter@7e416ec2, org.springframework.security.web.context.SecurityContextHolderFilter@972c474, org.springframework.security.web.header.HeaderWriterFilter@66237e90, org.springframework.web.filter.CorsFilter@23676c9f, org.springframework.security.web.authentication.logout.LogoutFilter@335464a1, org.springframework.security.oauth2.client.web.OAuth2AuthorizationRequestRedirectFilter@c249929, org.springframework.security.oauth2.client.web.OAuth2LoginAuthenticationFilter@164940d2, com.utiitsl.DMSAuthService.config.auth.JwtAuthFilter@6457b207, org.springframework.security.web.authentication.ui.DefaultLoginPageGeneratingFilter@3e4d1948, org.springframework.security.web.authentication.ui.DefaultLogoutPageGeneratingFilter@18ad9081, org.springframework.security.web.savedrequest.RequestCacheAwareFilter@26d6cd04, org.springframework.security.web.servletapi.SecurityContextHolderAwareRequestFilter@7602a69f, org.springframework.security.web.authentication.AnonymousAuthenticationFilter@2d66583b, org.springframework.security.web.session.SessionManagementFilter@2efc587c, org.springframework.security.web.access.ExceptionTranslationFilter@3172dcd6, org.springframework.security.web.access.intercept.AuthorizationFilter@19031850]] (1/1)
2026-05-27 11:04:33 DEBUG o.s.security.web.FilterChainProxy - Securing GET /v1/admin/adminMessage
2026-05-27 11:04:33 TRACE o.s.security.web.FilterChainProxy - Invoking DisableEncodeUrlFilter (1/17)
2026-05-27 11:04:33 TRACE o.s.security.web.FilterChainProxy - Invoking WebAsyncManagerIntegrationFilter (2/17)
2026-05-27 11:04:33 TRACE o.s.security.web.FilterChainProxy - Invoking SecurityContextHolderFilter (3/17)
2026-05-27 11:04:33 TRACE o.s.security.web.FilterChainProxy - Invoking HeaderWriterFilter (4/17)
2026-05-27 11:04:33 TRACE o.s.security.web.FilterChainProxy - Invoking CorsFilter (5/17)
2026-05-27 11:04:33 TRACE o.s.security.web.FilterChainProxy - Invoking LogoutFilter (6/17)
2026-05-27 11:04:33 TRACE o.s.s.w.a.logout.LogoutFilter - Did not match request to Or [Ant [pattern='/logout', GET], Ant [pattern='/logout', POST], Ant [pattern='/logout', PUT], Ant [pattern='/logout', DELETE]]
2026-05-27 11:04:33 TRACE o.s.security.web.FilterChainProxy - Invoking OAuth2AuthorizationRequestRedirectFilter (7/17)
2026-05-27 11:04:33 TRACE o.s.security.web.FilterChainProxy - Invoking OAuth2LoginAuthenticationFilter (8/17)
2026-05-27 11:04:33 TRACE o.s.s.o.c.w.OAuth2LoginAuthenticationFilter - Did not match request to Ant [pattern='/login/oauth2/code/*']
2026-05-27 11:04:33 TRACE o.s.security.web.FilterChainProxy - Invoking JwtAuthFilter (9/17)
2026-05-27 11:04:43 TRACE o.s.security.web.FilterChainProxy - Invoking DefaultLoginPageGeneratingFilter (10/17)
2026-05-27 11:04:43 TRACE o.s.security.web.FilterChainProxy - Invoking DefaultLogoutPageGeneratingFilter (11/17)
2026-05-27 11:04:43 TRACE o.s.s.w.a.u.DefaultLogoutPageGeneratingFilter - Did not render default logout page since request did not match [Ant [pattern='/logout', GET]]
2026-05-27 11:04:43 TRACE o.s.security.web.FilterChainProxy - Invoking RequestCacheAwareFilter (12/17)
2026-05-27 11:04:43 TRACE o.s.security.web.FilterChainProxy - Invoking SecurityContextHolderAwareRequestFilter (13/17)
2026-05-27 11:04:43 TRACE o.s.security.web.FilterChainProxy - Invoking AnonymousAuthenticationFilter (14/17)
2026-05-27 11:04:43 TRACE o.s.security.web.FilterChainProxy - Invoking SessionManagementFilter (15/17)
2026-05-27 11:04:43 TRACE o.s.s.w.c.SupplierDeferredSecurityContext - Created SecurityContextImpl [Null authentication]
2026-05-27 11:04:43 TRACE o.s.s.w.a.AnonymousAuthenticationFilter - Set SecurityContextHolder to AnonymousAuthenticationToken [Principal=anonymousUser, Credentials=[PROTECTED], Authenticated=true, Details=WebAuthenticationDetails [RemoteIpAddress=0:0:0:0:0:0:0:1, SessionId=null], Granted Authorities=[ROLE_ANONYMOUS]]
2026-05-27 11:04:43 DEBUG o.s.s.w.s.SessionManagementFilter - Request requested invalid session id 46B11F0593417C2E7088C519BBE2BEB5
2026-05-27 11:04:43 TRACE o.s.security.web.FilterChainProxy - Invoking ExceptionTranslationFilter (16/17)
2026-05-27 11:04:43 TRACE o.s.security.web.FilterChainProxy - Invoking AuthorizationFilter (17/17)
2026-05-27 11:04:43 TRACE o.s.s.w.a.i.RequestMatcherDelegatingAuthorizationManager - Authorizing GET /v1/admin/adminMessage
2026-05-27 11:04:43 TRACE o.s.s.w.a.i.RequestMatcherDelegatingAuthorizationManager - Checking authorization on GET /v1/admin/adminMessage using AuthorityAuthorizationManager[authorities=[ROLE_ADMIN, ROLE_SUPREMEADMIN, ROLE_SUPERADMIN]]
2026-05-27 11:04:43 TRACE o.s.s.w.a.ExceptionTranslationFilter - Sending AnonymousAuthenticationToken [Principal=anonymousUser, Credentials=[PROTECTED], Authenticated=true, Details=WebAuthenticationDetails [RemoteIpAddress=0:0:0:0:0:0:0:1, SessionId=null], Granted Authorities=[ROLE_ANONYMOUS]] to authentication entry point since access is denied
org.springframework.security.access.AccessDeniedException: Access Denied
	at org.springframework.security.web.access.intercept.AuthorizationFilter.doFilter(AuthorizationFilter.java:98)
	at org.springframework.security.web.FilterChainProxy$VirtualFilterChain.doFilter(FilterChainProxy.java:374)
	at org.springframework.security.web.access.ExceptionTranslationFilter.doFilter(ExceptionTranslationFilter.java:126)
	at org.springframework.security.web.access.ExceptionTranslationFilter.doFilter(ExceptionTranslationFilter.java:120)
	at org.springframework.security.web.FilterChainProxy$VirtualFilterChain.doFilter(FilterChainProxy.java:374)
	at org.springframework.security.web.session.SessionManagementFilter.doFilter(SessionManagementFilter.java:131)
	at org.springframework.security.web.session.SessionManagementFilter.doFilter(SessionManagementFilter.java:85)
	at org.springframework.security.web.FilterChainProxy$VirtualFilterChain.doFilter(FilterChainProxy.java:374)
	at org.springframework.security.web.authentication.AnonymousAuthenticationFilter.doFilter(AnonymousAuthenticationFilter.java:100)
	at org.springframework.security.web.FilterChainProxy$VirtualFilterChain.doFilter(FilterChainProxy.java:374)
	at org.springframework.security.web.servletapi.SecurityContextHolderAwareRequestFilter.doFilter(SecurityContextHolderAwareRequestFilter.java:179)
	at org.springframework.security.web.FilterChainProxy$VirtualFilterChain.doFilter(FilterChainProxy.java:374)
	at org.springframework.security.web.savedrequest.RequestCacheAwareFilter.doFilter(RequestCacheAwareFilter.java:63)
	at org.springframework.security.web.FilterChainProxy$VirtualFilterChain.doFilter(FilterChainProxy.java:374)
	at org.springframework.security.web.authentication.ui.DefaultLogoutPageGeneratingFilter.doFilterInternal(DefaultLogoutPageGeneratingFilter.java:58)
	at org.springframework.web.filter.OncePerRequestFilter.doFilter(OncePerRequestFilter.java:116)
	at org.springframework.security.web.FilterChainProxy$VirtualFilterChain.doFilter(FilterChainProxy.java:374)
	at org.springframework.security.web.authentication.ui.DefaultLoginPageGeneratingFilter.doFilter(DefaultLoginPageGeneratingFilter.java:189)
	at org.springframework.security.web.authentication.ui.DefaultLoginPageGeneratingFilter.doFilter(DefaultLoginPageGeneratingFilter.java:175)
	at org.springframework.security.web.FilterChainProxy$VirtualFilterChain.doFilter(FilterChainProxy.java:374)
	at com.utiitsl.DMSAuthService.config.auth.JwtAuthFilter.doFilterInternal(JwtAuthFilter.java:40)
	at org.springframework.web.filter.OncePerRequestFilter.doFilter(OncePerRequestFilter.java:116)
	at org.springframework.security.web.FilterChainProxy$VirtualFilterChain.doFilter(FilterChainProxy.java:374)
	at org.springframework.security.web.authentication.AbstractAuthenticationProcessingFilter.doFilter(AbstractAuthenticationProcessingFilter.java:227)
	at org.springframework.security.web.authentication.AbstractAuthenticationProcessingFilter.doFilter(AbstractAuthenticationProcessingFilter.java:221)
	at org.springframework.security.web.FilterChainProxy$VirtualFilterChain.doFilter(FilterChainProxy.java:374)
	at org.springframework.security.oauth2.client.web.OAuth2AuthorizationRequestRedirectFilter.doFilterInternal(OAuth2AuthorizationRequestRedirectFilter.java:181)
	at org.springframework.web.filter.OncePerRequestFilter.doFilter(OncePerRequestFilter.java:116)
	at org.springframework.security.web.FilterChainProxy$VirtualFilterChain.doFilter(FilterChainProxy.java:374)
	at org.springframework.security.web.authentication.logout.LogoutFilter.doFilter(LogoutFilter.java:107)
	at org.springframework.security.web.authentication.logout.LogoutFilter.doFilter(LogoutFilter.java:93)
	at org.springframework.security.web.FilterChainProxy$VirtualFilterChain.doFilter(FilterChainProxy.java:374)
	at org.springframework.web.filter.CorsFilter.doFilterInternal(CorsFilter.java:91)
	at org.springframework.web.filter.OncePerRequestFilter.doFilter(OncePerRequestFilter.java:116)
	at org.springframework.security.web.FilterChainProxy$VirtualFilterChain.doFilter(FilterChainProxy.java:374)
	at org.springframework.security.web.header.HeaderWriterFilter.doHeadersAfter(HeaderWriterFilter.java:90)
	at org.springframework.security.web.header.HeaderWriterFilter.doFilterInternal(HeaderWriterFilter.java:75)
	at org.springframework.web.filter.OncePerRequestFilter.doFilter(OncePerRequestFilter.java:116)
	at org.springframework.security.web.FilterChainProxy$VirtualFilterChain.doFilter(FilterChainProxy.java:374)
	at org.springframework.security.web.context.SecurityContextHolderFilter.doFilter(SecurityContextHolderFilter.java:82)
	at org.springframework.security.web.context.SecurityContextHolderFilter.doFilter(SecurityContextHolderFilter.java:69)
	at org.springframework.security.web.FilterChainProxy$VirtualFilterChain.doFilter(FilterChainProxy.java:374)
	at org.springframework.security.web.context.request.async.WebAsyncManagerIntegrationFilter.doFilterInternal(WebAsyncManagerIntegrationFilter.java:62)
	at org.springframework.web.filter.OncePerRequestFilter.doFilter(OncePerRequestFilter.java:116)
	at org.springframework.security.web.FilterChainProxy$VirtualFilterChain.doFilter(FilterChainProxy.java:374)
	at org.springframework.security.web.session.DisableEncodeUrlFilter.doFilterInternal(DisableEncodeUrlFilter.java:42)
	at org.springframework.web.filter.OncePerRequestFilter.doFilter(OncePerRequestFilter.java:116)
	at org.springframework.security.web.FilterChainProxy$VirtualFilterChain.doFilter(FilterChainProxy.java:374)
	at org.springframework.security.web.FilterChainProxy.doFilterInternal(FilterChainProxy.java:233)
	at org.springframework.security.web.FilterChainProxy.doFilter(FilterChainProxy.java:191)
	at org.springframework.web.filter.CompositeFilter$VirtualFilterChain.doFilter(CompositeFilter.java:113)
	at org.springframework.web.servlet.handler.HandlerMappingIntrospector.lambda$createCacheFilter$3(HandlerMappingIntrospector.java:195)
	at org.springframework.web.filter.CompositeFilter$VirtualFilterChain.doFilter(CompositeFilter.java:113)
	at org.springframework.web.filter.CompositeFilter.doFilter(CompositeFilter.java:74)
	at org.springframework.security.config.annotation.web.configuration.WebMvcSecurityConfiguration$CompositeFilterChainProxy.doFilter(WebMvcSecurityConfiguration.java:230)
	at org.springframework.web.filter.DelegatingFilterProxy.invokeDelegate(DelegatingFilterProxy.java:352)
	at org.springframework.web.filter.DelegatingFilterProxy.doFilter(DelegatingFilterProxy.java:268)
	at org.apache.catalina.core.ApplicationFilterChain.internalDoFilter(ApplicationFilterChain.java:164)
	at org.apache.catalina.core.ApplicationFilterChain.doFilter(ApplicationFilterChain.java:140)
	at org.springframework.web.filter.RequestContextFilter.doFilterInternal(RequestContextFilter.java:100)
	at org.springframework.web.filter.OncePerRequestFilter.doFilter(OncePerRequestFilter.java:116)
	at org.apache.catalina.core.ApplicationFilterChain.internalDoFilter(ApplicationFilterChain.java:164)
	at org.apache.catalina.core.ApplicationFilterChain.doFilter(ApplicationFilterChain.java:140)
	at org.springframework.web.filter.FormContentFilter.doFilterInternal(FormContentFilter.java:93)
	at org.springframework.web.filter.OncePerRequestFilter.doFilter(OncePerRequestFilter.java:116)
	at org.apache.catalina.core.ApplicationFilterChain.internalDoFilter(ApplicationFilterChain.java:164)
	at org.apache.catalina.core.ApplicationFilterChain.doFilter(ApplicationFilterChain.java:140)
	at org.springframework.web.filter.CharacterEncodingFilter.doFilterInternal(CharacterEncodingFilter.java:201)
	at org.springframework.web.filter.OncePerRequestFilter.doFilter(OncePerRequestFilter.java:116)
	at org.apache.catalina.core.ApplicationFilterChain.internalDoFilter(ApplicationFilterChain.java:164)
	at org.apache.catalina.core.ApplicationFilterChain.doFilter(ApplicationFilterChain.java:140)
	at org.apache.catalina.core.StandardWrapperValve.invoke(StandardWrapperValve.java:167)
	at org.apache.catalina.core.StandardContextValve.invoke(StandardContextValve.java:90)
	at org.apache.catalina.authenticator.AuthenticatorBase.invoke(AuthenticatorBase.java:483)
	at org.apache.catalina.core.StandardHostValve.invoke(StandardHostValve.java:115)
	at org.apache.catalina.valves.ErrorReportValve.invoke(ErrorReportValve.java:93)
	at org.apache.catalina.core.StandardEngineValve.invoke(StandardEngineValve.java:74)
	at org.apache.catalina.connector.CoyoteAdapter.service(CoyoteAdapter.java:344)
	at org.apache.coyote.http11.Http11Processor.service(Http11Processor.java:384)
	at org.apache.coyote.AbstractProcessorLight.process(AbstractProcessorLight.java:63)
	at org.apache.coyote.AbstractProtocol$ConnectionHandler.process(AbstractProtocol.java:904)
	at org.apache.tomcat.util.net.NioEndpoint$SocketProcessor.doRun(NioEndpoint.java:1741)
	at org.apache.tomcat.util.net.SocketProcessorBase.run(SocketProcessorBase.java:52)
	at org.apache.tomcat.util.threads.ThreadPoolExecutor.runWorker(ThreadPoolExecutor.java:1190)
	at org.apache.tomcat.util.threads.ThreadPoolExecutor$Worker.run(ThreadPoolExecutor.java:659)
	at org.apache.tomcat.util.threads.TaskThread$WrappingRunnable.run(TaskThread.java:63)
	at java.base/java.lang.Thread.run(Thread.java:1583)
2026-05-27 11:04:43 DEBUG o.s.s.w.a.DelegatingAuthenticationEntryPoint - Trying to match using And [Not [RequestHeaderRequestMatcher [expectedHeaderName=X-Requested-With, expectedHeaderValue=XMLHttpRequest]], Not [And [Or [Ant [pattern='/login'], Ant [pattern='/favicon.ico']], And [Not [RequestHeaderRequestMatcher [expectedHeaderName=X-Requested-With, expectedHeaderValue=XMLHttpRequest]], MediaTypeRequestMatcher [contentNegotiationStrategy=org.springframework.web.accept.ContentNegotiationManager@8e14464, matchingMediaTypes=[application/xhtml+xml, image/*, text/html, text/plain], useEquals=false, ignoredMediaTypes=[*/*]]]]], org.springframework.security.config.annotation.web.configurers.oauth2.client.OAuth2LoginConfigurer$$Lambda/0x0000025db4af0ed0@93db0d1]
2026-05-27 11:04:43 DEBUG o.s.s.w.a.DelegatingAuthenticationEntryPoint - Match found! Executing org.springframework.security.web.authentication.LoginUrlAuthenticationEntryPoint@111dc211
2026-05-27 11:04:43 DEBUG o.s.s.web.DefaultRedirectStrategy - Redirecting to http://localhost:8282/authService/oauth2/authorization/google
2026-05-27 11:04:43 TRACE o.s.s.w.h.writers.HstsHeaderWriter - Not injecting HSTS header since it did not match request to [Is Secure]
2026-05-27 11:04:49 TRACE o.s.security.web.FilterChainProxy - Trying to match request against DefaultSecurityFilterChain [RequestMatcher=any request, Filters=[org.springframework.security.web.session.DisableEncodeUrlFilter@22d2e59a, org.springframework.security.web.context.request.async.WebAsyncManagerIntegrationFilter@7e416ec2, org.springframework.security.web.context.SecurityContextHolderFilter@972c474, org.springframework.security.web.header.HeaderWriterFilter@66237e90, org.springframework.web.filter.CorsFilter@23676c9f, org.springframework.security.web.authentication.logout.LogoutFilter@335464a1, org.springframework.security.oauth2.client.web.OAuth2AuthorizationRequestRedirectFilter@c249929, org.springframework.security.oauth2.client.web.OAuth2LoginAuthenticationFilter@164940d2, com.utiitsl.DMSAuthService.config.auth.JwtAuthFilter@6457b207, org.springframework.security.web.authentication.ui.DefaultLoginPageGeneratingFilter@3e4d1948, org.springframework.security.web.authentication.ui.DefaultLogoutPageGeneratingFilter@18ad9081, org.springframework.security.web.savedrequest.RequestCacheAwareFilter@26d6cd04, org.springframework.security.web.servletapi.SecurityContextHolderAwareRequestFilter@7602a69f, org.springframework.security.web.authentication.AnonymousAuthenticationFilter@2d66583b, org.springframework.security.web.session.SessionManagementFilter@2efc587c, org.springframework.security.web.access.ExceptionTranslationFilter@3172dcd6, org.springframework.security.web.access.intercept.AuthorizationFilter@19031850]] (1/1)
2026-05-27 11:04:49 DEBUG o.s.security.web.FilterChainProxy - Securing GET /oauth2/authorization/google
2026-05-27 11:04:49 TRACE o.s.security.web.FilterChainProxy - Invoking DisableEncodeUrlFilter (1/17)
2026-05-27 11:04:49 TRACE o.s.security.web.FilterChainProxy - Invoking WebAsyncManagerIntegrationFilter (2/17)
2026-05-27 11:04:49 TRACE o.s.security.web.FilterChainProxy - Invoking SecurityContextHolderFilter (3/17)
2026-05-27 11:04:49 TRACE o.s.security.web.FilterChainProxy - Invoking HeaderWriterFilter (4/17)
2026-05-27 11:04:49 TRACE o.s.security.web.FilterChainProxy - Invoking CorsFilter (5/17)
2026-05-27 11:04:49 TRACE o.s.security.web.FilterChainProxy - Invoking LogoutFilter (6/17)
2026-05-27 11:04:49 TRACE o.s.s.w.a.logout.LogoutFilter - Did not match request to Or [Ant [pattern='/logout', GET], Ant [pattern='/logout', POST], Ant [pattern='/logout', PUT], Ant [pattern='/logout', DELETE]]
2026-05-27 11:04:49 TRACE o.s.security.web.FilterChainProxy - Invoking OAuth2AuthorizationRequestRedirectFilter (7/17)
2026-05-27 11:04:49 DEBUG o.s.s.web.DefaultRedirectStrategy - Redirecting to https://accounts.google.com/o/oauth2/v2/auth?response_type=code&client_id=600473531643-oi3n07dnckl59ckqltksq55ggm0hpjm1.apps.googleusercontent.com&scope=openid%20profile%20email&state=MMyZGjvMzRsGxshFPf2KhwJ2wOyasWUjZZHGORVJU6Y%3D&redirect_uri=http://localhost:8282/authService/login/oauth2/code/google&nonce=4X6t9EHPfzGBdSk6UEqOo1vbzVEYzBO72maclfOEhcM
2026-05-27 11:04:49 TRACE o.s.s.w.h.writers.HstsHeaderWriter - Not injecting HSTS header since it did not match request to [Is Secure]
2026-05-27 11:10:25 INFO  o.s.o.j.LocalContainerEntityManagerFactoryBean - Closing JPA EntityManagerFactory for persistence unit 'default'
2026-05-27 11:10:25 INFO  com.zaxxer.hikari.HikariDataSource - HikariPool-1 - Shutdown initiated...
2026-05-27 11:10:25 INFO  com.zaxxer.hikari.HikariDataSource - HikariPool-1 - Shutdown completed.
2026-05-27 11:10:30 INFO  c.u.D.DmsAuthServiceApplication - Starting DmsAuthServiceApplication using Java 21.0.6 with PID 25412 (C:\Users\mohammada1\Desktop\Invoice_Project\AuthService\target\classes started by mohammada1 in C:\Users\mohammada1\Desktop\Invoice_Project\AuthService)
2026-05-27 11:10:30 INFO  c.u.D.DmsAuthServiceApplication - The following 1 profile is active: "dev"
2026-05-27 11:10:30 INFO  o.s.b.d.e.DevToolsPropertyDefaultsPostProcessor - Devtools property defaults active! Set 'spring.devtools.add-properties' to 'false' to disable
2026-05-27 11:10:30 INFO  o.s.b.d.e.DevToolsPropertyDefaultsPostProcessor - For additional web related logging consider setting the 'logging.level.web' property to 'DEBUG'
2026-05-27 11:10:32 INFO  o.s.d.r.c.RepositoryConfigurationDelegate - Bootstrapping Spring Data JPA repositories in DEFAULT mode.
2026-05-27 11:10:32 INFO  o.s.d.r.c.RepositoryConfigurationDelegate - Finished Spring Data repository scanning in 188 ms. Found 3 JPA repository interfaces.
2026-05-27 11:10:34 INFO  o.s.b.w.e.tomcat.TomcatWebServer - Tomcat initialized with port 8282 (http)
2026-05-27 11:10:34 INFO  o.a.catalina.core.StandardService - Starting service [Tomcat]
2026-05-27 11:10:34 INFO  o.a.catalina.core.StandardEngine - Starting Servlet engine: [Apache Tomcat/10.1.28]
2026-05-27 11:10:34 INFO  o.a.c.c.C.[.[.[/authService] - Initializing Spring embedded WebApplicationContext
2026-05-27 11:10:34 INFO  o.s.b.w.s.c.ServletWebServerApplicationContext - Root WebApplicationContext: initialization completed in 3647 ms
2026-05-27 11:10:34 INFO  o.h.jpa.internal.util.LogHelper - HHH000204: Processing PersistenceUnitInfo [name: default]
2026-05-27 11:10:34 INFO  org.hibernate.Version - HHH000412: Hibernate ORM core version 6.4.10.Final
2026-05-27 11:10:34 INFO  o.h.c.i.RegionFactoryInitiator - HHH000026: Second-level cache disabled
2026-05-27 11:10:35 INFO  o.s.o.j.p.SpringPersistenceUnitInfo - No LoadTimeWeaver setup: ignoring JPA class transformer
2026-05-27 11:10:35 INFO  com.zaxxer.hikari.HikariDataSource - HikariPool-1 - Starting...
2026-05-27 11:10:35 INFO  com.zaxxer.hikari.pool.HikariPool - HikariPool-1 - Added connection com.mysql.cj.jdbc.ConnectionImpl@5f231157
2026-05-27 11:10:35 INFO  com.zaxxer.hikari.HikariDataSource - HikariPool-1 - Start completed.
2026-05-27 11:10:37 INFO  o.h.e.t.j.p.i.JtaPlatformInitiator - HHH000489: No JTA platform available (set 'hibernate.transaction.jta.platform' to enable JTA platform integration)
2026-05-27 11:10:37 INFO  o.s.o.j.LocalContainerEntityManagerFactoryBean - Initialized JPA EntityManagerFactory for persistence unit 'default'
2026-05-27 11:10:37 INFO  o.s.d.j.r.query.QueryEnhancerFactory - Hibernate is in classpath; If applicable, HQL parser will be used.
2026-05-27 11:10:38 TRACE o.s.s.c.a.a.c.AuthenticationConfiguration$EnableGlobalAuthenticationAutowiredConfigurer - Eagerly initializing {securityConfiguration=com.utiitsl.DMSAuthService.config.auth.SecurityConfiguration$$SpringCGLIB$$0@14ceb936}
2026-05-27 11:10:38 DEBUG o.s.s.a.p.PrePostAnnotationSecurityMetadataSource - @org.springframework.security.access.prepost.PreAuthorize("hasAuthority(\'admin:update\')") found on specific method: public org.springframework.http.ResponseEntity com.utiitsl.DMSAuthService.controller.dash.DashController.updateUser(com.utiitsl.DMSAuthService.dto.UserDTO,java.lang.Integer)
2026-05-27 11:10:38 DEBUG o.s.s.a.m.DelegatingMethodSecurityMetadataSource - Caching method [CacheKey[com.utiitsl.DMSAuthService.controller.dash.DashController; public org.springframework.http.ResponseEntity com.utiitsl.DMSAuthService.controller.dash.DashController.updateUser(com.utiitsl.DMSAuthService.dto.UserDTO,java.lang.Integer)]] with attributes [[authorize: 'hasAuthority('admin:update')', filter: 'null', filterTarget: 'null']]
2026-05-27 11:10:38 TRACE o.s.s.a.i.a.MethodSecurityInterceptor - Validated configuration attributes
2026-05-27 11:10:38 DEBUG o.s.s.a.p.PrePostAnnotationSecurityMetadataSource - @org.springframework.security.access.prepost.PreAuthorize("hasAuthority(\'admin:delete\')") found on specific method: public org.springframework.http.ResponseEntity com.utiitsl.DMSAuthService.controller.dash.DashController.deleteUserById(java.lang.Integer)
2026-05-27 11:10:38 DEBUG o.s.s.a.m.DelegatingMethodSecurityMetadataSource - Caching method [CacheKey[com.utiitsl.DMSAuthService.controller.dash.DashController; public org.springframework.http.ResponseEntity com.utiitsl.DMSAuthService.controller.dash.DashController.deleteUserById(java.lang.Integer)]] with attributes [[authorize: 'hasAuthority('admin:delete')', filter: 'null', filterTarget: 'null']]
2026-05-27 11:10:38 DEBUG o.s.s.a.p.PrePostAnnotationSecurityMetadataSource - @org.springframework.security.access.prepost.PreAuthorize("hasRole(\'ROLE_APPLICATION_ADMIN\') or hasRole(\'ROLE_ADMIN\')") found on specific method: public org.springframework.http.ResponseEntity com.utiitsl.DMSAuthService.controller.user.UserController.register(com.utiitsl.DMSAuthService.dto.RegisterRequestDTO,java.lang.String,jakarta.servlet.http.HttpServletRequest)
2026-05-27 11:10:38 DEBUG o.s.s.a.m.DelegatingMethodSecurityMetadataSource - Caching method [CacheKey[com.utiitsl.DMSAuthService.controller.user.UserController; public org.springframework.http.ResponseEntity com.utiitsl.DMSAuthService.controller.user.UserController.register(com.utiitsl.DMSAuthService.dto.RegisterRequestDTO,java.lang.String,jakarta.servlet.http.HttpServletRequest)]] with attributes [[authorize: 'hasRole('ROLE_APPLICATION_ADMIN') or hasRole('ROLE_ADMIN')', filter: 'null', filterTarget: 'null']]
2026-05-27 11:10:38 DEBUG o.s.s.a.p.PrePostAnnotationSecurityMetadataSource - @org.springframework.security.access.prepost.PreAuthorize("hasRole(\'ROLE_APPLICATION_ADMIN\') or hasRole(\'ROLE_ADMIN\')") found on specific method: public org.springframework.http.ResponseEntity com.utiitsl.DMSAuthService.controller.user.UserController.getAllUser(int,int,java.lang.String,jakarta.servlet.http.HttpServletRequest)
2026-05-27 11:10:38 DEBUG o.s.s.a.m.DelegatingMethodSecurityMetadataSource - Caching method [CacheKey[com.utiitsl.DMSAuthService.controller.user.UserController; public org.springframework.http.ResponseEntity com.utiitsl.DMSAuthService.controller.user.UserController.getAllUser(int,int,java.lang.String,jakarta.servlet.http.HttpServletRequest)]] with attributes [[authorize: 'hasRole('ROLE_APPLICATION_ADMIN') or hasRole('ROLE_ADMIN')', filter: 'null', filterTarget: 'null']]
2026-05-27 11:10:38 DEBUG o.s.s.a.p.PrePostAnnotationSecurityMetadataSource - @org.springframework.security.access.prepost.PreAuthorize("hasRole(\'ROLE_APPLICATION_ADMIN\') or hasRole(\'ROLE_ADMIN\')") found on specific method: public org.springframework.http.ResponseEntity com.utiitsl.DMSAuthService.controller.user.UserController.activateDeactivateUser(java.lang.String,boolean)
2026-05-27 11:10:38 DEBUG o.s.s.a.m.DelegatingMethodSecurityMetadataSource - Caching method [CacheKey[com.utiitsl.DMSAuthService.controller.user.UserController; public org.springframework.http.ResponseEntity com.utiitsl.DMSAuthService.controller.user.UserController.activateDeactivateUser(java.lang.String,boolean)]] with attributes [[authorize: 'hasRole('ROLE_APPLICATION_ADMIN') or hasRole('ROLE_ADMIN')', filter: 'null', filterTarget: 'null']]
2026-05-27 11:10:38 WARN  o.s.b.a.o.j.JpaBaseConfiguration$JpaWebConfiguration - spring.jpa.open-in-view is enabled by default. Therefore, database queries may be performed during view rendering. Explicitly configure spring.jpa.open-in-view to disable this warning
2026-05-27 11:10:40 INFO  o.s.s.web.DefaultSecurityFilterChain - Will secure any request with [org.springframework.security.web.session.DisableEncodeUrlFilter@36de4cfc, org.springframework.security.web.context.request.async.WebAsyncManagerIntegrationFilter@491a615e, org.springframework.security.web.context.SecurityContextHolderFilter@653eb57f, org.springframework.security.web.header.HeaderWriterFilter@2ad9360f, org.springframework.web.filter.CorsFilter@771a1078, org.springframework.security.web.authentication.logout.LogoutFilter@4da2c287, org.springframework.security.oauth2.client.web.OAuth2AuthorizationRequestRedirectFilter@7a93e855, org.springframework.security.oauth2.client.web.OAuth2LoginAuthenticationFilter@3978c879, com.utiitsl.DMSAuthService.config.auth.JwtAuthFilter@10e5ba86, org.springframework.security.web.savedrequest.RequestCacheAwareFilter@7a84a8a0, org.springframework.security.web.servletapi.SecurityContextHolderAwareRequestFilter@2b5f4b17, org.springframework.security.web.authentication.AnonymousAuthenticationFilter@706a2561, org.springframework.security.web.session.SessionManagementFilter@37bb6944, org.springframework.security.web.access.ExceptionTranslationFilter@7c6cecd5, org.springframework.security.web.access.intercept.AuthorizationFilter@fe33e9e]
2026-05-27 11:10:41 INFO  o.s.b.d.a.OptionalLiveReloadServer - LiveReload server is running on port 35729
2026-05-27 11:10:41 INFO  o.s.b.w.e.tomcat.TomcatWebServer - Tomcat started on port 8282 (http) with context path '/authService'
2026-05-27 11:10:41 INFO  c.u.D.DmsAuthServiceApplication - Started DmsAuthServiceApplication in 11.549 seconds (process running for 12.656)
2026-05-27 11:10:55 INFO  o.a.c.c.C.[.[.[/authService] - Initializing Spring DispatcherServlet 'dispatcherServlet'
2026-05-27 11:10:55 INFO  o.s.web.servlet.DispatcherServlet - Initializing Servlet 'dispatcherServlet'
2026-05-27 11:10:55 INFO  o.s.web.servlet.DispatcherServlet - Completed initialization in 2 ms
2026-05-27 11:10:55 TRACE o.s.security.web.FilterChainProxy - Trying to match request against DefaultSecurityFilterChain [RequestMatcher=any request, Filters=[org.springframework.security.web.session.DisableEncodeUrlFilter@36de4cfc, org.springframework.security.web.context.request.async.WebAsyncManagerIntegrationFilter@491a615e, org.springframework.security.web.context.SecurityContextHolderFilter@653eb57f, org.springframework.security.web.header.HeaderWriterFilter@2ad9360f, org.springframework.web.filter.CorsFilter@771a1078, org.springframework.security.web.authentication.logout.LogoutFilter@4da2c287, org.springframework.security.oauth2.client.web.OAuth2AuthorizationRequestRedirectFilter@7a93e855, org.springframework.security.oauth2.client.web.OAuth2LoginAuthenticationFilter@3978c879, com.utiitsl.DMSAuthService.config.auth.JwtAuthFilter@10e5ba86, org.springframework.security.web.savedrequest.RequestCacheAwareFilter@7a84a8a0, org.springframework.security.web.servletapi.SecurityContextHolderAwareRequestFilter@2b5f4b17, org.springframework.security.web.authentication.AnonymousAuthenticationFilter@706a2561, org.springframework.security.web.session.SessionManagementFilter@37bb6944, org.springframework.security.web.access.ExceptionTranslationFilter@7c6cecd5, org.springframework.security.web.access.intercept.AuthorizationFilter@fe33e9e]] (1/1)
2026-05-27 11:10:55 DEBUG o.s.security.web.FilterChainProxy - Securing GET /v1/admin/adminMessage
2026-05-27 11:10:55 TRACE o.s.security.web.FilterChainProxy - Invoking DisableEncodeUrlFilter (1/15)
2026-05-27 11:10:55 TRACE o.s.security.web.FilterChainProxy - Invoking WebAsyncManagerIntegrationFilter (2/15)
2026-05-27 11:10:55 TRACE o.s.security.web.FilterChainProxy - Invoking SecurityContextHolderFilter (3/15)
2026-05-27 11:10:55 TRACE o.s.security.web.FilterChainProxy - Invoking HeaderWriterFilter (4/15)
2026-05-27 11:10:55 TRACE o.s.security.web.FilterChainProxy - Invoking CorsFilter (5/15)
2026-05-27 11:10:55 TRACE o.s.security.web.FilterChainProxy - Invoking LogoutFilter (6/15)
2026-05-27 11:10:55 TRACE o.s.s.w.a.logout.LogoutFilter - Did not match request to Or [Ant [pattern='/logout', GET], Ant [pattern='/logout', POST], Ant [pattern='/logout', PUT], Ant [pattern='/logout', DELETE]]
2026-05-27 11:10:55 TRACE o.s.security.web.FilterChainProxy - Invoking OAuth2AuthorizationRequestRedirectFilter (7/15)
2026-05-27 11:10:55 TRACE o.s.security.web.FilterChainProxy - Invoking OAuth2LoginAuthenticationFilter (8/15)
2026-05-27 11:10:55 TRACE o.s.s.o.c.w.OAuth2LoginAuthenticationFilter - Did not match request to Ant [pattern='/login/oauth2/code/*']
2026-05-27 11:10:55 TRACE o.s.security.web.FilterChainProxy - Invoking JwtAuthFilter (9/15)
2026-05-27 11:10:59 TRACE o.s.security.web.FilterChainProxy - Invoking RequestCacheAwareFilter (10/15)
2026-05-27 11:10:59 TRACE o.s.security.web.FilterChainProxy - Invoking SecurityContextHolderAwareRequestFilter (11/15)
2026-05-27 11:10:59 TRACE o.s.security.web.FilterChainProxy - Invoking AnonymousAuthenticationFilter (12/15)
2026-05-27 11:10:59 TRACE o.s.security.web.FilterChainProxy - Invoking SessionManagementFilter (13/15)
2026-05-27 11:10:59 TRACE o.s.s.w.c.SupplierDeferredSecurityContext - Created SecurityContextImpl [Null authentication]
2026-05-27 11:10:59 TRACE o.s.s.w.a.AnonymousAuthenticationFilter - Set SecurityContextHolder to AnonymousAuthenticationToken [Principal=anonymousUser, Credentials=[PROTECTED], Authenticated=true, Details=WebAuthenticationDetails [RemoteIpAddress=0:0:0:0:0:0:0:1, SessionId=D639216A68A53B9FFC7B7A18F4188FB8], Granted Authorities=[ROLE_ANONYMOUS]]
2026-05-27 11:10:59 TRACE o.s.security.web.FilterChainProxy - Invoking ExceptionTranslationFilter (14/15)
2026-05-27 11:10:59 TRACE o.s.security.web.FilterChainProxy - Invoking AuthorizationFilter (15/15)
2026-05-27 11:10:59 TRACE o.s.s.w.a.i.RequestMatcherDelegatingAuthorizationManager - Authorizing GET /v1/admin/adminMessage
2026-05-27 11:10:59 TRACE o.s.s.w.a.i.RequestMatcherDelegatingAuthorizationManager - Checking authorization on GET /v1/admin/adminMessage using AuthorityAuthorizationManager[authorities=[ROLE_SUPERADMIN, ROLE_SUPREMEADMIN, ROLE_ADMIN]]
2026-05-27 11:10:59 TRACE o.s.s.w.a.ExceptionTranslationFilter - Sending AnonymousAuthenticationToken [Principal=anonymousUser, Credentials=[PROTECTED], Authenticated=true, Details=WebAuthenticationDetails [RemoteIpAddress=0:0:0:0:0:0:0:1, SessionId=D639216A68A53B9FFC7B7A18F4188FB8], Granted Authorities=[ROLE_ANONYMOUS]] to authentication entry point since access is denied
org.springframework.security.access.AccessDeniedException: Access Denied
	at org.springframework.security.web.access.intercept.AuthorizationFilter.doFilter(AuthorizationFilter.java:98)
	at org.springframework.security.web.FilterChainProxy$VirtualFilterChain.doFilter(FilterChainProxy.java:374)
	at org.springframework.security.web.access.ExceptionTranslationFilter.doFilter(ExceptionTranslationFilter.java:126)
	at org.springframework.security.web.access.ExceptionTranslationFilter.doFilter(ExceptionTranslationFilter.java:120)
	at org.springframework.security.web.FilterChainProxy$VirtualFilterChain.doFilter(FilterChainProxy.java:374)
	at org.springframework.security.web.session.SessionManagementFilter.doFilter(SessionManagementFilter.java:131)
	at org.springframework.security.web.session.SessionManagementFilter.doFilter(SessionManagementFilter.java:85)
	at org.springframework.security.web.FilterChainProxy$VirtualFilterChain.doFilter(FilterChainProxy.java:374)
	at org.springframework.security.web.authentication.AnonymousAuthenticationFilter.doFilter(AnonymousAuthenticationFilter.java:100)
	at org.springframework.security.web.FilterChainProxy$VirtualFilterChain.doFilter(FilterChainProxy.java:374)
	at org.springframework.security.web.servletapi.SecurityContextHolderAwareRequestFilter.doFilter(SecurityContextHolderAwareRequestFilter.java:179)
	at org.springframework.security.web.FilterChainProxy$VirtualFilterChain.doFilter(FilterChainProxy.java:374)
	at org.springframework.security.web.savedrequest.RequestCacheAwareFilter.doFilter(RequestCacheAwareFilter.java:63)
	at org.springframework.security.web.FilterChainProxy$VirtualFilterChain.doFilter(FilterChainProxy.java:374)
	at com.utiitsl.DMSAuthService.config.auth.JwtAuthFilter.doFilterInternal(JwtAuthFilter.java:40)
	at org.springframework.web.filter.OncePerRequestFilter.doFilter(OncePerRequestFilter.java:116)
	at org.springframework.security.web.FilterChainProxy$VirtualFilterChain.doFilter(FilterChainProxy.java:374)
	at org.springframework.security.web.authentication.AbstractAuthenticationProcessingFilter.doFilter(AbstractAuthenticationProcessingFilter.java:227)
	at org.springframework.security.web.authentication.AbstractAuthenticationProcessingFilter.doFilter(AbstractAuthenticationProcessingFilter.java:221)
	at org.springframework.security.web.FilterChainProxy$VirtualFilterChain.doFilter(FilterChainProxy.java:374)
	at org.springframework.security.oauth2.client.web.OAuth2AuthorizationRequestRedirectFilter.doFilterInternal(OAuth2AuthorizationRequestRedirectFilter.java:181)
	at org.springframework.web.filter.OncePerRequestFilter.doFilter(OncePerRequestFilter.java:116)
	at org.springframework.security.web.FilterChainProxy$VirtualFilterChain.doFilter(FilterChainProxy.java:374)
	at org.springframework.security.web.authentication.logout.LogoutFilter.doFilter(LogoutFilter.java:107)
	at org.springframework.security.web.authentication.logout.LogoutFilter.doFilter(LogoutFilter.java:93)
	at org.springframework.security.web.FilterChainProxy$VirtualFilterChain.doFilter(FilterChainProxy.java:374)
	at org.springframework.web.filter.CorsFilter.doFilterInternal(CorsFilter.java:91)
	at org.springframework.web.filter.OncePerRequestFilter.doFilter(OncePerRequestFilter.java:116)
	at org.springframework.security.web.FilterChainProxy$VirtualFilterChain.doFilter(FilterChainProxy.java:374)
	at org.springframework.security.web.header.HeaderWriterFilter.doHeadersAfter(HeaderWriterFilter.java:90)
	at org.springframework.security.web.header.HeaderWriterFilter.doFilterInternal(HeaderWriterFilter.java:75)
	at org.springframework.web.filter.OncePerRequestFilter.doFilter(OncePerRequestFilter.java:116)
	at org.springframework.security.web.FilterChainProxy$VirtualFilterChain.doFilter(FilterChainProxy.java:374)
	at org.springframework.security.web.context.SecurityContextHolderFilter.doFilter(SecurityContextHolderFilter.java:82)
	at org.springframework.security.web.context.SecurityContextHolderFilter.doFilter(SecurityContextHolderFilter.java:69)
	at org.springframework.security.web.FilterChainProxy$VirtualFilterChain.doFilter(FilterChainProxy.java:374)
	at org.springframework.security.web.context.request.async.WebAsyncManagerIntegrationFilter.doFilterInternal(WebAsyncManagerIntegrationFilter.java:62)
	at org.springframework.web.filter.OncePerRequestFilter.doFilter(OncePerRequestFilter.java:116)
	at org.springframework.security.web.FilterChainProxy$VirtualFilterChain.doFilter(FilterChainProxy.java:374)
	at org.springframework.security.web.session.DisableEncodeUrlFilter.doFilterInternal(DisableEncodeUrlFilter.java:42)
	at org.springframework.web.filter.OncePerRequestFilter.doFilter(OncePerRequestFilter.java:116)
	at org.springframework.security.web.FilterChainProxy$VirtualFilterChain.doFilter(FilterChainProxy.java:374)
	at org.springframework.security.web.FilterChainProxy.doFilterInternal(FilterChainProxy.java:233)
	at org.springframework.security.web.FilterChainProxy.doFilter(FilterChainProxy.java:191)
	at org.springframework.web.filter.CompositeFilter$VirtualFilterChain.doFilter(CompositeFilter.java:113)
	at org.springframework.web.servlet.handler.HandlerMappingIntrospector.lambda$createCacheFilter$3(HandlerMappingIntrospector.java:195)
	at org.springframework.web.filter.CompositeFilter$VirtualFilterChain.doFilter(CompositeFilter.java:113)
	at org.springframework.web.filter.CompositeFilter.doFilter(CompositeFilter.java:74)
	at org.springframework.security.config.annotation.web.configuration.WebMvcSecurityConfiguration$CompositeFilterChainProxy.doFilter(WebMvcSecurityConfiguration.java:230)
	at org.springframework.web.filter.DelegatingFilterProxy.invokeDelegate(DelegatingFilterProxy.java:352)
	at org.springframework.web.filter.DelegatingFilterProxy.doFilter(DelegatingFilterProxy.java:268)
	at org.apache.catalina.core.ApplicationFilterChain.internalDoFilter(ApplicationFilterChain.java:164)
	at org.apache.catalina.core.ApplicationFilterChain.doFilter(ApplicationFilterChain.java:140)
	at org.springframework.web.filter.RequestContextFilter.doFilterInternal(RequestContextFilter.java:100)
	at org.springframework.web.filter.OncePerRequestFilter.doFilter(OncePerRequestFilter.java:116)
	at org.apache.catalina.core.ApplicationFilterChain.internalDoFilter(ApplicationFilterChain.java:164)
	at org.apache.catalina.core.ApplicationFilterChain.doFilter(ApplicationFilterChain.java:140)
	at org.springframework.web.filter.FormContentFilter.doFilterInternal(FormContentFilter.java:93)
	at org.springframework.web.filter.OncePerRequestFilter.doFilter(OncePerRequestFilter.java:116)
	at org.apache.catalina.core.ApplicationFilterChain.internalDoFilter(ApplicationFilterChain.java:164)
	at org.apache.catalina.core.ApplicationFilterChain.doFilter(ApplicationFilterChain.java:140)
	at org.springframework.web.filter.CharacterEncodingFilter.doFilterInternal(CharacterEncodingFilter.java:201)
	at org.springframework.web.filter.OncePerRequestFilter.doFilter(OncePerRequestFilter.java:116)
	at org.apache.catalina.core.ApplicationFilterChain.internalDoFilter(ApplicationFilterChain.java:164)
	at org.apache.catalina.core.ApplicationFilterChain.doFilter(ApplicationFilterChain.java:140)
	at org.apache.catalina.core.StandardWrapperValve.invoke(StandardWrapperValve.java:167)
	at org.apache.catalina.core.StandardContextValve.invoke(StandardContextValve.java:90)
	at org.apache.catalina.authenticator.AuthenticatorBase.invoke(AuthenticatorBase.java:483)
	at org.apache.catalina.core.StandardHostValve.invoke(StandardHostValve.java:115)
	at org.apache.catalina.valves.ErrorReportValve.invoke(ErrorReportValve.java:93)
	at org.apache.catalina.core.StandardEngineValve.invoke(StandardEngineValve.java:74)
	at org.apache.catalina.connector.CoyoteAdapter.service(CoyoteAdapter.java:344)
	at org.apache.coyote.http11.Http11Processor.service(Http11Processor.java:384)
	at org.apache.coyote.AbstractProcessorLight.process(AbstractProcessorLight.java:63)
	at org.apache.coyote.AbstractProtocol$ConnectionHandler.process(AbstractProtocol.java:904)
	at org.apache.tomcat.util.net.NioEndpoint$SocketProcessor.doRun(NioEndpoint.java:1741)
	at org.apache.tomcat.util.net.SocketProcessorBase.run(SocketProcessorBase.java:52)
	at org.apache.tomcat.util.threads.ThreadPoolExecutor.runWorker(ThreadPoolExecutor.java:1190)
	at org.apache.tomcat.util.threads.ThreadPoolExecutor$Worker.run(ThreadPoolExecutor.java:659)
	at org.apache.tomcat.util.threads.TaskThread$WrappingRunnable.run(TaskThread.java:63)
	at java.base/java.lang.Thread.run(Thread.java:1583)
2026-05-27 11:11:05 TRACE o.s.s.w.h.writers.HstsHeaderWriter - Not injecting HSTS header since it did not match request to [Is Secure]
2026-05-27 11:11:51 TRACE o.s.security.web.FilterChainProxy - Trying to match request against DefaultSecurityFilterChain [RequestMatcher=any request, Filters=[org.springframework.security.web.session.DisableEncodeUrlFilter@36de4cfc, org.springframework.security.web.context.request.async.WebAsyncManagerIntegrationFilter@491a615e, org.springframework.security.web.context.SecurityContextHolderFilter@653eb57f, org.springframework.security.web.header.HeaderWriterFilter@2ad9360f, org.springframework.web.filter.CorsFilter@771a1078, org.springframework.security.web.authentication.logout.LogoutFilter@4da2c287, org.springframework.security.oauth2.client.web.OAuth2AuthorizationRequestRedirectFilter@7a93e855, org.springframework.security.oauth2.client.web.OAuth2LoginAuthenticationFilter@3978c879, com.utiitsl.DMSAuthService.config.auth.JwtAuthFilter@10e5ba86, org.springframework.security.web.savedrequest.RequestCacheAwareFilter@7a84a8a0, org.springframework.security.web.servletapi.SecurityContextHolderAwareRequestFilter@2b5f4b17, org.springframework.security.web.authentication.AnonymousAuthenticationFilter@706a2561, org.springframework.security.web.session.SessionManagementFilter@37bb6944, org.springframework.security.web.access.ExceptionTranslationFilter@7c6cecd5, org.springframework.security.web.access.intercept.AuthorizationFilter@fe33e9e]] (1/1)
2026-05-27 11:11:51 DEBUG o.s.security.web.FilterChainProxy - Securing GET /v1/admin/adminMessage
2026-05-27 11:11:51 TRACE o.s.security.web.FilterChainProxy - Invoking DisableEncodeUrlFilter (1/15)
2026-05-27 11:11:51 TRACE o.s.security.web.FilterChainProxy - Invoking WebAsyncManagerIntegrationFilter (2/15)
2026-05-27 11:11:51 TRACE o.s.security.web.FilterChainProxy - Invoking SecurityContextHolderFilter (3/15)
2026-05-27 11:11:51 TRACE o.s.security.web.FilterChainProxy - Invoking HeaderWriterFilter (4/15)
2026-05-27 11:11:51 TRACE o.s.security.web.FilterChainProxy - Invoking CorsFilter (5/15)
2026-05-27 11:11:51 TRACE o.s.security.web.FilterChainProxy - Invoking LogoutFilter (6/15)
2026-05-27 11:11:51 TRACE o.s.s.w.a.logout.LogoutFilter - Did not match request to Or [Ant [pattern='/logout', GET], Ant [pattern='/logout', POST], Ant [pattern='/logout', PUT], Ant [pattern='/logout', DELETE]]
2026-05-27 11:11:51 TRACE o.s.security.web.FilterChainProxy - Invoking OAuth2AuthorizationRequestRedirectFilter (7/15)
2026-05-27 11:11:51 TRACE o.s.security.web.FilterChainProxy - Invoking OAuth2LoginAuthenticationFilter (8/15)
2026-05-27 11:11:51 TRACE o.s.s.o.c.w.OAuth2LoginAuthenticationFilter - Did not match request to Ant [pattern='/login/oauth2/code/*']
2026-05-27 11:11:51 TRACE o.s.security.web.FilterChainProxy - Invoking JwtAuthFilter (9/15)
2026-05-27 11:12:00 TRACE o.s.s.w.c.SupplierDeferredSecurityContext - Created SecurityContextImpl [Null authentication]
2026-05-27 11:12:01 TRACE o.s.security.web.FilterChainProxy - Invoking RequestCacheAwareFilter (10/15)
2026-05-27 11:12:01 TRACE o.s.security.web.FilterChainProxy - Invoking SecurityContextHolderAwareRequestFilter (11/15)
2026-05-27 11:12:01 TRACE o.s.security.web.FilterChainProxy - Invoking AnonymousAuthenticationFilter (12/15)
2026-05-27 11:12:01 TRACE o.s.security.web.FilterChainProxy - Invoking SessionManagementFilter (13/15)
2026-05-27 11:12:01 TRACE o.s.s.w.a.AnonymousAuthenticationFilter - Did not set SecurityContextHolder since already authenticated UsernamePasswordAuthenticationToken [Principal=User(id=3, username=john_carter, password=$2a$10$WZeHKAsW87gHdU3jw4TnReQkkv8HhUcK4JNTbMbomisyRW4V5s1fq, email=johncarter3314@gmail.com, firstName=John, lastName=Carter, originalPassword=john_carter, activeStatus=true, role=ADMIN, mobileNo=1234567890), Credentials=[PROTECTED], Authenticated=true, Details=WebAuthenticationDetails [RemoteIpAddress=0:0:0:0:0:0:0:1, SessionId=D639216A68A53B9FFC7B7A18F4188FB8], Granted Authorities=[admin:create, admin:update, admin:delete, admin:read, ROLE_ADMIN]]
2026-05-27 11:12:01 TRACE o.s.s.w.a.s.CompositeSessionAuthenticationStrategy - Preparing session with ChangeSessionIdAuthenticationStrategy (1/1)
2026-05-27 11:12:01 WARN  o.a.c.util.SessionIdGeneratorBase - Creation of SecureRandom instance for session ID generation using [SHA1PRNG] took [115] milliseconds.
2026-05-27 11:12:01 DEBUG o.s.s.w.a.s.ChangeSessionIdAuthenticationStrategy - Changed session id from D639216A68A53B9FFC7B7A18F4188FB8
2026-05-27 11:12:01 TRACE o.s.security.web.FilterChainProxy - Invoking ExceptionTranslationFilter (14/15)
2026-05-27 11:12:01 TRACE o.s.security.web.FilterChainProxy - Invoking AuthorizationFilter (15/15)
2026-05-27 11:12:01 TRACE o.s.s.w.a.i.RequestMatcherDelegatingAuthorizationManager - Authorizing GET /v1/admin/adminMessage
2026-05-27 11:12:01 TRACE o.s.s.w.a.i.RequestMatcherDelegatingAuthorizationManager - Checking authorization on GET /v1/admin/adminMessage using AuthorityAuthorizationManager[authorities=[ROLE_SUPERADMIN, ROLE_SUPREMEADMIN, ROLE_ADMIN]]
2026-05-27 11:12:01 DEBUG o.s.security.web.FilterChainProxy - Secured GET /v1/admin/adminMessage
2026-05-27 11:12:01 TRACE o.s.s.w.h.writers.HstsHeaderWriter - Not injecting HSTS header since it did not match request to [Is Secure]
2026-05-27 11:12:26 INFO  o.s.o.j.LocalContainerEntityManagerFactoryBean - Closing JPA EntityManagerFactory for persistence unit 'default'
2026-05-27 11:12:26 INFO  com.zaxxer.hikari.HikariDataSource - HikariPool-1 - Shutdown initiated...
2026-05-27 11:12:26 INFO  com.zaxxer.hikari.HikariDataSource - HikariPool-1 - Shutdown completed.
2026-05-27 11:12:31 INFO  c.u.D.DmsAuthServiceApplication - Starting DmsAuthServiceApplication using Java 21.0.6 with PID 19248 (C:\Users\mohammada1\Desktop\Invoice_Project\AuthService\target\classes started by mohammada1 in C:\Users\mohammada1\Desktop\Invoice_Project\AuthService)
2026-05-27 11:12:31 INFO  c.u.D.DmsAuthServiceApplication - The following 1 profile is active: "dev"
2026-05-27 11:12:31 INFO  o.s.b.d.e.DevToolsPropertyDefaultsPostProcessor - Devtools property defaults active! Set 'spring.devtools.add-properties' to 'false' to disable
2026-05-27 11:12:31 INFO  o.s.b.d.e.DevToolsPropertyDefaultsPostProcessor - For additional web related logging consider setting the 'logging.level.web' property to 'DEBUG'
2026-05-27 11:12:32 INFO  o.s.d.r.c.RepositoryConfigurationDelegate - Bootstrapping Spring Data JPA repositories in DEFAULT mode.
2026-05-27 11:12:32 INFO  o.s.d.r.c.RepositoryConfigurationDelegate - Finished Spring Data repository scanning in 115 ms. Found 3 JPA repository interfaces.
2026-05-27 11:12:34 INFO  o.s.b.w.e.tomcat.TomcatWebServer - Tomcat initialized with port 8282 (http)
2026-05-27 11:12:34 INFO  o.a.catalina.core.StandardService - Starting service [Tomcat]
2026-05-27 11:12:34 INFO  o.a.catalina.core.StandardEngine - Starting Servlet engine: [Apache Tomcat/10.1.28]
2026-05-27 11:12:34 INFO  o.a.c.c.C.[.[.[/authService] - Initializing Spring embedded WebApplicationContext
2026-05-27 11:12:34 INFO  o.s.b.w.s.c.ServletWebServerApplicationContext - Root WebApplicationContext: initialization completed in 3105 ms
2026-05-27 11:12:34 INFO  o.h.jpa.internal.util.LogHelper - HHH000204: Processing PersistenceUnitInfo [name: default]
2026-05-27 11:12:34 INFO  org.hibernate.Version - HHH000412: Hibernate ORM core version 6.4.10.Final
2026-05-27 11:12:34 INFO  o.h.c.i.RegionFactoryInitiator - HHH000026: Second-level cache disabled
2026-05-27 11:12:35 INFO  o.s.o.j.p.SpringPersistenceUnitInfo - No LoadTimeWeaver setup: ignoring JPA class transformer
2026-05-27 11:12:35 INFO  com.zaxxer.hikari.HikariDataSource - HikariPool-1 - Starting...
2026-05-27 11:12:35 INFO  com.zaxxer.hikari.pool.HikariPool - HikariPool-1 - Added connection com.mysql.cj.jdbc.ConnectionImpl@5f231157
2026-05-27 11:12:35 INFO  com.zaxxer.hikari.HikariDataSource - HikariPool-1 - Start completed.
2026-05-27 11:12:36 INFO  o.h.e.t.j.p.i.JtaPlatformInitiator - HHH000489: No JTA platform available (set 'hibernate.transaction.jta.platform' to enable JTA platform integration)
2026-05-27 11:12:36 INFO  o.s.o.j.LocalContainerEntityManagerFactoryBean - Initialized JPA EntityManagerFactory for persistence unit 'default'
2026-05-27 11:12:37 INFO  o.s.d.j.r.query.QueryEnhancerFactory - Hibernate is in classpath; If applicable, HQL parser will be used.
2026-05-27 11:12:37 TRACE o.s.s.c.a.a.c.AuthenticationConfiguration$EnableGlobalAuthenticationAutowiredConfigurer - Eagerly initializing {securityConfiguration=com.utiitsl.DMSAuthService.config.auth.SecurityConfiguration$$SpringCGLIB$$0@14ceb936}
2026-05-27 11:12:38 DEBUG o.s.s.a.p.PrePostAnnotationSecurityMetadataSource - @org.springframework.security.access.prepost.PreAuthorize("hasAuthority(\'admin:delete\')") found on specific method: public org.springframework.http.ResponseEntity com.utiitsl.DMSAuthService.controller.dash.DashController.deleteUserById(java.lang.Integer)
2026-05-27 11:12:38 DEBUG o.s.s.a.m.DelegatingMethodSecurityMetadataSource - Caching method [CacheKey[com.utiitsl.DMSAuthService.controller.dash.DashController; public org.springframework.http.ResponseEntity com.utiitsl.DMSAuthService.controller.dash.DashController.deleteUserById(java.lang.Integer)]] with attributes [[authorize: 'hasAuthority('admin:delete')', filter: 'null', filterTarget: 'null']]
2026-05-27 11:12:38 TRACE o.s.s.a.i.a.MethodSecurityInterceptor - Validated configuration attributes
2026-05-27 11:12:38 DEBUG o.s.s.a.p.PrePostAnnotationSecurityMetadataSource - @org.springframework.security.access.prepost.PreAuthorize("hasAuthority(\'admin:update\')") found on specific method: public org.springframework.http.ResponseEntity com.utiitsl.DMSAuthService.controller.dash.DashController.updateUser(com.utiitsl.DMSAuthService.dto.UserDTO,java.lang.Integer)
2026-05-27 11:12:38 DEBUG o.s.s.a.m.DelegatingMethodSecurityMetadataSource - Caching method [CacheKey[com.utiitsl.DMSAuthService.controller.dash.DashController; public org.springframework.http.ResponseEntity com.utiitsl.DMSAuthService.controller.dash.DashController.updateUser(com.utiitsl.DMSAuthService.dto.UserDTO,java.lang.Integer)]] with attributes [[authorize: 'hasAuthority('admin:update')', filter: 'null', filterTarget: 'null']]
2026-05-27 11:12:38 DEBUG o.s.s.a.p.PrePostAnnotationSecurityMetadataSource - @org.springframework.security.access.prepost.PreAuthorize("hasRole(\'ROLE_APPLICATION_ADMIN\') or hasRole(\'ROLE_ADMIN\')") found on specific method: public org.springframework.http.ResponseEntity com.utiitsl.DMSAuthService.controller.user.UserController.activateDeactivateUser(java.lang.String,boolean)
2026-05-27 11:12:38 DEBUG o.s.s.a.m.DelegatingMethodSecurityMetadataSource - Caching method [CacheKey[com.utiitsl.DMSAuthService.controller.user.UserController; public org.springframework.http.ResponseEntity com.utiitsl.DMSAuthService.controller.user.UserController.activateDeactivateUser(java.lang.String,boolean)]] with attributes [[authorize: 'hasRole('ROLE_APPLICATION_ADMIN') or hasRole('ROLE_ADMIN')', filter: 'null', filterTarget: 'null']]
2026-05-27 11:12:38 DEBUG o.s.s.a.p.PrePostAnnotationSecurityMetadataSource - @org.springframework.security.access.prepost.PreAuthorize("hasRole(\'ROLE_APPLICATION_ADMIN\') or hasRole(\'ROLE_ADMIN\')") found on specific method: public org.springframework.http.ResponseEntity com.utiitsl.DMSAuthService.controller.user.UserController.register(com.utiitsl.DMSAuthService.dto.RegisterRequestDTO,java.lang.String,jakarta.servlet.http.HttpServletRequest)
2026-05-27 11:12:38 DEBUG o.s.s.a.m.DelegatingMethodSecurityMetadataSource - Caching method [CacheKey[com.utiitsl.DMSAuthService.controller.user.UserController; public org.springframework.http.ResponseEntity com.utiitsl.DMSAuthService.controller.user.UserController.register(com.utiitsl.DMSAuthService.dto.RegisterRequestDTO,java.lang.String,jakarta.servlet.http.HttpServletRequest)]] with attributes [[authorize: 'hasRole('ROLE_APPLICATION_ADMIN') or hasRole('ROLE_ADMIN')', filter: 'null', filterTarget: 'null']]
2026-05-27 11:12:38 DEBUG o.s.s.a.p.PrePostAnnotationSecurityMetadataSource - @org.springframework.security.access.prepost.PreAuthorize("hasRole(\'ROLE_APPLICATION_ADMIN\') or hasRole(\'ROLE_ADMIN\')") found on specific method: public org.springframework.http.ResponseEntity com.utiitsl.DMSAuthService.controller.user.UserController.getAllUser(int,int,java.lang.String,jakarta.servlet.http.HttpServletRequest)
2026-05-27 11:12:38 DEBUG o.s.s.a.m.DelegatingMethodSecurityMetadataSource - Caching method [CacheKey[com.utiitsl.DMSAuthService.controller.user.UserController; public org.springframework.http.ResponseEntity com.utiitsl.DMSAuthService.controller.user.UserController.getAllUser(int,int,java.lang.String,jakarta.servlet.http.HttpServletRequest)]] with attributes [[authorize: 'hasRole('ROLE_APPLICATION_ADMIN') or hasRole('ROLE_ADMIN')', filter: 'null', filterTarget: 'null']]
2026-05-27 11:12:38 WARN  o.s.b.a.o.j.JpaBaseConfiguration$JpaWebConfiguration - spring.jpa.open-in-view is enabled by default. Therefore, database queries may be performed during view rendering. Explicitly configure spring.jpa.open-in-view to disable this warning
2026-05-27 11:12:39 INFO  o.s.s.web.DefaultSecurityFilterChain - Will secure any request with [org.springframework.security.web.session.DisableEncodeUrlFilter@5ccc5e43, org.springframework.security.web.context.request.async.WebAsyncManagerIntegrationFilter@1092fcb6, org.springframework.security.web.context.SecurityContextHolderFilter@7bf114bd, org.springframework.security.web.header.HeaderWriterFilter@7c6cecd5, org.springframework.web.filter.CorsFilter@36de4cfc, org.springframework.security.web.authentication.logout.LogoutFilter@463be164, org.springframework.security.oauth2.client.web.OAuth2AuthorizationRequestRedirectFilter@14f91076, org.springframework.security.oauth2.client.web.OAuth2LoginAuthenticationFilter@8888357, com.utiitsl.DMSAuthService.config.auth.JwtAuthFilter@10e5ba86, org.springframework.security.web.savedrequest.RequestCacheAwareFilter@653eb57f, org.springframework.security.web.servletapi.SecurityContextHolderAwareRequestFilter@7a84a8a0, org.springframework.security.web.authentication.AnonymousAuthenticationFilter@491a615e, org.springframework.security.web.session.SessionManagementFilter@2ad9360f, org.springframework.security.web.access.ExceptionTranslationFilter@6d4c06a7, org.springframework.security.web.access.intercept.AuthorizationFilter@1036fbe5]
2026-05-27 11:12:40 INFO  o.s.b.d.a.OptionalLiveReloadServer - LiveReload server is running on port 35729
2026-05-27 11:12:40 INFO  o.s.b.w.e.tomcat.TomcatWebServer - Tomcat started on port 8282 (http) with context path '/authService'
2026-05-27 11:12:40 INFO  c.u.D.DmsAuthServiceApplication - Started DmsAuthServiceApplication in 9.813 seconds (process running for 10.901)
2026-05-27 11:12:47 INFO  o.a.c.c.C.[.[.[/authService] - Initializing Spring DispatcherServlet 'dispatcherServlet'
2026-05-27 11:12:47 INFO  o.s.web.servlet.DispatcherServlet - Initializing Servlet 'dispatcherServlet'
2026-05-27 11:12:47 INFO  o.s.web.servlet.DispatcherServlet - Completed initialization in 2 ms
2026-05-27 11:12:47 TRACE o.s.security.web.FilterChainProxy - Trying to match request against DefaultSecurityFilterChain [RequestMatcher=any request, Filters=[org.springframework.security.web.session.DisableEncodeUrlFilter@5ccc5e43, org.springframework.security.web.context.request.async.WebAsyncManagerIntegrationFilter@1092fcb6, org.springframework.security.web.context.SecurityContextHolderFilter@7bf114bd, org.springframework.security.web.header.HeaderWriterFilter@7c6cecd5, org.springframework.web.filter.CorsFilter@36de4cfc, org.springframework.security.web.authentication.logout.LogoutFilter@463be164, org.springframework.security.oauth2.client.web.OAuth2AuthorizationRequestRedirectFilter@14f91076, org.springframework.security.oauth2.client.web.OAuth2LoginAuthenticationFilter@8888357, com.utiitsl.DMSAuthService.config.auth.JwtAuthFilter@10e5ba86, org.springframework.security.web.savedrequest.RequestCacheAwareFilter@653eb57f, org.springframework.security.web.servletapi.SecurityContextHolderAwareRequestFilter@7a84a8a0, org.springframework.security.web.authentication.AnonymousAuthenticationFilter@491a615e, org.springframework.security.web.session.SessionManagementFilter@2ad9360f, org.springframework.security.web.access.ExceptionTranslationFilter@6d4c06a7, org.springframework.security.web.access.intercept.AuthorizationFilter@1036fbe5]] (1/1)
2026-05-27 11:12:47 DEBUG o.s.security.web.FilterChainProxy - Securing GET /v1/admin/adminMessage
2026-05-27 11:12:47 TRACE o.s.security.web.FilterChainProxy - Invoking DisableEncodeUrlFilter (1/15)
2026-05-27 11:12:47 TRACE o.s.security.web.FilterChainProxy - Invoking WebAsyncManagerIntegrationFilter (2/15)
2026-05-27 11:12:47 TRACE o.s.security.web.FilterChainProxy - Invoking SecurityContextHolderFilter (3/15)
2026-05-27 11:12:47 TRACE o.s.security.web.FilterChainProxy - Invoking HeaderWriterFilter (4/15)
2026-05-27 11:12:47 TRACE o.s.security.web.FilterChainProxy - Invoking CorsFilter (5/15)
2026-05-27 11:12:47 TRACE o.s.security.web.FilterChainProxy - Invoking LogoutFilter (6/15)
2026-05-27 11:12:47 TRACE o.s.s.w.a.logout.LogoutFilter - Did not match request to Or [Ant [pattern='/logout', GET], Ant [pattern='/logout', POST], Ant [pattern='/logout', PUT], Ant [pattern='/logout', DELETE]]
2026-05-27 11:12:47 TRACE o.s.security.web.FilterChainProxy - Invoking OAuth2AuthorizationRequestRedirectFilter (7/15)
2026-05-27 11:12:47 TRACE o.s.security.web.FilterChainProxy - Invoking OAuth2LoginAuthenticationFilter (8/15)
2026-05-27 11:12:47 TRACE o.s.s.o.c.w.OAuth2LoginAuthenticationFilter - Did not match request to Ant [pattern='/login/oauth2/code/*']
2026-05-27 11:12:47 TRACE o.s.security.web.FilterChainProxy - Invoking JwtAuthFilter (9/15)
2026-05-27 11:12:55 TRACE o.s.s.w.c.SupplierDeferredSecurityContext - Created SecurityContextImpl [Null authentication]
2026-05-27 11:12:57 TRACE o.s.security.web.FilterChainProxy - Invoking RequestCacheAwareFilter (10/15)
2026-05-27 11:12:57 TRACE o.s.security.web.FilterChainProxy - Invoking SecurityContextHolderAwareRequestFilter (11/15)
2026-05-27 11:12:57 TRACE o.s.security.web.FilterChainProxy - Invoking AnonymousAuthenticationFilter (12/15)
2026-05-27 11:12:57 TRACE o.s.security.web.FilterChainProxy - Invoking SessionManagementFilter (13/15)
2026-05-27 11:12:57 TRACE o.s.s.w.a.AnonymousAuthenticationFilter - Did not set SecurityContextHolder since already authenticated UsernamePasswordAuthenticationToken [Principal=User(id=3, username=john_carter, password=$2a$10$WZeHKAsW87gHdU3jw4TnReQkkv8HhUcK4JNTbMbomisyRW4V5s1fq, email=johncarter3314@gmail.com, firstName=John, lastName=Carter, originalPassword=john_carter, activeStatus=true, role=ADMIN, mobileNo=1234567890), Credentials=[PROTECTED], Authenticated=true, Details=WebAuthenticationDetails [RemoteIpAddress=0:0:0:0:0:0:0:1, SessionId=15F3B65C69238D01DBE107ECE6493485], Granted Authorities=[admin:read, admin:create, admin:update, admin:delete, ROLE_ADMIN]]
2026-05-27 11:12:57 TRACE o.s.s.w.a.s.CompositeSessionAuthenticationStrategy - Preparing session with ChangeSessionIdAuthenticationStrategy (1/1)
2026-05-27 11:12:57 WARN  o.a.c.util.SessionIdGeneratorBase - Creation of SecureRandom instance for session ID generation using [SHA1PRNG] took [133] milliseconds.
2026-05-27 11:12:57 DEBUG o.s.s.w.a.s.ChangeSessionIdAuthenticationStrategy - Changed session id from 15F3B65C69238D01DBE107ECE6493485
2026-05-27 11:12:57 TRACE o.s.security.web.FilterChainProxy - Invoking ExceptionTranslationFilter (14/15)
2026-05-27 11:12:57 TRACE o.s.security.web.FilterChainProxy - Invoking AuthorizationFilter (15/15)
2026-05-27 11:12:57 TRACE o.s.s.w.a.i.RequestMatcherDelegatingAuthorizationManager - Authorizing GET /v1/admin/adminMessage
2026-05-27 11:12:57 TRACE o.s.s.w.a.i.RequestMatcherDelegatingAuthorizationManager - Checking authorization on GET /v1/admin/adminMessage using AuthorityAuthorizationManager[authorities=[ROLE_SUPREMEADMIN, ROLE_ADMIN, ROLE_SUPERADMIN]]
2026-05-27 11:12:57 DEBUG o.s.security.web.FilterChainProxy - Secured GET /v1/admin/adminMessage
2026-05-27 11:12:58 TRACE o.s.s.w.h.writers.HstsHeaderWriter - Not injecting HSTS header since it did not match request to [Is Secure]
2026-05-27 11:13:50 INFO  o.s.o.j.LocalContainerEntityManagerFactoryBean - Closing JPA EntityManagerFactory for persistence unit 'default'
2026-05-27 11:13:50 INFO  com.zaxxer.hikari.HikariDataSource - HikariPool-1 - Shutdown initiated...
2026-05-27 11:13:50 INFO  com.zaxxer.hikari.HikariDataSource - HikariPool-1 - Shutdown completed.
2026-05-27 11:13:56 INFO  c.u.D.DmsAuthServiceApplication - Starting DmsAuthServiceApplication using Java 21.0.6 with PID 30032 (C:\Users\mohammada1\Desktop\Invoice_Project\AuthService\target\classes started by mohammada1 in C:\Users\mohammada1\Desktop\Invoice_Project\AuthService)
2026-05-27 11:13:56 INFO  c.u.D.DmsAuthServiceApplication - The following 1 profile is active: "dev"
2026-05-27 11:13:56 INFO  o.s.b.d.e.DevToolsPropertyDefaultsPostProcessor - Devtools property defaults active! Set 'spring.devtools.add-properties' to 'false' to disable
2026-05-27 11:13:56 INFO  o.s.b.d.e.DevToolsPropertyDefaultsPostProcessor - For additional web related logging consider setting the 'logging.level.web' property to 'DEBUG'
2026-05-27 11:13:57 INFO  o.s.d.r.c.RepositoryConfigurationDelegate - Bootstrapping Spring Data JPA repositories in DEFAULT mode.
2026-05-27 11:13:58 INFO  o.s.d.r.c.RepositoryConfigurationDelegate - Finished Spring Data repository scanning in 107 ms. Found 3 JPA repository interfaces.
2026-05-27 11:13:59 INFO  o.s.b.w.e.tomcat.TomcatWebServer - Tomcat initialized with port 8282 (http)
2026-05-27 11:13:59 INFO  o.a.catalina.core.StandardService - Starting service [Tomcat]
2026-05-27 11:13:59 INFO  o.a.catalina.core.StandardEngine - Starting Servlet engine: [Apache Tomcat/10.1.28]
2026-05-27 11:13:59 INFO  o.a.c.c.C.[.[.[/authService] - Initializing Spring embedded WebApplicationContext
2026-05-27 11:13:59 INFO  o.s.b.w.s.c.ServletWebServerApplicationContext - Root WebApplicationContext: initialization completed in 2774 ms
2026-05-27 11:13:59 INFO  o.h.jpa.internal.util.LogHelper - HHH000204: Processing PersistenceUnitInfo [name: default]
2026-05-27 11:13:59 INFO  org.hibernate.Version - HHH000412: Hibernate ORM core version 6.4.10.Final
2026-05-27 11:13:59 INFO  o.h.c.i.RegionFactoryInitiator - HHH000026: Second-level cache disabled
2026-05-27 11:14:00 INFO  o.s.o.j.p.SpringPersistenceUnitInfo - No LoadTimeWeaver setup: ignoring JPA class transformer
2026-05-27 11:14:00 INFO  com.zaxxer.hikari.HikariDataSource - HikariPool-1 - Starting...
2026-05-27 11:14:00 INFO  com.zaxxer.hikari.pool.HikariPool - HikariPool-1 - Added connection com.mysql.cj.jdbc.ConnectionImpl@10b7607d
2026-05-27 11:14:00 INFO  com.zaxxer.hikari.HikariDataSource - HikariPool-1 - Start completed.
2026-05-27 11:14:01 INFO  o.h.e.t.j.p.i.JtaPlatformInitiator - HHH000489: No JTA platform available (set 'hibernate.transaction.jta.platform' to enable JTA platform integration)
2026-05-27 11:14:01 INFO  o.s.o.j.LocalContainerEntityManagerFactoryBean - Initialized JPA EntityManagerFactory for persistence unit 'default'
2026-05-27 11:14:02 INFO  o.s.d.j.r.query.QueryEnhancerFactory - Hibernate is in classpath; If applicable, HQL parser will be used.
2026-05-27 11:14:02 TRACE o.s.s.c.a.a.c.AuthenticationConfiguration$EnableGlobalAuthenticationAutowiredConfigurer - Eagerly initializing {securityConfiguration=com.utiitsl.DMSAuthService.config.auth.SecurityConfiguration$$SpringCGLIB$$0@1159d692}
2026-05-27 11:14:02 DEBUG o.s.s.a.p.PrePostAnnotationSecurityMetadataSource - @org.springframework.security.access.prepost.PreAuthorize("hasAuthority(\'admin:update\')") found on specific method: public org.springframework.http.ResponseEntity com.utiitsl.DMSAuthService.controller.dash.DashController.updateUser(com.utiitsl.DMSAuthService.dto.UserDTO,java.lang.Integer)
2026-05-27 11:14:02 DEBUG o.s.s.a.m.DelegatingMethodSecurityMetadataSource - Caching method [CacheKey[com.utiitsl.DMSAuthService.controller.dash.DashController; public org.springframework.http.ResponseEntity com.utiitsl.DMSAuthService.controller.dash.DashController.updateUser(com.utiitsl.DMSAuthService.dto.UserDTO,java.lang.Integer)]] with attributes [[authorize: 'hasAuthority('admin:update')', filter: 'null', filterTarget: 'null']]
2026-05-27 11:14:02 TRACE o.s.s.a.i.a.MethodSecurityInterceptor - Validated configuration attributes
2026-05-27 11:14:02 DEBUG o.s.s.a.p.PrePostAnnotationSecurityMetadataSource - @org.springframework.security.access.prepost.PreAuthorize("hasAuthority(\'admin:delete\')") found on specific method: public org.springframework.http.ResponseEntity com.utiitsl.DMSAuthService.controller.dash.DashController.deleteUserById(java.lang.Integer)
2026-05-27 11:14:02 DEBUG o.s.s.a.m.DelegatingMethodSecurityMetadataSource - Caching method [CacheKey[com.utiitsl.DMSAuthService.controller.dash.DashController; public org.springframework.http.ResponseEntity com.utiitsl.DMSAuthService.controller.dash.DashController.deleteUserById(java.lang.Integer)]] with attributes [[authorize: 'hasAuthority('admin:delete')', filter: 'null', filterTarget: 'null']]
2026-05-27 11:14:02 DEBUG o.s.s.a.p.PrePostAnnotationSecurityMetadataSource - @org.springframework.security.access.prepost.PreAuthorize("hasRole(\'ROLE_APPLICATION_ADMIN\') or hasRole(\'ROLE_ADMIN\')") found on specific method: public org.springframework.http.ResponseEntity com.utiitsl.DMSAuthService.controller.user.UserController.register(com.utiitsl.DMSAuthService.dto.RegisterRequestDTO,java.lang.String,jakarta.servlet.http.HttpServletRequest)
2026-05-27 11:14:02 DEBUG o.s.s.a.m.DelegatingMethodSecurityMetadataSource - Caching method [CacheKey[com.utiitsl.DMSAuthService.controller.user.UserController; public org.springframework.http.ResponseEntity com.utiitsl.DMSAuthService.controller.user.UserController.register(com.utiitsl.DMSAuthService.dto.RegisterRequestDTO,java.lang.String,jakarta.servlet.http.HttpServletRequest)]] with attributes [[authorize: 'hasRole('ROLE_APPLICATION_ADMIN') or hasRole('ROLE_ADMIN')', filter: 'null', filterTarget: 'null']]
2026-05-27 11:14:02 DEBUG o.s.s.a.p.PrePostAnnotationSecurityMetadataSource - @org.springframework.security.access.prepost.PreAuthorize("hasRole(\'ROLE_APPLICATION_ADMIN\') or hasRole(\'ROLE_ADMIN\')") found on specific method: public org.springframework.http.ResponseEntity com.utiitsl.DMSAuthService.controller.user.UserController.getAllUser(int,int,java.lang.String,jakarta.servlet.http.HttpServletRequest)
2026-05-27 11:14:02 DEBUG o.s.s.a.m.DelegatingMethodSecurityMetadataSource - Caching method [CacheKey[com.utiitsl.DMSAuthService.controller.user.UserController; public org.springframework.http.ResponseEntity com.utiitsl.DMSAuthService.controller.user.UserController.getAllUser(int,int,java.lang.String,jakarta.servlet.http.HttpServletRequest)]] with attributes [[authorize: 'hasRole('ROLE_APPLICATION_ADMIN') or hasRole('ROLE_ADMIN')', filter: 'null', filterTarget: 'null']]
2026-05-27 11:14:02 DEBUG o.s.s.a.p.PrePostAnnotationSecurityMetadataSource - @org.springframework.security.access.prepost.PreAuthorize("hasRole(\'ROLE_APPLICATION_ADMIN\') or hasRole(\'ROLE_ADMIN\')") found on specific method: public org.springframework.http.ResponseEntity com.utiitsl.DMSAuthService.controller.user.UserController.activateDeactivateUser(java.lang.String,boolean)
2026-05-27 11:14:02 DEBUG o.s.s.a.m.DelegatingMethodSecurityMetadataSource - Caching method [CacheKey[com.utiitsl.DMSAuthService.controller.user.UserController; public org.springframework.http.ResponseEntity com.utiitsl.DMSAuthService.controller.user.UserController.activateDeactivateUser(java.lang.String,boolean)]] with attributes [[authorize: 'hasRole('ROLE_APPLICATION_ADMIN') or hasRole('ROLE_ADMIN')', filter: 'null', filterTarget: 'null']]
2026-05-27 11:14:03 WARN  o.s.b.a.o.j.JpaBaseConfiguration$JpaWebConfiguration - spring.jpa.open-in-view is enabled by default. Therefore, database queries may be performed during view rendering. Explicitly configure spring.jpa.open-in-view to disable this warning
2026-05-27 11:14:04 INFO  o.s.s.web.DefaultSecurityFilterChain - Will secure any request with [org.springframework.security.web.session.DisableEncodeUrlFilter@28438862, org.springframework.security.web.context.request.async.WebAsyncManagerIntegrationFilter@25a83588, org.springframework.security.web.context.SecurityContextHolderFilter@a6aa441, org.springframework.security.web.header.HeaderWriterFilter@7a84a8a0, org.springframework.web.filter.CorsFilter@663d46ed, org.springframework.security.web.authentication.logout.LogoutFilter@3fcd612d, org.springframework.security.oauth2.client.web.OAuth2AuthorizationRequestRedirectFilter@491a615e, org.springframework.security.oauth2.client.web.OAuth2LoginAuthenticationFilter@34973e3c, com.utiitsl.DMSAuthService.config.auth.JwtAuthFilter@56323ee, org.springframework.security.web.savedrequest.RequestCacheAwareFilter@7b2fb3d5, org.springframework.security.web.servletapi.SecurityContextHolderAwareRequestFilter@28eb9d72, org.springframework.security.web.authentication.AnonymousAuthenticationFilter@7020e495, org.springframework.security.web.session.SessionManagementFilter@2b5f4b17, org.springframework.security.web.access.ExceptionTranslationFilter@653eb57f, org.springframework.security.web.access.intercept.AuthorizationFilter@6688f334]
2026-05-27 11:14:05 INFO  o.s.b.d.a.OptionalLiveReloadServer - LiveReload server is running on port 35729
2026-05-27 11:14:05 INFO  o.s.b.w.e.tomcat.TomcatWebServer - Tomcat started on port 8282 (http) with context path '/authService'
2026-05-27 11:14:05 INFO  c.u.D.DmsAuthServiceApplication - Started DmsAuthServiceApplication in 9.767 seconds (process running for 11.126)
2026-05-27 11:14:09 INFO  o.a.c.c.C.[.[.[/authService] - Initializing Spring DispatcherServlet 'dispatcherServlet'
2026-05-27 11:14:09 INFO  o.s.web.servlet.DispatcherServlet - Initializing Servlet 'dispatcherServlet'
2026-05-27 11:14:09 INFO  o.s.web.servlet.DispatcherServlet - Completed initialization in 1 ms
2026-05-27 11:14:09 TRACE o.s.security.web.FilterChainProxy - Trying to match request against DefaultSecurityFilterChain [RequestMatcher=any request, Filters=[org.springframework.security.web.session.DisableEncodeUrlFilter@28438862, org.springframework.security.web.context.request.async.WebAsyncManagerIntegrationFilter@25a83588, org.springframework.security.web.context.SecurityContextHolderFilter@a6aa441, org.springframework.security.web.header.HeaderWriterFilter@7a84a8a0, org.springframework.web.filter.CorsFilter@663d46ed, org.springframework.security.web.authentication.logout.LogoutFilter@3fcd612d, org.springframework.security.oauth2.client.web.OAuth2AuthorizationRequestRedirectFilter@491a615e, org.springframework.security.oauth2.client.web.OAuth2LoginAuthenticationFilter@34973e3c, com.utiitsl.DMSAuthService.config.auth.JwtAuthFilter@56323ee, org.springframework.security.web.savedrequest.RequestCacheAwareFilter@7b2fb3d5, org.springframework.security.web.servletapi.SecurityContextHolderAwareRequestFilter@28eb9d72, org.springframework.security.web.authentication.AnonymousAuthenticationFilter@7020e495, org.springframework.security.web.session.SessionManagementFilter@2b5f4b17, org.springframework.security.web.access.ExceptionTranslationFilter@653eb57f, org.springframework.security.web.access.intercept.AuthorizationFilter@6688f334]] (1/1)
2026-05-27 11:14:09 DEBUG o.s.security.web.FilterChainProxy - Securing GET /v1/admin/adminMessage
2026-05-27 11:14:09 TRACE o.s.security.web.FilterChainProxy - Invoking DisableEncodeUrlFilter (1/15)
2026-05-27 11:14:09 TRACE o.s.security.web.FilterChainProxy - Invoking WebAsyncManagerIntegrationFilter (2/15)
2026-05-27 11:14:09 TRACE o.s.security.web.FilterChainProxy - Invoking SecurityContextHolderFilter (3/15)
2026-05-27 11:14:09 TRACE o.s.security.web.FilterChainProxy - Invoking HeaderWriterFilter (4/15)
2026-05-27 11:14:09 TRACE o.s.security.web.FilterChainProxy - Invoking CorsFilter (5/15)
2026-05-27 11:14:09 TRACE o.s.security.web.FilterChainProxy - Invoking LogoutFilter (6/15)
2026-05-27 11:14:09 TRACE o.s.s.w.a.logout.LogoutFilter - Did not match request to Or [Ant [pattern='/logout', GET], Ant [pattern='/logout', POST], Ant [pattern='/logout', PUT], Ant [pattern='/logout', DELETE]]
2026-05-27 11:14:09 TRACE o.s.security.web.FilterChainProxy - Invoking OAuth2AuthorizationRequestRedirectFilter (7/15)
2026-05-27 11:14:09 TRACE o.s.security.web.FilterChainProxy - Invoking OAuth2LoginAuthenticationFilter (8/15)
2026-05-27 11:14:09 TRACE o.s.s.o.c.w.OAuth2LoginAuthenticationFilter - Did not match request to Ant [pattern='/login/oauth2/code/*']
2026-05-27 11:14:09 TRACE o.s.security.web.FilterChainProxy - Invoking JwtAuthFilter (9/15)
2026-05-27 11:14:14 TRACE o.s.s.w.c.SupplierDeferredSecurityContext - Created SecurityContextImpl [Null authentication]
2026-05-27 11:14:14 TRACE o.s.security.web.FilterChainProxy - Invoking RequestCacheAwareFilter (10/15)
2026-05-27 11:14:14 TRACE o.s.security.web.FilterChainProxy - Invoking SecurityContextHolderAwareRequestFilter (11/15)
2026-05-27 11:14:14 TRACE o.s.security.web.FilterChainProxy - Invoking AnonymousAuthenticationFilter (12/15)
2026-05-27 11:14:14 TRACE o.s.security.web.FilterChainProxy - Invoking SessionManagementFilter (13/15)
2026-05-27 11:14:14 TRACE o.s.s.w.a.AnonymousAuthenticationFilter - Did not set SecurityContextHolder since already authenticated UsernamePasswordAuthenticationToken [Principal=User(id=3, username=john_carter, password=$2a$10$WZeHKAsW87gHdU3jw4TnReQkkv8HhUcK4JNTbMbomisyRW4V5s1fq, email=johncarter3314@gmail.com, firstName=John, lastName=Carter, originalPassword=john_carter, activeStatus=true, role=ADMIN, mobileNo=1234567890), Credentials=[PROTECTED], Authenticated=true, Details=WebAuthenticationDetails [RemoteIpAddress=0:0:0:0:0:0:0:1, SessionId=DEF3285A551B44A7612B9DCEFA1F9974], Granted Authorities=[admin:delete, admin:read, admin:create, admin:update, ROLE_ADMIN]]
2026-05-27 11:14:14 TRACE o.s.s.w.a.s.CompositeSessionAuthenticationStrategy - Preparing session with ChangeSessionIdAuthenticationStrategy (1/1)
2026-05-27 11:14:14 DEBUG o.s.s.w.a.s.ChangeSessionIdAuthenticationStrategy - Changed session id from DEF3285A551B44A7612B9DCEFA1F9974
2026-05-27 11:14:14 TRACE o.s.security.web.FilterChainProxy - Invoking ExceptionTranslationFilter (14/15)
2026-05-27 11:14:14 TRACE o.s.security.web.FilterChainProxy - Invoking AuthorizationFilter (15/15)
2026-05-27 11:14:14 TRACE o.s.s.w.a.i.RequestMatcherDelegatingAuthorizationManager - Authorizing GET /v1/admin/adminMessage
2026-05-27 11:14:14 TRACE o.s.s.w.a.i.RequestMatcherDelegatingAuthorizationManager - Checking authorization on GET /v1/admin/adminMessage using AuthorityAuthorizationManager[authorities=[ROLE_SUPERADMIN, ROLE_ADMIN, ROLE_SUPREMEADMIN]]
2026-05-27 11:14:14 DEBUG o.s.security.web.FilterChainProxy - Secured GET /v1/admin/adminMessage
2026-05-27 11:14:14 TRACE o.s.s.w.h.writers.HstsHeaderWriter - Not injecting HSTS header since it did not match request to [Is Secure]
2026-05-27 11:14:19 TRACE o.s.security.web.FilterChainProxy - Trying to match request against DefaultSecurityFilterChain [RequestMatcher=any request, Filters=[org.springframework.security.web.session.DisableEncodeUrlFilter@28438862, org.springframework.security.web.context.request.async.WebAsyncManagerIntegrationFilter@25a83588, org.springframework.security.web.context.SecurityContextHolderFilter@a6aa441, org.springframework.security.web.header.HeaderWriterFilter@7a84a8a0, org.springframework.web.filter.CorsFilter@663d46ed, org.springframework.security.web.authentication.logout.LogoutFilter@3fcd612d, org.springframework.security.oauth2.client.web.OAuth2AuthorizationRequestRedirectFilter@491a615e, org.springframework.security.oauth2.client.web.OAuth2LoginAuthenticationFilter@34973e3c, com.utiitsl.DMSAuthService.config.auth.JwtAuthFilter@56323ee, org.springframework.security.web.savedrequest.RequestCacheAwareFilter@7b2fb3d5, org.springframework.security.web.servletapi.SecurityContextHolderAwareRequestFilter@28eb9d72, org.springframework.security.web.authentication.AnonymousAuthenticationFilter@7020e495, org.springframework.security.web.session.SessionManagementFilter@2b5f4b17, org.springframework.security.web.access.ExceptionTranslationFilter@653eb57f, org.springframework.security.web.access.intercept.AuthorizationFilter@6688f334]] (1/1)
2026-05-27 11:14:19 DEBUG o.s.security.web.FilterChainProxy - Securing GET /v1/admin/adminMessage
2026-05-27 11:14:19 TRACE o.s.security.web.FilterChainProxy - Invoking DisableEncodeUrlFilter (1/15)
2026-05-27 11:14:19 TRACE o.s.security.web.FilterChainProxy - Invoking WebAsyncManagerIntegrationFilter (2/15)
2026-05-27 11:14:19 TRACE o.s.security.web.FilterChainProxy - Invoking SecurityContextHolderFilter (3/15)
2026-05-27 11:14:19 TRACE o.s.security.web.FilterChainProxy - Invoking HeaderWriterFilter (4/15)
2026-05-27 11:14:19 TRACE o.s.security.web.FilterChainProxy - Invoking CorsFilter (5/15)
2026-05-27 11:14:19 TRACE o.s.security.web.FilterChainProxy - Invoking LogoutFilter (6/15)
2026-05-27 11:14:19 TRACE o.s.s.w.a.logout.LogoutFilter - Did not match request to Or [Ant [pattern='/logout', GET], Ant [pattern='/logout', POST], Ant [pattern='/logout', PUT], Ant [pattern='/logout', DELETE]]
2026-05-27 11:14:19 TRACE o.s.security.web.FilterChainProxy - Invoking OAuth2AuthorizationRequestRedirectFilter (7/15)
2026-05-27 11:14:19 TRACE o.s.security.web.FilterChainProxy - Invoking OAuth2LoginAuthenticationFilter (8/15)
2026-05-27 11:14:19 TRACE o.s.s.o.c.w.OAuth2LoginAuthenticationFilter - Did not match request to Ant [pattern='/login/oauth2/code/*']
2026-05-27 11:14:19 TRACE o.s.security.web.FilterChainProxy - Invoking JwtAuthFilter (9/15)
2026-05-27 11:14:24 TRACE o.s.security.web.FilterChainProxy - Invoking RequestCacheAwareFilter (10/15)
2026-05-27 11:14:24 TRACE o.s.security.web.FilterChainProxy - Invoking SecurityContextHolderAwareRequestFilter (11/15)
2026-05-27 11:14:24 TRACE o.s.security.web.FilterChainProxy - Invoking AnonymousAuthenticationFilter (12/15)
2026-05-27 11:14:24 TRACE o.s.security.web.FilterChainProxy - Invoking SessionManagementFilter (13/15)
2026-05-27 11:14:24 TRACE o.s.s.w.c.SupplierDeferredSecurityContext - Created SecurityContextImpl [Null authentication]
2026-05-27 11:14:24 TRACE o.s.s.w.a.AnonymousAuthenticationFilter - Set SecurityContextHolder to AnonymousAuthenticationToken [Principal=anonymousUser, Credentials=[PROTECTED], Authenticated=true, Details=WebAuthenticationDetails [RemoteIpAddress=0:0:0:0:0:0:0:1, SessionId=654620B03E47687C2C50F6E3A7151BFB], Granted Authorities=[ROLE_ANONYMOUS]]
2026-05-27 11:14:24 TRACE o.s.security.web.FilterChainProxy - Invoking ExceptionTranslationFilter (14/15)
2026-05-27 11:14:24 TRACE o.s.security.web.FilterChainProxy - Invoking AuthorizationFilter (15/15)
2026-05-27 11:14:24 TRACE o.s.s.w.a.i.RequestMatcherDelegatingAuthorizationManager - Authorizing GET /v1/admin/adminMessage
2026-05-27 11:14:24 TRACE o.s.s.w.a.i.RequestMatcherDelegatingAuthorizationManager - Checking authorization on GET /v1/admin/adminMessage using AuthorityAuthorizationManager[authorities=[ROLE_SUPERADMIN, ROLE_ADMIN, ROLE_SUPREMEADMIN]]
2026-05-27 11:14:24 TRACE o.s.s.w.a.ExceptionTranslationFilter - Sending AnonymousAuthenticationToken [Principal=anonymousUser, Credentials=[PROTECTED], Authenticated=true, Details=WebAuthenticationDetails [RemoteIpAddress=0:0:0:0:0:0:0:1, SessionId=654620B03E47687C2C50F6E3A7151BFB], Granted Authorities=[ROLE_ANONYMOUS]] to authentication entry point since access is denied
org.springframework.security.access.AccessDeniedException: Access Denied
	at org.springframework.security.web.access.intercept.AuthorizationFilter.doFilter(AuthorizationFilter.java:98)
	at org.springframework.security.web.FilterChainProxy$VirtualFilterChain.doFilter(FilterChainProxy.java:374)
	at org.springframework.security.web.access.ExceptionTranslationFilter.doFilter(ExceptionTranslationFilter.java:126)
	at org.springframework.security.web.access.ExceptionTranslationFilter.doFilter(ExceptionTranslationFilter.java:120)
	at org.springframework.security.web.FilterChainProxy$VirtualFilterChain.doFilter(FilterChainProxy.java:374)
	at org.springframework.security.web.session.SessionManagementFilter.doFilter(SessionManagementFilter.java:131)
	at org.springframework.security.web.session.SessionManagementFilter.doFilter(SessionManagementFilter.java:85)
	at org.springframework.security.web.FilterChainProxy$VirtualFilterChain.doFilter(FilterChainProxy.java:374)
	at org.springframework.security.web.authentication.AnonymousAuthenticationFilter.doFilter(AnonymousAuthenticationFilter.java:100)
	at org.springframework.security.web.FilterChainProxy$VirtualFilterChain.doFilter(FilterChainProxy.java:374)
	at org.springframework.security.web.servletapi.SecurityContextHolderAwareRequestFilter.doFilter(SecurityContextHolderAwareRequestFilter.java:179)
	at org.springframework.security.web.FilterChainProxy$VirtualFilterChain.doFilter(FilterChainProxy.java:374)
	at org.springframework.security.web.savedrequest.RequestCacheAwareFilter.doFilter(RequestCacheAwareFilter.java:63)
	at org.springframework.security.web.FilterChainProxy$VirtualFilterChain.doFilter(FilterChainProxy.java:374)
	at com.utiitsl.DMSAuthService.config.auth.JwtAuthFilter.doFilterInternal(JwtAuthFilter.java:40)
	at org.springframework.web.filter.OncePerRequestFilter.doFilter(OncePerRequestFilter.java:116)
	at org.springframework.security.web.FilterChainProxy$VirtualFilterChain.doFilter(FilterChainProxy.java:374)
	at org.springframework.security.web.authentication.AbstractAuthenticationProcessingFilter.doFilter(AbstractAuthenticationProcessingFilter.java:227)
	at org.springframework.security.web.authentication.AbstractAuthenticationProcessingFilter.doFilter(AbstractAuthenticationProcessingFilter.java:221)
	at org.springframework.security.web.FilterChainProxy$VirtualFilterChain.doFilter(FilterChainProxy.java:374)
	at org.springframework.security.oauth2.client.web.OAuth2AuthorizationRequestRedirectFilter.doFilterInternal(OAuth2AuthorizationRequestRedirectFilter.java:181)
	at org.springframework.web.filter.OncePerRequestFilter.doFilter(OncePerRequestFilter.java:116)
	at org.springframework.security.web.FilterChainProxy$VirtualFilterChain.doFilter(FilterChainProxy.java:374)
	at org.springframework.security.web.authentication.logout.LogoutFilter.doFilter(LogoutFilter.java:107)
	at org.springframework.security.web.authentication.logout.LogoutFilter.doFilter(LogoutFilter.java:93)
	at org.springframework.security.web.FilterChainProxy$VirtualFilterChain.doFilter(FilterChainProxy.java:374)
	at org.springframework.web.filter.CorsFilter.doFilterInternal(CorsFilter.java:91)
	at org.springframework.web.filter.OncePerRequestFilter.doFilter(OncePerRequestFilter.java:116)
	at org.springframework.security.web.FilterChainProxy$VirtualFilterChain.doFilter(FilterChainProxy.java:374)
	at org.springframework.security.web.header.HeaderWriterFilter.doHeadersAfter(HeaderWriterFilter.java:90)
	at org.springframework.security.web.header.HeaderWriterFilter.doFilterInternal(HeaderWriterFilter.java:75)
	at org.springframework.web.filter.OncePerRequestFilter.doFilter(OncePerRequestFilter.java:116)
	at org.springframework.security.web.FilterChainProxy$VirtualFilterChain.doFilter(FilterChainProxy.java:374)
	at org.springframework.security.web.context.SecurityContextHolderFilter.doFilter(SecurityContextHolderFilter.java:82)
	at org.springframework.security.web.context.SecurityContextHolderFilter.doFilter(SecurityContextHolderFilter.java:69)
	at org.springframework.security.web.FilterChainProxy$VirtualFilterChain.doFilter(FilterChainProxy.java:374)
	at org.springframework.security.web.context.request.async.WebAsyncManagerIntegrationFilter.doFilterInternal(WebAsyncManagerIntegrationFilter.java:62)
	at org.springframework.web.filter.OncePerRequestFilter.doFilter(OncePerRequestFilter.java:116)
	at org.springframework.security.web.FilterChainProxy$VirtualFilterChain.doFilter(FilterChainProxy.java:374)
	at org.springframework.security.web.session.DisableEncodeUrlFilter.doFilterInternal(DisableEncodeUrlFilter.java:42)
	at org.springframework.web.filter.OncePerRequestFilter.doFilter(OncePerRequestFilter.java:116)
	at org.springframework.security.web.FilterChainProxy$VirtualFilterChain.doFilter(FilterChainProxy.java:374)
	at org.springframework.security.web.FilterChainProxy.doFilterInternal(FilterChainProxy.java:233)
	at org.springframework.security.web.FilterChainProxy.doFilter(FilterChainProxy.java:191)
	at org.springframework.web.filter.CompositeFilter$VirtualFilterChain.doFilter(CompositeFilter.java:113)
	at org.springframework.web.servlet.handler.HandlerMappingIntrospector.lambda$createCacheFilter$3(HandlerMappingIntrospector.java:195)
	at org.springframework.web.filter.CompositeFilter$VirtualFilterChain.doFilter(CompositeFilter.java:113)
	at org.springframework.web.filter.CompositeFilter.doFilter(CompositeFilter.java:74)
	at org.springframework.security.config.annotation.web.configuration.WebMvcSecurityConfiguration$CompositeFilterChainProxy.doFilter(WebMvcSecurityConfiguration.java:230)
	at org.springframework.web.filter.DelegatingFilterProxy.invokeDelegate(DelegatingFilterProxy.java:352)
	at org.springframework.web.filter.DelegatingFilterProxy.doFilter(DelegatingFilterProxy.java:268)
	at org.apache.catalina.core.ApplicationFilterChain.internalDoFilter(ApplicationFilterChain.java:164)
	at org.apache.catalina.core.ApplicationFilterChain.doFilter(ApplicationFilterChain.java:140)
	at org.springframework.web.filter.RequestContextFilter.doFilterInternal(RequestContextFilter.java:100)
	at org.springframework.web.filter.OncePerRequestFilter.doFilter(OncePerRequestFilter.java:116)
	at org.apache.catalina.core.ApplicationFilterChain.internalDoFilter(ApplicationFilterChain.java:164)
	at org.apache.catalina.core.ApplicationFilterChain.doFilter(ApplicationFilterChain.java:140)
	at org.springframework.web.filter.FormContentFilter.doFilterInternal(FormContentFilter.java:93)
	at org.springframework.web.filter.OncePerRequestFilter.doFilter(OncePerRequestFilter.java:116)
	at org.apache.catalina.core.ApplicationFilterChain.internalDoFilter(ApplicationFilterChain.java:164)
	at org.apache.catalina.core.ApplicationFilterChain.doFilter(ApplicationFilterChain.java:140)
	at org.springframework.web.filter.CharacterEncodingFilter.doFilterInternal(CharacterEncodingFilter.java:201)
	at org.springframework.web.filter.OncePerRequestFilter.doFilter(OncePerRequestFilter.java:116)
	at org.apache.catalina.core.ApplicationFilterChain.internalDoFilter(ApplicationFilterChain.java:164)
	at org.apache.catalina.core.ApplicationFilterChain.doFilter(ApplicationFilterChain.java:140)
	at org.apache.catalina.core.StandardWrapperValve.invoke(StandardWrapperValve.java:167)
	at org.apache.catalina.core.StandardContextValve.invoke(StandardContextValve.java:90)
	at org.apache.catalina.authenticator.AuthenticatorBase.invoke(AuthenticatorBase.java:483)
	at org.apache.catalina.core.StandardHostValve.invoke(StandardHostValve.java:115)
	at org.apache.catalina.valves.ErrorReportValve.invoke(ErrorReportValve.java:93)
	at org.apache.catalina.core.StandardEngineValve.invoke(StandardEngineValve.java:74)
	at org.apache.catalina.connector.CoyoteAdapter.service(CoyoteAdapter.java:344)
	at org.apache.coyote.http11.Http11Processor.service(Http11Processor.java:384)
	at org.apache.coyote.AbstractProcessorLight.process(AbstractProcessorLight.java:63)
	at org.apache.coyote.AbstractProtocol$ConnectionHandler.process(AbstractProtocol.java:904)
	at org.apache.tomcat.util.net.NioEndpoint$SocketProcessor.doRun(NioEndpoint.java:1741)
	at org.apache.tomcat.util.net.SocketProcessorBase.run(SocketProcessorBase.java:52)
	at org.apache.tomcat.util.threads.ThreadPoolExecutor.runWorker(ThreadPoolExecutor.java:1190)
	at org.apache.tomcat.util.threads.ThreadPoolExecutor$Worker.run(ThreadPoolExecutor.java:659)
	at org.apache.tomcat.util.threads.TaskThread$WrappingRunnable.run(TaskThread.java:63)
	at java.base/java.lang.Thread.run(Thread.java:1583)
2026-05-27 11:14:25 TRACE o.s.s.w.h.writers.HstsHeaderWriter - Not injecting HSTS header since it did not match request to [Is Secure]
2026-05-27 11:17:22 TRACE o.s.security.web.FilterChainProxy - Trying to match request against DefaultSecurityFilterChain [RequestMatcher=any request, Filters=[org.springframework.security.web.session.DisableEncodeUrlFilter@28438862, org.springframework.security.web.context.request.async.WebAsyncManagerIntegrationFilter@25a83588, org.springframework.security.web.context.SecurityContextHolderFilter@a6aa441, org.springframework.security.web.header.HeaderWriterFilter@7a84a8a0, org.springframework.web.filter.CorsFilter@663d46ed, org.springframework.security.web.authentication.logout.LogoutFilter@3fcd612d, org.springframework.security.oauth2.client.web.OAuth2AuthorizationRequestRedirectFilter@491a615e, org.springframework.security.oauth2.client.web.OAuth2LoginAuthenticationFilter@34973e3c, com.utiitsl.DMSAuthService.config.auth.JwtAuthFilter@56323ee, org.springframework.security.web.savedrequest.RequestCacheAwareFilter@7b2fb3d5, org.springframework.security.web.servletapi.SecurityContextHolderAwareRequestFilter@28eb9d72, org.springframework.security.web.authentication.AnonymousAuthenticationFilter@7020e495, org.springframework.security.web.session.SessionManagementFilter@2b5f4b17, org.springframework.security.web.access.ExceptionTranslationFilter@653eb57f, org.springframework.security.web.access.intercept.AuthorizationFilter@6688f334]] (1/1)
2026-05-27 11:17:22 DEBUG o.s.security.web.FilterChainProxy - Securing OPTIONS /api/v1/auth/token
2026-05-27 11:17:22 TRACE o.s.security.web.FilterChainProxy - Invoking DisableEncodeUrlFilter (1/15)
2026-05-27 11:17:22 TRACE o.s.security.web.FilterChainProxy - Invoking WebAsyncManagerIntegrationFilter (2/15)
2026-05-27 11:17:22 TRACE o.s.security.web.FilterChainProxy - Invoking SecurityContextHolderFilter (3/15)
2026-05-27 11:17:22 TRACE o.s.security.web.FilterChainProxy - Invoking HeaderWriterFilter (4/15)
2026-05-27 11:17:22 TRACE o.s.security.web.FilterChainProxy - Invoking CorsFilter (5/15)
2026-05-27 11:17:22 TRACE o.s.s.w.h.writers.HstsHeaderWriter - Not injecting HSTS header since it did not match request to [Is Secure]
2026-05-27 11:17:22 TRACE o.s.security.web.FilterChainProxy - Trying to match request against DefaultSecurityFilterChain [RequestMatcher=any request, Filters=[org.springframework.security.web.session.DisableEncodeUrlFilter@28438862, org.springframework.security.web.context.request.async.WebAsyncManagerIntegrationFilter@25a83588, org.springframework.security.web.context.SecurityContextHolderFilter@a6aa441, org.springframework.security.web.header.HeaderWriterFilter@7a84a8a0, org.springframework.web.filter.CorsFilter@663d46ed, org.springframework.security.web.authentication.logout.LogoutFilter@3fcd612d, org.springframework.security.oauth2.client.web.OAuth2AuthorizationRequestRedirectFilter@491a615e, org.springframework.security.oauth2.client.web.OAuth2LoginAuthenticationFilter@34973e3c, com.utiitsl.DMSAuthService.config.auth.JwtAuthFilter@56323ee, org.springframework.security.web.savedrequest.RequestCacheAwareFilter@7b2fb3d5, org.springframework.security.web.servletapi.SecurityContextHolderAwareRequestFilter@28eb9d72, org.springframework.security.web.authentication.AnonymousAuthenticationFilter@7020e495, org.springframework.security.web.session.SessionManagementFilter@2b5f4b17, org.springframework.security.web.access.ExceptionTranslationFilter@653eb57f, org.springframework.security.web.access.intercept.AuthorizationFilter@6688f334]] (1/1)
2026-05-27 11:17:22 DEBUG o.s.security.web.FilterChainProxy - Securing POST /api/v1/auth/token
2026-05-27 11:17:22 TRACE o.s.security.web.FilterChainProxy - Invoking DisableEncodeUrlFilter (1/15)
2026-05-27 11:17:22 TRACE o.s.security.web.FilterChainProxy - Invoking WebAsyncManagerIntegrationFilter (2/15)
2026-05-27 11:17:22 TRACE o.s.security.web.FilterChainProxy - Invoking SecurityContextHolderFilter (3/15)
2026-05-27 11:17:22 TRACE o.s.security.web.FilterChainProxy - Invoking HeaderWriterFilter (4/15)
2026-05-27 11:17:22 TRACE o.s.security.web.FilterChainProxy - Invoking CorsFilter (5/15)
2026-05-27 11:17:22 TRACE o.s.security.web.FilterChainProxy - Invoking LogoutFilter (6/15)
2026-05-27 11:17:22 TRACE o.s.s.w.a.logout.LogoutFilter - Did not match request to Or [Ant [pattern='/logout', GET], Ant [pattern='/logout', POST], Ant [pattern='/logout', PUT], Ant [pattern='/logout', DELETE]]
2026-05-27 11:17:22 TRACE o.s.security.web.FilterChainProxy - Invoking OAuth2AuthorizationRequestRedirectFilter (7/15)
2026-05-27 11:17:22 TRACE o.s.security.web.FilterChainProxy - Invoking OAuth2LoginAuthenticationFilter (8/15)
2026-05-27 11:17:22 TRACE o.s.s.o.c.w.OAuth2LoginAuthenticationFilter - Did not match request to Ant [pattern='/login/oauth2/code/*']
2026-05-27 11:17:22 TRACE o.s.security.web.FilterChainProxy - Invoking JwtAuthFilter (9/15)
2026-05-27 11:17:41 TRACE o.s.s.w.h.writers.HstsHeaderWriter - Not injecting HSTS header since it did not match request to [Is Secure]
2026-05-27 11:17:56 TRACE o.s.security.web.FilterChainProxy - Trying to match request against DefaultSecurityFilterChain [RequestMatcher=any request, Filters=[org.springframework.security.web.session.DisableEncodeUrlFilter@28438862, org.springframework.security.web.context.request.async.WebAsyncManagerIntegrationFilter@25a83588, org.springframework.security.web.context.SecurityContextHolderFilter@a6aa441, org.springframework.security.web.header.HeaderWriterFilter@7a84a8a0, org.springframework.web.filter.CorsFilter@663d46ed, org.springframework.security.web.authentication.logout.LogoutFilter@3fcd612d, org.springframework.security.oauth2.client.web.OAuth2AuthorizationRequestRedirectFilter@491a615e, org.springframework.security.oauth2.client.web.OAuth2LoginAuthenticationFilter@34973e3c, com.utiitsl.DMSAuthService.config.auth.JwtAuthFilter@56323ee, org.springframework.security.web.savedrequest.RequestCacheAwareFilter@7b2fb3d5, org.springframework.security.web.servletapi.SecurityContextHolderAwareRequestFilter@28eb9d72, org.springframework.security.web.authentication.AnonymousAuthenticationFilter@7020e495, org.springframework.security.web.session.SessionManagementFilter@2b5f4b17, org.springframework.security.web.access.ExceptionTranslationFilter@653eb57f, org.springframework.security.web.access.intercept.AuthorizationFilter@6688f334]] (1/1)
2026-05-27 11:17:56 DEBUG o.s.security.web.FilterChainProxy - Securing OPTIONS /api/v1/auth/token
2026-05-27 11:17:56 TRACE o.s.security.web.FilterChainProxy - Invoking DisableEncodeUrlFilter (1/15)
2026-05-27 11:17:56 TRACE o.s.security.web.FilterChainProxy - Invoking WebAsyncManagerIntegrationFilter (2/15)
2026-05-27 11:17:56 TRACE o.s.security.web.FilterChainProxy - Invoking SecurityContextHolderFilter (3/15)
2026-05-27 11:17:56 TRACE o.s.security.web.FilterChainProxy - Invoking HeaderWriterFilter (4/15)
2026-05-27 11:17:56 TRACE o.s.security.web.FilterChainProxy - Invoking CorsFilter (5/15)
2026-05-27 11:17:56 TRACE o.s.s.w.h.writers.HstsHeaderWriter - Not injecting HSTS header since it did not match request to [Is Secure]
2026-05-27 11:17:56 TRACE o.s.security.web.FilterChainProxy - Trying to match request against DefaultSecurityFilterChain [RequestMatcher=any request, Filters=[org.springframework.security.web.session.DisableEncodeUrlFilter@28438862, org.springframework.security.web.context.request.async.WebAsyncManagerIntegrationFilter@25a83588, org.springframework.security.web.context.SecurityContextHolderFilter@a6aa441, org.springframework.security.web.header.HeaderWriterFilter@7a84a8a0, org.springframework.web.filter.CorsFilter@663d46ed, org.springframework.security.web.authentication.logout.LogoutFilter@3fcd612d, org.springframework.security.oauth2.client.web.OAuth2AuthorizationRequestRedirectFilter@491a615e, org.springframework.security.oauth2.client.web.OAuth2LoginAuthenticationFilter@34973e3c, com.utiitsl.DMSAuthService.config.auth.JwtAuthFilter@56323ee, org.springframework.security.web.savedrequest.RequestCacheAwareFilter@7b2fb3d5, org.springframework.security.web.servletapi.SecurityContextHolderAwareRequestFilter@28eb9d72, org.springframework.security.web.authentication.AnonymousAuthenticationFilter@7020e495, org.springframework.security.web.session.SessionManagementFilter@2b5f4b17, org.springframework.security.web.access.ExceptionTranslationFilter@653eb57f, org.springframework.security.web.access.intercept.AuthorizationFilter@6688f334]] (1/1)
2026-05-27 11:17:56 DEBUG o.s.security.web.FilterChainProxy - Securing POST /api/v1/auth/token
2026-05-27 11:17:56 TRACE o.s.security.web.FilterChainProxy - Invoking DisableEncodeUrlFilter (1/15)
2026-05-27 11:17:56 TRACE o.s.security.web.FilterChainProxy - Invoking WebAsyncManagerIntegrationFilter (2/15)
2026-05-27 11:17:56 TRACE o.s.security.web.FilterChainProxy - Invoking SecurityContextHolderFilter (3/15)
2026-05-27 11:17:56 TRACE o.s.security.web.FilterChainProxy - Invoking HeaderWriterFilter (4/15)
2026-05-27 11:17:56 TRACE o.s.security.web.FilterChainProxy - Invoking CorsFilter (5/15)
2026-05-27 11:17:56 TRACE o.s.security.web.FilterChainProxy - Invoking LogoutFilter (6/15)
2026-05-27 11:17:56 TRACE o.s.s.w.a.logout.LogoutFilter - Did not match request to Or [Ant [pattern='/logout', GET], Ant [pattern='/logout', POST], Ant [pattern='/logout', PUT], Ant [pattern='/logout', DELETE]]
2026-05-27 11:17:56 TRACE o.s.security.web.FilterChainProxy - Invoking OAuth2AuthorizationRequestRedirectFilter (7/15)
2026-05-27 11:17:56 TRACE o.s.security.web.FilterChainProxy - Invoking OAuth2LoginAuthenticationFilter (8/15)
2026-05-27 11:17:56 TRACE o.s.s.o.c.w.OAuth2LoginAuthenticationFilter - Did not match request to Ant [pattern='/login/oauth2/code/*']
2026-05-27 11:17:56 TRACE o.s.security.web.FilterChainProxy - Invoking JwtAuthFilter (9/15)
2026-05-27 11:18:04 TRACE o.s.security.web.FilterChainProxy - Invoking RequestCacheAwareFilter (10/15)
2026-05-27 11:18:04 TRACE o.s.security.web.FilterChainProxy - Invoking SecurityContextHolderAwareRequestFilter (11/15)
2026-05-27 11:18:04 TRACE o.s.security.web.FilterChainProxy - Invoking AnonymousAuthenticationFilter (12/15)
2026-05-27 11:18:04 TRACE o.s.security.web.FilterChainProxy - Invoking SessionManagementFilter (13/15)
2026-05-27 11:18:04 TRACE o.s.s.w.c.SupplierDeferredSecurityContext - Created SecurityContextImpl [Null authentication]
2026-05-27 11:18:04 TRACE o.s.s.w.a.AnonymousAuthenticationFilter - Set SecurityContextHolder to AnonymousAuthenticationToken [Principal=anonymousUser, Credentials=[PROTECTED], Authenticated=true, Details=WebAuthenticationDetails [RemoteIpAddress=0:0:0:0:0:0:0:1, SessionId=null], Granted Authorities=[ROLE_ANONYMOUS]]
2026-05-27 11:18:04 TRACE o.s.security.web.FilterChainProxy - Invoking ExceptionTranslationFilter (14/15)
2026-05-27 11:18:04 TRACE o.s.security.web.FilterChainProxy - Invoking AuthorizationFilter (15/15)
2026-05-27 11:18:04 TRACE o.s.s.w.a.i.RequestMatcherDelegatingAuthorizationManager - Authorizing POST /api/v1/auth/token
2026-05-27 11:18:04 TRACE o.s.s.w.a.i.RequestMatcherDelegatingAuthorizationManager - Checking authorization on POST /api/v1/auth/token using org.springframework.security.config.annotation.web.configurers.AuthorizeHttpRequestsConfigurer$$Lambda/0x0000018c36aed990@7d4807a5
2026-05-27 11:18:04 DEBUG o.s.security.web.FilterChainProxy - Secured POST /api/v1/auth/token
2026-05-27 11:18:08 TRACE o.s.s.authentication.ProviderManager - Authenticating request with DaoAuthenticationProvider (1/1)
2026-05-27 11:18:10 DEBUG o.s.s.a.d.DaoAuthenticationProvider - Authenticated user
2026-05-27 11:18:26 TRACE o.s.s.w.h.writers.HstsHeaderWriter - Not injecting HSTS header since it did not match request to [Is Secure]
2026-05-27 11:21:36 TRACE o.s.security.web.FilterChainProxy - Trying to match request against DefaultSecurityFilterChain [RequestMatcher=any request, Filters=[org.springframework.security.web.session.DisableEncodeUrlFilter@28438862, org.springframework.security.web.context.request.async.WebAsyncManagerIntegrationFilter@25a83588, org.springframework.security.web.context.SecurityContextHolderFilter@a6aa441, org.springframework.security.web.header.HeaderWriterFilter@7a84a8a0, org.springframework.web.filter.CorsFilter@663d46ed, org.springframework.security.web.authentication.logout.LogoutFilter@3fcd612d, org.springframework.security.oauth2.client.web.OAuth2AuthorizationRequestRedirectFilter@491a615e, org.springframework.security.oauth2.client.web.OAuth2LoginAuthenticationFilter@34973e3c, com.utiitsl.DMSAuthService.config.auth.JwtAuthFilter@56323ee, org.springframework.security.web.savedrequest.RequestCacheAwareFilter@7b2fb3d5, org.springframework.security.web.servletapi.SecurityContextHolderAwareRequestFilter@28eb9d72, org.springframework.security.web.authentication.AnonymousAuthenticationFilter@7020e495, org.springframework.security.web.session.SessionManagementFilter@2b5f4b17, org.springframework.security.web.access.ExceptionTranslationFilter@653eb57f, org.springframework.security.web.access.intercept.AuthorizationFilter@6688f334]] (1/1)
2026-05-27 11:21:36 DEBUG o.s.security.web.FilterChainProxy - Securing GET /v1/admin/adminMessage
2026-05-27 11:21:36 TRACE o.s.security.web.FilterChainProxy - Invoking DisableEncodeUrlFilter (1/15)
2026-05-27 11:21:36 TRACE o.s.security.web.FilterChainProxy - Invoking WebAsyncManagerIntegrationFilter (2/15)
2026-05-27 11:21:36 TRACE o.s.security.web.FilterChainProxy - Invoking SecurityContextHolderFilter (3/15)
2026-05-27 11:21:36 TRACE o.s.security.web.FilterChainProxy - Invoking HeaderWriterFilter (4/15)
2026-05-27 11:21:36 TRACE o.s.security.web.FilterChainProxy - Invoking CorsFilter (5/15)
2026-05-27 11:21:36 TRACE o.s.security.web.FilterChainProxy - Invoking LogoutFilter (6/15)
2026-05-27 11:21:36 TRACE o.s.s.w.a.logout.LogoutFilter - Did not match request to Or [Ant [pattern='/logout', GET], Ant [pattern='/logout', POST], Ant [pattern='/logout', PUT], Ant [pattern='/logout', DELETE]]
2026-05-27 11:21:36 TRACE o.s.security.web.FilterChainProxy - Invoking OAuth2AuthorizationRequestRedirectFilter (7/15)
2026-05-27 11:21:36 TRACE o.s.security.web.FilterChainProxy - Invoking OAuth2LoginAuthenticationFilter (8/15)
2026-05-27 11:21:36 TRACE o.s.s.o.c.w.OAuth2LoginAuthenticationFilter - Did not match request to Ant [pattern='/login/oauth2/code/*']
2026-05-27 11:21:36 TRACE o.s.security.web.FilterChainProxy - Invoking JwtAuthFilter (9/15)
2026-05-27 11:21:40 TRACE o.s.security.web.FilterChainProxy - Invoking RequestCacheAwareFilter (10/15)
2026-05-27 11:21:40 TRACE o.s.security.web.FilterChainProxy - Invoking SecurityContextHolderAwareRequestFilter (11/15)
2026-05-27 11:21:40 TRACE o.s.security.web.FilterChainProxy - Invoking AnonymousAuthenticationFilter (12/15)
2026-05-27 11:21:40 TRACE o.s.security.web.FilterChainProxy - Invoking SessionManagementFilter (13/15)
2026-05-27 11:21:40 TRACE o.s.s.w.c.SupplierDeferredSecurityContext - Created SecurityContextImpl [Null authentication]
2026-05-27 11:21:40 TRACE o.s.s.w.a.AnonymousAuthenticationFilter - Set SecurityContextHolder to AnonymousAuthenticationToken [Principal=anonymousUser, Credentials=[PROTECTED], Authenticated=true, Details=WebAuthenticationDetails [RemoteIpAddress=0:0:0:0:0:0:0:1, SessionId=654620B03E47687C2C50F6E3A7151BFB], Granted Authorities=[ROLE_ANONYMOUS]]
2026-05-27 11:21:40 TRACE o.s.security.web.FilterChainProxy - Invoking ExceptionTranslationFilter (14/15)
2026-05-27 11:21:40 TRACE o.s.security.web.FilterChainProxy - Invoking AuthorizationFilter (15/15)
2026-05-27 11:21:40 TRACE o.s.s.w.a.i.RequestMatcherDelegatingAuthorizationManager - Authorizing GET /v1/admin/adminMessage
2026-05-27 11:21:40 TRACE o.s.s.w.a.i.RequestMatcherDelegatingAuthorizationManager - Checking authorization on GET /v1/admin/adminMessage using AuthorityAuthorizationManager[authorities=[ROLE_SUPERADMIN, ROLE_ADMIN, ROLE_SUPREMEADMIN]]
2026-05-27 11:21:40 TRACE o.s.s.w.a.ExceptionTranslationFilter - Sending AnonymousAuthenticationToken [Principal=anonymousUser, Credentials=[PROTECTED], Authenticated=true, Details=WebAuthenticationDetails [RemoteIpAddress=0:0:0:0:0:0:0:1, SessionId=654620B03E47687C2C50F6E3A7151BFB], Granted Authorities=[ROLE_ANONYMOUS]] to authentication entry point since access is denied
org.springframework.security.access.AccessDeniedException: Access Denied
	at org.springframework.security.web.access.intercept.AuthorizationFilter.doFilter(AuthorizationFilter.java:98)
	at org.springframework.security.web.FilterChainProxy$VirtualFilterChain.doFilter(FilterChainProxy.java:374)
	at org.springframework.security.web.access.ExceptionTranslationFilter.doFilter(ExceptionTranslationFilter.java:126)
	at org.springframework.security.web.access.ExceptionTranslationFilter.doFilter(ExceptionTranslationFilter.java:120)
	at org.springframework.security.web.FilterChainProxy$VirtualFilterChain.doFilter(FilterChainProxy.java:374)
	at org.springframework.security.web.session.SessionManagementFilter.doFilter(SessionManagementFilter.java:131)
	at org.springframework.security.web.session.SessionManagementFilter.doFilter(SessionManagementFilter.java:85)
	at org.springframework.security.web.FilterChainProxy$VirtualFilterChain.doFilter(FilterChainProxy.java:374)
	at org.springframework.security.web.authentication.AnonymousAuthenticationFilter.doFilter(AnonymousAuthenticationFilter.java:100)
	at org.springframework.security.web.FilterChainProxy$VirtualFilterChain.doFilter(FilterChainProxy.java:374)
	at org.springframework.security.web.servletapi.SecurityContextHolderAwareRequestFilter.doFilter(SecurityContextHolderAwareRequestFilter.java:179)
	at org.springframework.security.web.FilterChainProxy$VirtualFilterChain.doFilter(FilterChainProxy.java:374)
	at org.springframework.security.web.savedrequest.RequestCacheAwareFilter.doFilter(RequestCacheAwareFilter.java:63)
	at org.springframework.security.web.FilterChainProxy$VirtualFilterChain.doFilter(FilterChainProxy.java:374)
	at com.utiitsl.DMSAuthService.config.auth.JwtAuthFilter.doFilterInternal(JwtAuthFilter.java:40)
	at org.springframework.web.filter.OncePerRequestFilter.doFilter(OncePerRequestFilter.java:116)
	at org.springframework.security.web.FilterChainProxy$VirtualFilterChain.doFilter(FilterChainProxy.java:374)
	at org.springframework.security.web.authentication.AbstractAuthenticationProcessingFilter.doFilter(AbstractAuthenticationProcessingFilter.java:227)
	at org.springframework.security.web.authentication.AbstractAuthenticationProcessingFilter.doFilter(AbstractAuthenticationProcessingFilter.java:221)
	at org.springframework.security.web.FilterChainProxy$VirtualFilterChain.doFilter(FilterChainProxy.java:374)
	at org.springframework.security.oauth2.client.web.OAuth2AuthorizationRequestRedirectFilter.doFilterInternal(OAuth2AuthorizationRequestRedirectFilter.java:181)
	at org.springframework.web.filter.OncePerRequestFilter.doFilter(OncePerRequestFilter.java:116)
	at org.springframework.security.web.FilterChainProxy$VirtualFilterChain.doFilter(FilterChainProxy.java:374)
	at org.springframework.security.web.authentication.logout.LogoutFilter.doFilter(LogoutFilter.java:107)
	at org.springframework.security.web.authentication.logout.LogoutFilter.doFilter(LogoutFilter.java:93)
	at org.springframework.security.web.FilterChainProxy$VirtualFilterChain.doFilter(FilterChainProxy.java:374)
	at org.springframework.web.filter.CorsFilter.doFilterInternal(CorsFilter.java:91)
	at org.springframework.web.filter.OncePerRequestFilter.doFilter(OncePerRequestFilter.java:116)
	at org.springframework.security.web.FilterChainProxy$VirtualFilterChain.doFilter(FilterChainProxy.java:374)
	at org.springframework.security.web.header.HeaderWriterFilter.doHeadersAfter(HeaderWriterFilter.java:90)
	at org.springframework.security.web.header.HeaderWriterFilter.doFilterInternal(HeaderWriterFilter.java:75)
	at org.springframework.web.filter.OncePerRequestFilter.doFilter(OncePerRequestFilter.java:116)
	at org.springframework.security.web.FilterChainProxy$VirtualFilterChain.doFilter(FilterChainProxy.java:374)
	at org.springframework.security.web.context.SecurityContextHolderFilter.doFilter(SecurityContextHolderFilter.java:82)
	at org.springframework.security.web.context.SecurityContextHolderFilter.doFilter(SecurityContextHolderFilter.java:69)
	at org.springframework.security.web.FilterChainProxy$VirtualFilterChain.doFilter(FilterChainProxy.java:374)
	at org.springframework.security.web.context.request.async.WebAsyncManagerIntegrationFilter.doFilterInternal(WebAsyncManagerIntegrationFilter.java:62)
	at org.springframework.web.filter.OncePerRequestFilter.doFilter(OncePerRequestFilter.java:116)
	at org.springframework.security.web.FilterChainProxy$VirtualFilterChain.doFilter(FilterChainProxy.java:374)
	at org.springframework.security.web.session.DisableEncodeUrlFilter.doFilterInternal(DisableEncodeUrlFilter.java:42)
	at org.springframework.web.filter.OncePerRequestFilter.doFilter(OncePerRequestFilter.java:116)
	at org.springframework.security.web.FilterChainProxy$VirtualFilterChain.doFilter(FilterChainProxy.java:374)
	at org.springframework.security.web.FilterChainProxy.doFilterInternal(FilterChainProxy.java:233)
	at org.springframework.security.web.FilterChainProxy.doFilter(FilterChainProxy.java:191)
	at org.springframework.web.filter.CompositeFilter$VirtualFilterChain.doFilter(CompositeFilter.java:113)
	at org.springframework.web.servlet.handler.HandlerMappingIntrospector.lambda$createCacheFilter$3(HandlerMappingIntrospector.java:195)
	at org.springframework.web.filter.CompositeFilter$VirtualFilterChain.doFilter(CompositeFilter.java:113)
	at org.springframework.web.filter.CompositeFilter.doFilter(CompositeFilter.java:74)
	at org.springframework.security.config.annotation.web.configuration.WebMvcSecurityConfiguration$CompositeFilterChainProxy.doFilter(WebMvcSecurityConfiguration.java:230)
	at org.springframework.web.filter.DelegatingFilterProxy.invokeDelegate(DelegatingFilterProxy.java:352)
	at org.springframework.web.filter.DelegatingFilterProxy.doFilter(DelegatingFilterProxy.java:268)
	at org.apache.catalina.core.ApplicationFilterChain.internalDoFilter(ApplicationFilterChain.java:164)
	at org.apache.catalina.core.ApplicationFilterChain.doFilter(ApplicationFilterChain.java:140)
	at org.springframework.web.filter.RequestContextFilter.doFilterInternal(RequestContextFilter.java:100)
	at org.springframework.web.filter.OncePerRequestFilter.doFilter(OncePerRequestFilter.java:116)
	at org.apache.catalina.core.ApplicationFilterChain.internalDoFilter(ApplicationFilterChain.java:164)
	at org.apache.catalina.core.ApplicationFilterChain.doFilter(ApplicationFilterChain.java:140)
	at org.springframework.web.filter.FormContentFilter.doFilterInternal(FormContentFilter.java:93)
	at org.springframework.web.filter.OncePerRequestFilter.doFilter(OncePerRequestFilter.java:116)
	at org.apache.catalina.core.ApplicationFilterChain.internalDoFilter(ApplicationFilterChain.java:164)
	at org.apache.catalina.core.ApplicationFilterChain.doFilter(ApplicationFilterChain.java:140)
	at org.springframework.web.filter.CharacterEncodingFilter.doFilterInternal(CharacterEncodingFilter.java:201)
	at org.springframework.web.filter.OncePerRequestFilter.doFilter(OncePerRequestFilter.java:116)
	at org.apache.catalina.core.ApplicationFilterChain.internalDoFilter(ApplicationFilterChain.java:164)
	at org.apache.catalina.core.ApplicationFilterChain.doFilter(ApplicationFilterChain.java:140)
	at org.apache.catalina.core.StandardWrapperValve.invoke(StandardWrapperValve.java:167)
	at org.apache.catalina.core.StandardContextValve.invoke(StandardContextValve.java:90)
	at org.apache.catalina.authenticator.AuthenticatorBase.invoke(AuthenticatorBase.java:483)
	at org.apache.catalina.core.StandardHostValve.invoke(StandardHostValve.java:115)
	at org.apache.catalina.valves.ErrorReportValve.invoke(ErrorReportValve.java:93)
	at org.apache.catalina.core.StandardEngineValve.invoke(StandardEngineValve.java:74)
	at org.apache.catalina.connector.CoyoteAdapter.service(CoyoteAdapter.java:344)
	at org.apache.coyote.http11.Http11Processor.service(Http11Processor.java:384)
	at org.apache.coyote.AbstractProcessorLight.process(AbstractProcessorLight.java:63)
	at org.apache.coyote.AbstractProtocol$ConnectionHandler.process(AbstractProtocol.java:904)
	at org.apache.tomcat.util.net.NioEndpoint$SocketProcessor.doRun(NioEndpoint.java:1741)
	at org.apache.tomcat.util.net.SocketProcessorBase.run(SocketProcessorBase.java:52)
	at org.apache.tomcat.util.threads.ThreadPoolExecutor.runWorker(ThreadPoolExecutor.java:1190)
	at org.apache.tomcat.util.threads.ThreadPoolExecutor$Worker.run(ThreadPoolExecutor.java:659)
	at org.apache.tomcat.util.threads.TaskThread$WrappingRunnable.run(TaskThread.java:63)
	at java.base/java.lang.Thread.run(Thread.java:1583)
2026-05-27 11:21:56 TRACE o.s.s.w.h.writers.HstsHeaderWriter - Not injecting HSTS header since it did not match request to [Is Secure]
2026-05-27 11:35:02 INFO  o.s.o.j.LocalContainerEntityManagerFactoryBean - Closing JPA EntityManagerFactory for persistence unit 'default'
2026-05-27 11:35:02 INFO  com.zaxxer.hikari.HikariDataSource - HikariPool-1 - Shutdown initiated...
2026-05-27 11:35:02 INFO  com.zaxxer.hikari.HikariDataSource - HikariPool-1 - Shutdown completed.
2026-05-27 11:35:10 INFO  c.u.D.DmsAuthServiceApplication - Starting DmsAuthServiceApplication using Java 21.0.6 with PID 33536 (C:\Users\mohammada1\Desktop\Invoice_Project\AuthService\target\classes started by mohammada1 in C:\Users\mohammada1\Desktop\Invoice_Project\AuthService)
2026-05-27 11:35:10 INFO  c.u.D.DmsAuthServiceApplication - The following 1 profile is active: "dev"
2026-05-27 11:35:10 INFO  o.s.b.d.e.DevToolsPropertyDefaultsPostProcessor - Devtools property defaults active! Set 'spring.devtools.add-properties' to 'false' to disable
2026-05-27 11:35:10 INFO  o.s.b.d.e.DevToolsPropertyDefaultsPostProcessor - For additional web related logging consider setting the 'logging.level.web' property to 'DEBUG'
2026-05-27 11:35:12 INFO  o.s.d.r.c.RepositoryConfigurationDelegate - Bootstrapping Spring Data JPA repositories in DEFAULT mode.
2026-05-27 11:35:12 INFO  o.s.d.r.c.RepositoryConfigurationDelegate - Finished Spring Data repository scanning in 141 ms. Found 3 JPA repository interfaces.
2026-05-27 11:35:13 INFO  o.s.b.w.e.tomcat.TomcatWebServer - Tomcat initialized with port 8282 (http)
2026-05-27 11:35:13 INFO  o.a.catalina.core.StandardService - Starting service [Tomcat]
2026-05-27 11:35:13 INFO  o.a.catalina.core.StandardEngine - Starting Servlet engine: [Apache Tomcat/10.1.28]
2026-05-27 11:35:14 INFO  o.a.c.c.C.[.[.[/authService] - Initializing Spring embedded WebApplicationContext
2026-05-27 11:35:14 INFO  o.s.b.w.s.c.ServletWebServerApplicationContext - Root WebApplicationContext: initialization completed in 3535 ms
2026-05-27 11:35:14 INFO  o.h.jpa.internal.util.LogHelper - HHH000204: Processing PersistenceUnitInfo [name: default]
2026-05-27 11:35:14 INFO  org.hibernate.Version - HHH000412: Hibernate ORM core version 6.4.10.Final
2026-05-27 11:35:14 INFO  o.h.c.i.RegionFactoryInitiator - HHH000026: Second-level cache disabled
2026-05-27 11:35:15 INFO  o.s.o.j.p.SpringPersistenceUnitInfo - No LoadTimeWeaver setup: ignoring JPA class transformer
2026-05-27 11:35:15 INFO  com.zaxxer.hikari.HikariDataSource - HikariPool-1 - Starting...
2026-05-27 11:35:15 INFO  com.zaxxer.hikari.pool.HikariPool - HikariPool-1 - Added connection com.mysql.cj.jdbc.ConnectionImpl@4da9bfba
2026-05-27 11:35:15 INFO  com.zaxxer.hikari.HikariDataSource - HikariPool-1 - Start completed.
2026-05-27 11:35:17 INFO  o.h.e.t.j.p.i.JtaPlatformInitiator - HHH000489: No JTA platform available (set 'hibernate.transaction.jta.platform' to enable JTA platform integration)
2026-05-27 11:35:17 INFO  o.s.o.j.LocalContainerEntityManagerFactoryBean - Initialized JPA EntityManagerFactory for persistence unit 'default'
2026-05-27 11:35:17 INFO  o.s.d.j.r.query.QueryEnhancerFactory - Hibernate is in classpath; If applicable, HQL parser will be used.
2026-05-27 11:35:18 TRACE o.s.s.c.a.a.c.AuthenticationConfiguration$EnableGlobalAuthenticationAutowiredConfigurer - Eagerly initializing {securityConfiguration=com.utiitsl.DMSAuthService.config.auth.SecurityConfiguration$$SpringCGLIB$$0@78bb19a2}
2026-05-27 11:35:19 DEBUG o.s.s.a.p.PrePostAnnotationSecurityMetadataSource - @org.springframework.security.access.prepost.PreAuthorize("hasAuthority(\'admin:delete\')") found on specific method: public org.springframework.http.ResponseEntity com.utiitsl.DMSAuthService.controller.dash.DashController.deleteUserById(java.lang.Integer)
2026-05-27 11:35:19 DEBUG o.s.s.a.m.DelegatingMethodSecurityMetadataSource - Caching method [CacheKey[com.utiitsl.DMSAuthService.controller.dash.DashController; public org.springframework.http.ResponseEntity com.utiitsl.DMSAuthService.controller.dash.DashController.deleteUserById(java.lang.Integer)]] with attributes [[authorize: 'hasAuthority('admin:delete')', filter: 'null', filterTarget: 'null']]
2026-05-27 11:35:19 TRACE o.s.s.a.i.a.MethodSecurityInterceptor - Validated configuration attributes
2026-05-27 11:35:19 DEBUG o.s.s.a.p.PrePostAnnotationSecurityMetadataSource - @org.springframework.security.access.prepost.PreAuthorize("hasAuthority(\'admin:update\')") found on specific method: public org.springframework.http.ResponseEntity com.utiitsl.DMSAuthService.controller.dash.DashController.updateUser(com.utiitsl.DMSAuthService.dto.UserDTO,java.lang.Integer)
2026-05-27 11:35:19 DEBUG o.s.s.a.m.DelegatingMethodSecurityMetadataSource - Caching method [CacheKey[com.utiitsl.DMSAuthService.controller.dash.DashController; public org.springframework.http.ResponseEntity com.utiitsl.DMSAuthService.controller.dash.DashController.updateUser(com.utiitsl.DMSAuthService.dto.UserDTO,java.lang.Integer)]] with attributes [[authorize: 'hasAuthority('admin:update')', filter: 'null', filterTarget: 'null']]
2026-05-27 11:35:19 DEBUG o.s.s.a.p.PrePostAnnotationSecurityMetadataSource - @org.springframework.security.access.prepost.PreAuthorize("hasRole(\'ROLE_APPLICATION_ADMIN\') or hasRole(\'ROLE_ADMIN\')") found on specific method: public org.springframework.http.ResponseEntity com.utiitsl.DMSAuthService.controller.user.UserController.activateDeactivateUser(java.lang.String,boolean)
2026-05-27 11:35:19 DEBUG o.s.s.a.m.DelegatingMethodSecurityMetadataSource - Caching method [CacheKey[com.utiitsl.DMSAuthService.controller.user.UserController; public org.springframework.http.ResponseEntity com.utiitsl.DMSAuthService.controller.user.UserController.activateDeactivateUser(java.lang.String,boolean)]] with attributes [[authorize: 'hasRole('ROLE_APPLICATION_ADMIN') or hasRole('ROLE_ADMIN')', filter: 'null', filterTarget: 'null']]
2026-05-27 11:35:19 DEBUG o.s.s.a.p.PrePostAnnotationSecurityMetadataSource - @org.springframework.security.access.prepost.PreAuthorize("hasRole(\'ROLE_APPLICATION_ADMIN\') or hasRole(\'ROLE_ADMIN\')") found on specific method: public org.springframework.http.ResponseEntity com.utiitsl.DMSAuthService.controller.user.UserController.getAllUser(int,int,java.lang.String,jakarta.servlet.http.HttpServletRequest)
2026-05-27 11:35:19 DEBUG o.s.s.a.m.DelegatingMethodSecurityMetadataSource - Caching method [CacheKey[com.utiitsl.DMSAuthService.controller.user.UserController; public org.springframework.http.ResponseEntity com.utiitsl.DMSAuthService.controller.user.UserController.getAllUser(int,int,java.lang.String,jakarta.servlet.http.HttpServletRequest)]] with attributes [[authorize: 'hasRole('ROLE_APPLICATION_ADMIN') or hasRole('ROLE_ADMIN')', filter: 'null', filterTarget: 'null']]
2026-05-27 11:35:19 DEBUG o.s.s.a.p.PrePostAnnotationSecurityMetadataSource - @org.springframework.security.access.prepost.PreAuthorize("hasRole(\'ROLE_APPLICATION_ADMIN\') or hasRole(\'ROLE_ADMIN\')") found on specific method: public org.springframework.http.ResponseEntity com.utiitsl.DMSAuthService.controller.user.UserController.register(com.utiitsl.DMSAuthService.dto.RegisterRequestDTO,java.lang.String,jakarta.servlet.http.HttpServletRequest)
2026-05-27 11:35:19 DEBUG o.s.s.a.m.DelegatingMethodSecurityMetadataSource - Caching method [CacheKey[com.utiitsl.DMSAuthService.controller.user.UserController; public org.springframework.http.ResponseEntity com.utiitsl.DMSAuthService.controller.user.UserController.register(com.utiitsl.DMSAuthService.dto.RegisterRequestDTO,java.lang.String,jakarta.servlet.http.HttpServletRequest)]] with attributes [[authorize: 'hasRole('ROLE_APPLICATION_ADMIN') or hasRole('ROLE_ADMIN')', filter: 'null', filterTarget: 'null']]
2026-05-27 11:35:19 WARN  o.s.b.a.o.j.JpaBaseConfiguration$JpaWebConfiguration - spring.jpa.open-in-view is enabled by default. Therefore, database queries may be performed during view rendering. Explicitly configure spring.jpa.open-in-view to disable this warning
2026-05-27 11:35:20 INFO  o.s.s.web.DefaultSecurityFilterChain - Will secure any request with [org.springframework.security.web.session.DisableEncodeUrlFilter@41ad3b3a, org.springframework.security.web.context.request.async.WebAsyncManagerIntegrationFilter@5d617a51, org.springframework.security.web.context.SecurityContextHolderFilter@62fae97c, org.springframework.security.web.header.HeaderWriterFilter@3f8f9c28, org.springframework.web.filter.CorsFilter@4dbc1862, org.springframework.security.web.authentication.logout.LogoutFilter@35792a47, org.springframework.security.oauth2.client.web.OAuth2AuthorizationRequestRedirectFilter@694a70cf, org.springframework.security.oauth2.client.web.OAuth2LoginAuthenticationFilter@4d5a2147, com.utiitsl.DMSAuthService.config.auth.JwtAuthFilter@605b6ea8, org.springframework.security.web.savedrequest.RequestCacheAwareFilter@40fc16c0, org.springframework.security.web.servletapi.SecurityContextHolderAwareRequestFilter@4aec4ed5, org.springframework.security.web.authentication.AnonymousAuthenticationFilter@25b66ad8, org.springframework.security.web.session.SessionManagementFilter@50ec7d01, org.springframework.security.web.access.ExceptionTranslationFilter@45f35c7a, org.springframework.security.web.access.intercept.AuthorizationFilter@4d8e3b6a]
2026-05-27 11:35:21 INFO  o.s.b.d.a.OptionalLiveReloadServer - LiveReload server is running on port 35729
2026-05-27 11:35:21 INFO  o.s.b.w.e.tomcat.TomcatWebServer - Tomcat started on port 8282 (http) with context path '/authService'
2026-05-27 11:35:21 INFO  c.u.D.DmsAuthServiceApplication - Started DmsAuthServiceApplication in 12.239 seconds (process running for 13.658)
2026-05-27 11:35:27 INFO  o.a.c.c.C.[.[.[/authService] - Initializing Spring DispatcherServlet 'dispatcherServlet'
2026-05-27 11:35:27 INFO  o.s.web.servlet.DispatcherServlet - Initializing Servlet 'dispatcherServlet'
2026-05-27 11:35:27 INFO  o.s.web.servlet.DispatcherServlet - Completed initialization in 2 ms
2026-05-27 11:35:27 TRACE o.s.security.web.FilterChainProxy - Trying to match request against DefaultSecurityFilterChain [RequestMatcher=any request, Filters=[org.springframework.security.web.session.DisableEncodeUrlFilter@41ad3b3a, org.springframework.security.web.context.request.async.WebAsyncManagerIntegrationFilter@5d617a51, org.springframework.security.web.context.SecurityContextHolderFilter@62fae97c, org.springframework.security.web.header.HeaderWriterFilter@3f8f9c28, org.springframework.web.filter.CorsFilter@4dbc1862, org.springframework.security.web.authentication.logout.LogoutFilter@35792a47, org.springframework.security.oauth2.client.web.OAuth2AuthorizationRequestRedirectFilter@694a70cf, org.springframework.security.oauth2.client.web.OAuth2LoginAuthenticationFilter@4d5a2147, com.utiitsl.DMSAuthService.config.auth.JwtAuthFilter@605b6ea8, org.springframework.security.web.savedrequest.RequestCacheAwareFilter@40fc16c0, org.springframework.security.web.servletapi.SecurityContextHolderAwareRequestFilter@4aec4ed5, org.springframework.security.web.authentication.AnonymousAuthenticationFilter@25b66ad8, org.springframework.security.web.session.SessionManagementFilter@50ec7d01, org.springframework.security.web.access.ExceptionTranslationFilter@45f35c7a, org.springframework.security.web.access.intercept.AuthorizationFilter@4d8e3b6a]] (1/1)
2026-05-27 11:35:27 DEBUG o.s.security.web.FilterChainProxy - Securing POST /api/v1/auth/tokenWithCookie
2026-05-27 11:35:27 TRACE o.s.security.web.FilterChainProxy - Invoking DisableEncodeUrlFilter (1/15)
2026-05-27 11:35:27 TRACE o.s.security.web.FilterChainProxy - Invoking WebAsyncManagerIntegrationFilter (2/15)
2026-05-27 11:35:27 TRACE o.s.security.web.FilterChainProxy - Invoking SecurityContextHolderFilter (3/15)
2026-05-27 11:35:27 TRACE o.s.security.web.FilterChainProxy - Invoking HeaderWriterFilter (4/15)
2026-05-27 11:35:27 TRACE o.s.security.web.FilterChainProxy - Invoking CorsFilter (5/15)
2026-05-27 11:35:27 TRACE o.s.security.web.FilterChainProxy - Invoking LogoutFilter (6/15)
2026-05-27 11:35:27 TRACE o.s.s.w.a.logout.LogoutFilter - Did not match request to Or [Ant [pattern='/logout', GET], Ant [pattern='/logout', POST], Ant [pattern='/logout', PUT], Ant [pattern='/logout', DELETE]]
2026-05-27 11:35:27 TRACE o.s.security.web.FilterChainProxy - Invoking OAuth2AuthorizationRequestRedirectFilter (7/15)
2026-05-27 11:35:27 TRACE o.s.security.web.FilterChainProxy - Invoking OAuth2LoginAuthenticationFilter (8/15)
2026-05-27 11:35:27 TRACE o.s.s.o.c.w.OAuth2LoginAuthenticationFilter - Did not match request to Ant [pattern='/login/oauth2/code/*']
2026-05-27 11:35:27 TRACE o.s.security.web.FilterChainProxy - Invoking JwtAuthFilter (9/15)
2026-05-27 11:35:36 TRACE o.s.security.web.FilterChainProxy - Invoking RequestCacheAwareFilter (10/15)
2026-05-27 11:35:36 TRACE o.s.security.web.FilterChainProxy - Invoking SecurityContextHolderAwareRequestFilter (11/15)
2026-05-27 11:35:36 TRACE o.s.security.web.FilterChainProxy - Invoking AnonymousAuthenticationFilter (12/15)
2026-05-27 11:35:36 TRACE o.s.security.web.FilterChainProxy - Invoking SessionManagementFilter (13/15)
2026-05-27 11:35:36 TRACE o.s.s.w.c.SupplierDeferredSecurityContext - Created SecurityContextImpl [Null authentication]
2026-05-27 11:35:36 TRACE o.s.s.w.a.AnonymousAuthenticationFilter - Set SecurityContextHolder to AnonymousAuthenticationToken [Principal=anonymousUser, Credentials=[PROTECTED], Authenticated=true, Details=WebAuthenticationDetails [RemoteIpAddress=0:0:0:0:0:0:0:1, SessionId=654620B03E47687C2C50F6E3A7151BFB], Granted Authorities=[ROLE_ANONYMOUS]]
2026-05-27 11:35:36 TRACE o.s.security.web.FilterChainProxy - Invoking ExceptionTranslationFilter (14/15)
2026-05-27 11:35:36 TRACE o.s.security.web.FilterChainProxy - Invoking AuthorizationFilter (15/15)
2026-05-27 11:35:36 TRACE o.s.s.w.a.i.RequestMatcherDelegatingAuthorizationManager - Authorizing POST /api/v1/auth/tokenWithCookie
2026-05-27 11:35:36 TRACE o.s.s.w.a.i.RequestMatcherDelegatingAuthorizationManager - Checking authorization on POST /api/v1/auth/tokenWithCookie using org.springframework.security.config.annotation.web.configurers.AuthorizeHttpRequestsConfigurer$$Lambda/0x0000026cb9aedba0@6c6bd5ba
2026-05-27 11:35:36 DEBUG o.s.security.web.FilterChainProxy - Secured POST /api/v1/auth/tokenWithCookie
2026-05-27 11:35:36 TRACE o.s.s.w.h.writers.HstsHeaderWriter - Not injecting HSTS header since it did not match request to [Is Secure]
2026-05-27 11:35:36 WARN  o.s.w.s.m.m.a.ExceptionHandlerExceptionResolver - Resolved [org.springframework.web.HttpMediaTypeNotSupportedException: Content-Type 'text/plain;charset=UTF-8' is not supported]
2026-05-27 11:36:19 TRACE o.s.security.web.FilterChainProxy - Trying to match request against DefaultSecurityFilterChain [RequestMatcher=any request, Filters=[org.springframework.security.web.session.DisableEncodeUrlFilter@41ad3b3a, org.springframework.security.web.context.request.async.WebAsyncManagerIntegrationFilter@5d617a51, org.springframework.security.web.context.SecurityContextHolderFilter@62fae97c, org.springframework.security.web.header.HeaderWriterFilter@3f8f9c28, org.springframework.web.filter.CorsFilter@4dbc1862, org.springframework.security.web.authentication.logout.LogoutFilter@35792a47, org.springframework.security.oauth2.client.web.OAuth2AuthorizationRequestRedirectFilter@694a70cf, org.springframework.security.oauth2.client.web.OAuth2LoginAuthenticationFilter@4d5a2147, com.utiitsl.DMSAuthService.config.auth.JwtAuthFilter@605b6ea8, org.springframework.security.web.savedrequest.RequestCacheAwareFilter@40fc16c0, org.springframework.security.web.servletapi.SecurityContextHolderAwareRequestFilter@4aec4ed5, org.springframework.security.web.authentication.AnonymousAuthenticationFilter@25b66ad8, org.springframework.security.web.session.SessionManagementFilter@50ec7d01, org.springframework.security.web.access.ExceptionTranslationFilter@45f35c7a, org.springframework.security.web.access.intercept.AuthorizationFilter@4d8e3b6a]] (1/1)
2026-05-27 11:36:19 DEBUG o.s.security.web.FilterChainProxy - Securing POST /api/v1/auth/tokenWithCookie
2026-05-27 11:36:19 TRACE o.s.security.web.FilterChainProxy - Invoking DisableEncodeUrlFilter (1/15)
2026-05-27 11:36:19 TRACE o.s.security.web.FilterChainProxy - Invoking WebAsyncManagerIntegrationFilter (2/15)
2026-05-27 11:36:19 TRACE o.s.security.web.FilterChainProxy - Invoking SecurityContextHolderFilter (3/15)
2026-05-27 11:36:19 TRACE o.s.security.web.FilterChainProxy - Invoking HeaderWriterFilter (4/15)
2026-05-27 11:36:19 TRACE o.s.security.web.FilterChainProxy - Invoking CorsFilter (5/15)
2026-05-27 11:36:19 TRACE o.s.security.web.FilterChainProxy - Invoking LogoutFilter (6/15)
2026-05-27 11:36:19 TRACE o.s.s.w.a.logout.LogoutFilter - Did not match request to Or [Ant [pattern='/logout', GET], Ant [pattern='/logout', POST], Ant [pattern='/logout', PUT], Ant [pattern='/logout', DELETE]]
2026-05-27 11:36:19 TRACE o.s.security.web.FilterChainProxy - Invoking OAuth2AuthorizationRequestRedirectFilter (7/15)
2026-05-27 11:36:19 TRACE o.s.security.web.FilterChainProxy - Invoking OAuth2LoginAuthenticationFilter (8/15)
2026-05-27 11:36:19 TRACE o.s.s.o.c.w.OAuth2LoginAuthenticationFilter - Did not match request to Ant [pattern='/login/oauth2/code/*']
2026-05-27 11:36:19 TRACE o.s.security.web.FilterChainProxy - Invoking JwtAuthFilter (9/15)
2026-05-27 11:36:26 TRACE o.s.security.web.FilterChainProxy - Invoking RequestCacheAwareFilter (10/15)
2026-05-27 11:36:26 TRACE o.s.security.web.FilterChainProxy - Invoking SecurityContextHolderAwareRequestFilter (11/15)
2026-05-27 11:36:26 TRACE o.s.security.web.FilterChainProxy - Invoking AnonymousAuthenticationFilter (12/15)
2026-05-27 11:36:26 TRACE o.s.security.web.FilterChainProxy - Invoking SessionManagementFilter (13/15)
2026-05-27 11:36:26 TRACE o.s.s.w.c.SupplierDeferredSecurityContext - Created SecurityContextImpl [Null authentication]
2026-05-27 11:36:26 TRACE o.s.s.w.a.AnonymousAuthenticationFilter - Set SecurityContextHolder to AnonymousAuthenticationToken [Principal=anonymousUser, Credentials=[PROTECTED], Authenticated=true, Details=WebAuthenticationDetails [RemoteIpAddress=0:0:0:0:0:0:0:1, SessionId=654620B03E47687C2C50F6E3A7151BFB], Granted Authorities=[ROLE_ANONYMOUS]]
2026-05-27 11:36:26 TRACE o.s.security.web.FilterChainProxy - Invoking ExceptionTranslationFilter (14/15)
2026-05-27 11:36:26 TRACE o.s.security.web.FilterChainProxy - Invoking AuthorizationFilter (15/15)
2026-05-27 11:36:26 TRACE o.s.s.w.a.i.RequestMatcherDelegatingAuthorizationManager - Authorizing POST /api/v1/auth/tokenWithCookie
2026-05-27 11:36:26 TRACE o.s.s.w.a.i.RequestMatcherDelegatingAuthorizationManager - Checking authorization on POST /api/v1/auth/tokenWithCookie using org.springframework.security.config.annotation.web.configurers.AuthorizeHttpRequestsConfigurer$$Lambda/0x0000026cb9aedba0@6c6bd5ba
2026-05-27 11:36:26 DEBUG o.s.security.web.FilterChainProxy - Secured POST /api/v1/auth/tokenWithCookie
2026-05-27 11:36:26 TRACE o.s.s.authentication.ProviderManager - Authenticating request with DaoAuthenticationProvider (1/1)
2026-05-27 11:36:27 DEBUG o.s.s.a.d.DaoAuthenticationProvider - Authenticated user
2026-05-27 11:36:27 TRACE o.s.s.w.h.writers.HstsHeaderWriter - Not injecting HSTS header since it did not match request to [Is Secure]
2026-05-27 11:37:03 TRACE o.s.security.web.FilterChainProxy - Trying to match request against DefaultSecurityFilterChain [RequestMatcher=any request, Filters=[org.springframework.security.web.session.DisableEncodeUrlFilter@41ad3b3a, org.springframework.security.web.context.request.async.WebAsyncManagerIntegrationFilter@5d617a51, org.springframework.security.web.context.SecurityContextHolderFilter@62fae97c, org.springframework.security.web.header.HeaderWriterFilter@3f8f9c28, org.springframework.web.filter.CorsFilter@4dbc1862, org.springframework.security.web.authentication.logout.LogoutFilter@35792a47, org.springframework.security.oauth2.client.web.OAuth2AuthorizationRequestRedirectFilter@694a70cf, org.springframework.security.oauth2.client.web.OAuth2LoginAuthenticationFilter@4d5a2147, com.utiitsl.DMSAuthService.config.auth.JwtAuthFilter@605b6ea8, org.springframework.security.web.savedrequest.RequestCacheAwareFilter@40fc16c0, org.springframework.security.web.servletapi.SecurityContextHolderAwareRequestFilter@4aec4ed5, org.springframework.security.web.authentication.AnonymousAuthenticationFilter@25b66ad8, org.springframework.security.web.session.SessionManagementFilter@50ec7d01, org.springframework.security.web.access.ExceptionTranslationFilter@45f35c7a, org.springframework.security.web.access.intercept.AuthorizationFilter@4d8e3b6a]] (1/1)
2026-05-27 11:37:03 DEBUG o.s.security.web.FilterChainProxy - Securing OPTIONS /api/v1/auth/token
2026-05-27 11:37:03 TRACE o.s.security.web.FilterChainProxy - Invoking DisableEncodeUrlFilter (1/15)
2026-05-27 11:37:03 TRACE o.s.security.web.FilterChainProxy - Invoking WebAsyncManagerIntegrationFilter (2/15)
2026-05-27 11:37:03 TRACE o.s.security.web.FilterChainProxy - Invoking SecurityContextHolderFilter (3/15)
2026-05-27 11:37:03 TRACE o.s.security.web.FilterChainProxy - Invoking HeaderWriterFilter (4/15)
2026-05-27 11:37:03 TRACE o.s.security.web.FilterChainProxy - Invoking CorsFilter (5/15)
2026-05-27 11:37:03 TRACE o.s.s.w.h.writers.HstsHeaderWriter - Not injecting HSTS header since it did not match request to [Is Secure]
2026-05-27 11:37:03 TRACE o.s.security.web.FilterChainProxy - Trying to match request against DefaultSecurityFilterChain [RequestMatcher=any request, Filters=[org.springframework.security.web.session.DisableEncodeUrlFilter@41ad3b3a, org.springframework.security.web.context.request.async.WebAsyncManagerIntegrationFilter@5d617a51, org.springframework.security.web.context.SecurityContextHolderFilter@62fae97c, org.springframework.security.web.header.HeaderWriterFilter@3f8f9c28, org.springframework.web.filter.CorsFilter@4dbc1862, org.springframework.security.web.authentication.logout.LogoutFilter@35792a47, org.springframework.security.oauth2.client.web.OAuth2AuthorizationRequestRedirectFilter@694a70cf, org.springframework.security.oauth2.client.web.OAuth2LoginAuthenticationFilter@4d5a2147, com.utiitsl.DMSAuthService.config.auth.JwtAuthFilter@605b6ea8, org.springframework.security.web.savedrequest.RequestCacheAwareFilter@40fc16c0, org.springframework.security.web.servletapi.SecurityContextHolderAwareRequestFilter@4aec4ed5, org.springframework.security.web.authentication.AnonymousAuthenticationFilter@25b66ad8, org.springframework.security.web.session.SessionManagementFilter@50ec7d01, org.springframework.security.web.access.ExceptionTranslationFilter@45f35c7a, org.springframework.security.web.access.intercept.AuthorizationFilter@4d8e3b6a]] (1/1)
2026-05-27 11:37:03 DEBUG o.s.security.web.FilterChainProxy - Securing POST /api/v1/auth/token
2026-05-27 11:37:03 TRACE o.s.security.web.FilterChainProxy - Invoking DisableEncodeUrlFilter (1/15)
2026-05-27 11:37:03 TRACE o.s.security.web.FilterChainProxy - Invoking WebAsyncManagerIntegrationFilter (2/15)
2026-05-27 11:37:03 TRACE o.s.security.web.FilterChainProxy - Invoking SecurityContextHolderFilter (3/15)
2026-05-27 11:37:03 TRACE o.s.security.web.FilterChainProxy - Invoking HeaderWriterFilter (4/15)
2026-05-27 11:37:03 TRACE o.s.security.web.FilterChainProxy - Invoking CorsFilter (5/15)
2026-05-27 11:37:03 TRACE o.s.security.web.FilterChainProxy - Invoking LogoutFilter (6/15)
2026-05-27 11:37:03 TRACE o.s.s.w.a.logout.LogoutFilter - Did not match request to Or [Ant [pattern='/logout', GET], Ant [pattern='/logout', POST], Ant [pattern='/logout', PUT], Ant [pattern='/logout', DELETE]]
2026-05-27 11:37:03 TRACE o.s.security.web.FilterChainProxy - Invoking OAuth2AuthorizationRequestRedirectFilter (7/15)
2026-05-27 11:37:03 TRACE o.s.security.web.FilterChainProxy - Invoking OAuth2LoginAuthenticationFilter (8/15)
2026-05-27 11:37:03 TRACE o.s.s.o.c.w.OAuth2LoginAuthenticationFilter - Did not match request to Ant [pattern='/login/oauth2/code/*']
2026-05-27 11:37:03 TRACE o.s.security.web.FilterChainProxy - Invoking JwtAuthFilter (9/15)
2026-05-27 11:37:07 TRACE o.s.security.web.FilterChainProxy - Invoking RequestCacheAwareFilter (10/15)
2026-05-27 11:37:07 TRACE o.s.security.web.FilterChainProxy - Invoking SecurityContextHolderAwareRequestFilter (11/15)
2026-05-27 11:37:07 TRACE o.s.security.web.FilterChainProxy - Invoking AnonymousAuthenticationFilter (12/15)
2026-05-27 11:37:07 TRACE o.s.security.web.FilterChainProxy - Invoking SessionManagementFilter (13/15)
2026-05-27 11:37:07 TRACE o.s.s.w.c.SupplierDeferredSecurityContext - Created SecurityContextImpl [Null authentication]
2026-05-27 11:37:07 TRACE o.s.s.w.a.AnonymousAuthenticationFilter - Set SecurityContextHolder to AnonymousAuthenticationToken [Principal=anonymousUser, Credentials=[PROTECTED], Authenticated=true, Details=WebAuthenticationDetails [RemoteIpAddress=0:0:0:0:0:0:0:1, SessionId=null], Granted Authorities=[ROLE_ANONYMOUS]]
2026-05-27 11:37:07 TRACE o.s.security.web.FilterChainProxy - Invoking ExceptionTranslationFilter (14/15)
2026-05-27 11:37:07 TRACE o.s.security.web.FilterChainProxy - Invoking AuthorizationFilter (15/15)
2026-05-27 11:37:07 TRACE o.s.s.w.a.i.RequestMatcherDelegatingAuthorizationManager - Authorizing POST /api/v1/auth/token
2026-05-27 11:37:07 TRACE o.s.s.w.a.i.RequestMatcherDelegatingAuthorizationManager - Checking authorization on POST /api/v1/auth/token using org.springframework.security.config.annotation.web.configurers.AuthorizeHttpRequestsConfigurer$$Lambda/0x0000026cb9aedba0@6c6bd5ba
2026-05-27 11:37:07 DEBUG o.s.security.web.FilterChainProxy - Secured POST /api/v1/auth/token
2026-05-27 11:37:13 TRACE o.s.s.authentication.ProviderManager - Authenticating request with DaoAuthenticationProvider (1/1)
2026-05-27 11:37:15 DEBUG o.s.s.a.d.DaoAuthenticationProvider - Authenticated user
2026-05-27 11:37:45 WARN  com.zaxxer.hikari.pool.HikariPool - HikariPool-1 - Thread starvation or clock leap detected (housekeeper delta=58s938ms867µs100ns).
2026-05-27 11:37:45 TRACE o.s.s.w.h.writers.HstsHeaderWriter - Not injecting HSTS header since it did not match request to [Is Secure]
2026-05-27 11:37:56 TRACE o.s.security.web.FilterChainProxy - Trying to match request against DefaultSecurityFilterChain [RequestMatcher=any request, Filters=[org.springframework.security.web.session.DisableEncodeUrlFilter@41ad3b3a, org.springframework.security.web.context.request.async.WebAsyncManagerIntegrationFilter@5d617a51, org.springframework.security.web.context.SecurityContextHolderFilter@62fae97c, org.springframework.security.web.header.HeaderWriterFilter@3f8f9c28, org.springframework.web.filter.CorsFilter@4dbc1862, org.springframework.security.web.authentication.logout.LogoutFilter@35792a47, org.springframework.security.oauth2.client.web.OAuth2AuthorizationRequestRedirectFilter@694a70cf, org.springframework.security.oauth2.client.web.OAuth2LoginAuthenticationFilter@4d5a2147, com.utiitsl.DMSAuthService.config.auth.JwtAuthFilter@605b6ea8, org.springframework.security.web.savedrequest.RequestCacheAwareFilter@40fc16c0, org.springframework.security.web.servletapi.SecurityContextHolderAwareRequestFilter@4aec4ed5, org.springframework.security.web.authentication.AnonymousAuthenticationFilter@25b66ad8, org.springframework.security.web.session.SessionManagementFilter@50ec7d01, org.springframework.security.web.access.ExceptionTranslationFilter@45f35c7a, org.springframework.security.web.access.intercept.AuthorizationFilter@4d8e3b6a]] (1/1)
2026-05-27 11:37:56 DEBUG o.s.security.web.FilterChainProxy - Securing OPTIONS /api/v1/auth/tokenWithCookie
2026-05-27 11:37:56 TRACE o.s.security.web.FilterChainProxy - Invoking DisableEncodeUrlFilter (1/15)
2026-05-27 11:37:56 TRACE o.s.security.web.FilterChainProxy - Invoking WebAsyncManagerIntegrationFilter (2/15)
2026-05-27 11:37:56 TRACE o.s.security.web.FilterChainProxy - Invoking SecurityContextHolderFilter (3/15)
2026-05-27 11:37:56 TRACE o.s.security.web.FilterChainProxy - Invoking HeaderWriterFilter (4/15)
2026-05-27 11:37:56 TRACE o.s.security.web.FilterChainProxy - Invoking CorsFilter (5/15)
2026-05-27 11:37:56 TRACE o.s.s.w.h.writers.HstsHeaderWriter - Not injecting HSTS header since it did not match request to [Is Secure]
2026-05-27 11:37:56 TRACE o.s.security.web.FilterChainProxy - Trying to match request against DefaultSecurityFilterChain [RequestMatcher=any request, Filters=[org.springframework.security.web.session.DisableEncodeUrlFilter@41ad3b3a, org.springframework.security.web.context.request.async.WebAsyncManagerIntegrationFilter@5d617a51, org.springframework.security.web.context.SecurityContextHolderFilter@62fae97c, org.springframework.security.web.header.HeaderWriterFilter@3f8f9c28, org.springframework.web.filter.CorsFilter@4dbc1862, org.springframework.security.web.authentication.logout.LogoutFilter@35792a47, org.springframework.security.oauth2.client.web.OAuth2AuthorizationRequestRedirectFilter@694a70cf, org.springframework.security.oauth2.client.web.OAuth2LoginAuthenticationFilter@4d5a2147, com.utiitsl.DMSAuthService.config.auth.JwtAuthFilter@605b6ea8, org.springframework.security.web.savedrequest.RequestCacheAwareFilter@40fc16c0, org.springframework.security.web.servletapi.SecurityContextHolderAwareRequestFilter@4aec4ed5, org.springframework.security.web.authentication.AnonymousAuthenticationFilter@25b66ad8, org.springframework.security.web.session.SessionManagementFilter@50ec7d01, org.springframework.security.web.access.ExceptionTranslationFilter@45f35c7a, org.springframework.security.web.access.intercept.AuthorizationFilter@4d8e3b6a]] (1/1)
2026-05-27 11:37:56 DEBUG o.s.security.web.FilterChainProxy - Securing POST /api/v1/auth/tokenWithCookie
2026-05-27 11:37:56 TRACE o.s.security.web.FilterChainProxy - Invoking DisableEncodeUrlFilter (1/15)
2026-05-27 11:37:56 TRACE o.s.security.web.FilterChainProxy - Invoking WebAsyncManagerIntegrationFilter (2/15)
2026-05-27 11:37:56 TRACE o.s.security.web.FilterChainProxy - Invoking SecurityContextHolderFilter (3/15)
2026-05-27 11:37:56 TRACE o.s.security.web.FilterChainProxy - Invoking HeaderWriterFilter (4/15)
2026-05-27 11:37:56 TRACE o.s.security.web.FilterChainProxy - Invoking CorsFilter (5/15)
2026-05-27 11:37:56 TRACE o.s.security.web.FilterChainProxy - Invoking LogoutFilter (6/15)
2026-05-27 11:37:56 TRACE o.s.s.w.a.logout.LogoutFilter - Did not match request to Or [Ant [pattern='/logout', GET], Ant [pattern='/logout', POST], Ant [pattern='/logout', PUT], Ant [pattern='/logout', DELETE]]
2026-05-27 11:37:56 TRACE o.s.security.web.FilterChainProxy - Invoking OAuth2AuthorizationRequestRedirectFilter (7/15)
2026-05-27 11:37:56 TRACE o.s.security.web.FilterChainProxy - Invoking OAuth2LoginAuthenticationFilter (8/15)
2026-05-27 11:37:56 TRACE o.s.s.o.c.w.OAuth2LoginAuthenticationFilter - Did not match request to Ant [pattern='/login/oauth2/code/*']
2026-05-27 11:37:56 TRACE o.s.security.web.FilterChainProxy - Invoking JwtAuthFilter (9/15)
2026-05-27 11:37:59 TRACE o.s.security.web.FilterChainProxy - Invoking RequestCacheAwareFilter (10/15)
2026-05-27 11:37:59 TRACE o.s.security.web.FilterChainProxy - Invoking SecurityContextHolderAwareRequestFilter (11/15)
2026-05-27 11:37:59 TRACE o.s.security.web.FilterChainProxy - Invoking AnonymousAuthenticationFilter (12/15)
2026-05-27 11:37:59 TRACE o.s.security.web.FilterChainProxy - Invoking SessionManagementFilter (13/15)
2026-05-27 11:37:59 TRACE o.s.s.w.c.SupplierDeferredSecurityContext - Created SecurityContextImpl [Null authentication]
2026-05-27 11:37:59 TRACE o.s.s.w.a.AnonymousAuthenticationFilter - Set SecurityContextHolder to AnonymousAuthenticationToken [Principal=anonymousUser, Credentials=[PROTECTED], Authenticated=true, Details=WebAuthenticationDetails [RemoteIpAddress=0:0:0:0:0:0:0:1, SessionId=null], Granted Authorities=[ROLE_ANONYMOUS]]
2026-05-27 11:37:59 TRACE o.s.security.web.FilterChainProxy - Invoking ExceptionTranslationFilter (14/15)
2026-05-27 11:37:59 TRACE o.s.security.web.FilterChainProxy - Invoking AuthorizationFilter (15/15)
2026-05-27 11:37:59 TRACE o.s.s.w.a.i.RequestMatcherDelegatingAuthorizationManager - Authorizing POST /api/v1/auth/tokenWithCookie
2026-05-27 11:37:59 TRACE o.s.s.w.a.i.RequestMatcherDelegatingAuthorizationManager - Checking authorization on POST /api/v1/auth/tokenWithCookie using org.springframework.security.config.annotation.web.configurers.AuthorizeHttpRequestsConfigurer$$Lambda/0x0000026cb9aedba0@6c6bd5ba
2026-05-27 11:37:59 DEBUG o.s.security.web.FilterChainProxy - Secured POST /api/v1/auth/tokenWithCookie
2026-05-27 11:37:59 TRACE o.s.s.authentication.ProviderManager - Authenticating request with DaoAuthenticationProvider (1/1)
2026-05-27 11:37:59 DEBUG o.s.s.a.d.DaoAuthenticationProvider - Authenticated user
2026-05-27 11:37:59 TRACE o.s.s.w.h.writers.HstsHeaderWriter - Not injecting HSTS header since it did not match request to [Is Secure]
2026-05-27 11:38:11 TRACE o.s.security.web.FilterChainProxy - Trying to match request against DefaultSecurityFilterChain [RequestMatcher=any request, Filters=[org.springframework.security.web.session.DisableEncodeUrlFilter@41ad3b3a, org.springframework.security.web.context.request.async.WebAsyncManagerIntegrationFilter@5d617a51, org.springframework.security.web.context.SecurityContextHolderFilter@62fae97c, org.springframework.security.web.header.HeaderWriterFilter@3f8f9c28, org.springframework.web.filter.CorsFilter@4dbc1862, org.springframework.security.web.authentication.logout.LogoutFilter@35792a47, org.springframework.security.oauth2.client.web.OAuth2AuthorizationRequestRedirectFilter@694a70cf, org.springframework.security.oauth2.client.web.OAuth2LoginAuthenticationFilter@4d5a2147, com.utiitsl.DMSAuthService.config.auth.JwtAuthFilter@605b6ea8, org.springframework.security.web.savedrequest.RequestCacheAwareFilter@40fc16c0, org.springframework.security.web.servletapi.SecurityContextHolderAwareRequestFilter@4aec4ed5, org.springframework.security.web.authentication.AnonymousAuthenticationFilter@25b66ad8, org.springframework.security.web.session.SessionManagementFilter@50ec7d01, org.springframework.security.web.access.ExceptionTranslationFilter@45f35c7a, org.springframework.security.web.access.intercept.AuthorizationFilter@4d8e3b6a]] (1/1)
2026-05-27 11:38:11 DEBUG o.s.security.web.FilterChainProxy - Securing OPTIONS /api/v1/auth/tokenWithCookie
2026-05-27 11:38:11 TRACE o.s.security.web.FilterChainProxy - Invoking DisableEncodeUrlFilter (1/15)
2026-05-27 11:38:11 TRACE o.s.security.web.FilterChainProxy - Invoking WebAsyncManagerIntegrationFilter (2/15)
2026-05-27 11:38:11 TRACE o.s.security.web.FilterChainProxy - Invoking SecurityContextHolderFilter (3/15)
2026-05-27 11:38:11 TRACE o.s.security.web.FilterChainProxy - Invoking HeaderWriterFilter (4/15)
2026-05-27 11:38:11 TRACE o.s.security.web.FilterChainProxy - Invoking CorsFilter (5/15)
2026-05-27 11:38:11 TRACE o.s.s.w.h.writers.HstsHeaderWriter - Not injecting HSTS header since it did not match request to [Is Secure]
2026-05-27 11:38:11 TRACE o.s.security.web.FilterChainProxy - Trying to match request against DefaultSecurityFilterChain [RequestMatcher=any request, Filters=[org.springframework.security.web.session.DisableEncodeUrlFilter@41ad3b3a, org.springframework.security.web.context.request.async.WebAsyncManagerIntegrationFilter@5d617a51, org.springframework.security.web.context.SecurityContextHolderFilter@62fae97c, org.springframework.security.web.header.HeaderWriterFilter@3f8f9c28, org.springframework.web.filter.CorsFilter@4dbc1862, org.springframework.security.web.authentication.logout.LogoutFilter@35792a47, org.springframework.security.oauth2.client.web.OAuth2AuthorizationRequestRedirectFilter@694a70cf, org.springframework.security.oauth2.client.web.OAuth2LoginAuthenticationFilter@4d5a2147, com.utiitsl.DMSAuthService.config.auth.JwtAuthFilter@605b6ea8, org.springframework.security.web.savedrequest.RequestCacheAwareFilter@40fc16c0, org.springframework.security.web.servletapi.SecurityContextHolderAwareRequestFilter@4aec4ed5, org.springframework.security.web.authentication.AnonymousAuthenticationFilter@25b66ad8, org.springframework.security.web.session.SessionManagementFilter@50ec7d01, org.springframework.security.web.access.ExceptionTranslationFilter@45f35c7a, org.springframework.security.web.access.intercept.AuthorizationFilter@4d8e3b6a]] (1/1)
2026-05-27 11:38:11 DEBUG o.s.security.web.FilterChainProxy - Securing POST /api/v1/auth/tokenWithCookie
2026-05-27 11:38:11 TRACE o.s.security.web.FilterChainProxy - Invoking DisableEncodeUrlFilter (1/15)
2026-05-27 11:38:11 TRACE o.s.security.web.FilterChainProxy - Invoking WebAsyncManagerIntegrationFilter (2/15)
2026-05-27 11:38:11 TRACE o.s.security.web.FilterChainProxy - Invoking SecurityContextHolderFilter (3/15)
2026-05-27 11:38:11 TRACE o.s.security.web.FilterChainProxy - Invoking HeaderWriterFilter (4/15)
2026-05-27 11:38:11 TRACE o.s.security.web.FilterChainProxy - Invoking CorsFilter (5/15)
2026-05-27 11:38:11 TRACE o.s.security.web.FilterChainProxy - Invoking LogoutFilter (6/15)
2026-05-27 11:38:11 TRACE o.s.s.w.a.logout.LogoutFilter - Did not match request to Or [Ant [pattern='/logout', GET], Ant [pattern='/logout', POST], Ant [pattern='/logout', PUT], Ant [pattern='/logout', DELETE]]
2026-05-27 11:38:11 TRACE o.s.security.web.FilterChainProxy - Invoking OAuth2AuthorizationRequestRedirectFilter (7/15)
2026-05-27 11:38:11 TRACE o.s.security.web.FilterChainProxy - Invoking OAuth2LoginAuthenticationFilter (8/15)
2026-05-27 11:38:11 TRACE o.s.s.o.c.w.OAuth2LoginAuthenticationFilter - Did not match request to Ant [pattern='/login/oauth2/code/*']
2026-05-27 11:38:11 TRACE o.s.security.web.FilterChainProxy - Invoking JwtAuthFilter (9/15)
2026-05-27 11:38:15 TRACE o.s.security.web.FilterChainProxy - Invoking RequestCacheAwareFilter (10/15)
2026-05-27 11:38:15 TRACE o.s.security.web.FilterChainProxy - Invoking SecurityContextHolderAwareRequestFilter (11/15)
2026-05-27 11:38:15 TRACE o.s.security.web.FilterChainProxy - Invoking AnonymousAuthenticationFilter (12/15)
2026-05-27 11:38:15 TRACE o.s.security.web.FilterChainProxy - Invoking SessionManagementFilter (13/15)
2026-05-27 11:38:15 TRACE o.s.s.w.c.SupplierDeferredSecurityContext - Created SecurityContextImpl [Null authentication]
2026-05-27 11:38:15 TRACE o.s.s.w.a.AnonymousAuthenticationFilter - Set SecurityContextHolder to AnonymousAuthenticationToken [Principal=anonymousUser, Credentials=[PROTECTED], Authenticated=true, Details=WebAuthenticationDetails [RemoteIpAddress=0:0:0:0:0:0:0:1, SessionId=null], Granted Authorities=[ROLE_ANONYMOUS]]
2026-05-27 11:38:15 TRACE o.s.security.web.FilterChainProxy - Invoking ExceptionTranslationFilter (14/15)
2026-05-27 11:38:15 TRACE o.s.security.web.FilterChainProxy - Invoking AuthorizationFilter (15/15)
2026-05-27 11:38:15 TRACE o.s.s.w.a.i.RequestMatcherDelegatingAuthorizationManager - Authorizing POST /api/v1/auth/tokenWithCookie
2026-05-27 11:38:15 TRACE o.s.s.w.a.i.RequestMatcherDelegatingAuthorizationManager - Checking authorization on POST /api/v1/auth/tokenWithCookie using org.springframework.security.config.annotation.web.configurers.AuthorizeHttpRequestsConfigurer$$Lambda/0x0000026cb9aedba0@6c6bd5ba
2026-05-27 11:38:15 DEBUG o.s.security.web.FilterChainProxy - Secured POST /api/v1/auth/tokenWithCookie
2026-05-27 11:38:15 TRACE o.s.s.authentication.ProviderManager - Authenticating request with DaoAuthenticationProvider (1/1)
2026-05-27 11:38:15 DEBUG o.s.s.a.d.DaoAuthenticationProvider - Authenticated user
2026-05-27 11:38:15 TRACE o.s.s.w.h.writers.HstsHeaderWriter - Not injecting HSTS header since it did not match request to [Is Secure]
2026-05-27 11:39:03 TRACE o.s.security.web.FilterChainProxy - Trying to match request against DefaultSecurityFilterChain [RequestMatcher=any request, Filters=[org.springframework.security.web.session.DisableEncodeUrlFilter@41ad3b3a, org.springframework.security.web.context.request.async.WebAsyncManagerIntegrationFilter@5d617a51, org.springframework.security.web.context.SecurityContextHolderFilter@62fae97c, org.springframework.security.web.header.HeaderWriterFilter@3f8f9c28, org.springframework.web.filter.CorsFilter@4dbc1862, org.springframework.security.web.authentication.logout.LogoutFilter@35792a47, org.springframework.security.oauth2.client.web.OAuth2AuthorizationRequestRedirectFilter@694a70cf, org.springframework.security.oauth2.client.web.OAuth2LoginAuthenticationFilter@4d5a2147, com.utiitsl.DMSAuthService.config.auth.JwtAuthFilter@605b6ea8, org.springframework.security.web.savedrequest.RequestCacheAwareFilter@40fc16c0, org.springframework.security.web.servletapi.SecurityContextHolderAwareRequestFilter@4aec4ed5, org.springframework.security.web.authentication.AnonymousAuthenticationFilter@25b66ad8, org.springframework.security.web.session.SessionManagementFilter@50ec7d01, org.springframework.security.web.access.ExceptionTranslationFilter@45f35c7a, org.springframework.security.web.access.intercept.AuthorizationFilter@4d8e3b6a]] (1/1)
2026-05-27 11:39:03 DEBUG o.s.security.web.FilterChainProxy - Securing OPTIONS /api/v1/auth/tokenWithCookie
2026-05-27 11:39:03 TRACE o.s.security.web.FilterChainProxy - Invoking DisableEncodeUrlFilter (1/15)
2026-05-27 11:39:03 TRACE o.s.security.web.FilterChainProxy - Invoking WebAsyncManagerIntegrationFilter (2/15)
2026-05-27 11:39:03 TRACE o.s.security.web.FilterChainProxy - Invoking SecurityContextHolderFilter (3/15)
2026-05-27 11:39:03 TRACE o.s.security.web.FilterChainProxy - Invoking HeaderWriterFilter (4/15)
2026-05-27 11:39:03 TRACE o.s.security.web.FilterChainProxy - Invoking CorsFilter (5/15)
2026-05-27 11:39:03 TRACE o.s.s.w.h.writers.HstsHeaderWriter - Not injecting HSTS header since it did not match request to [Is Secure]
2026-05-27 11:39:03 TRACE o.s.security.web.FilterChainProxy - Trying to match request against DefaultSecurityFilterChain [RequestMatcher=any request, Filters=[org.springframework.security.web.session.DisableEncodeUrlFilter@41ad3b3a, org.springframework.security.web.context.request.async.WebAsyncManagerIntegrationFilter@5d617a51, org.springframework.security.web.context.SecurityContextHolderFilter@62fae97c, org.springframework.security.web.header.HeaderWriterFilter@3f8f9c28, org.springframework.web.filter.CorsFilter@4dbc1862, org.springframework.security.web.authentication.logout.LogoutFilter@35792a47, org.springframework.security.oauth2.client.web.OAuth2AuthorizationRequestRedirectFilter@694a70cf, org.springframework.security.oauth2.client.web.OAuth2LoginAuthenticationFilter@4d5a2147, com.utiitsl.DMSAuthService.config.auth.JwtAuthFilter@605b6ea8, org.springframework.security.web.savedrequest.RequestCacheAwareFilter@40fc16c0, org.springframework.security.web.servletapi.SecurityContextHolderAwareRequestFilter@4aec4ed5, org.springframework.security.web.authentication.AnonymousAuthenticationFilter@25b66ad8, org.springframework.security.web.session.SessionManagementFilter@50ec7d01, org.springframework.security.web.access.ExceptionTranslationFilter@45f35c7a, org.springframework.security.web.access.intercept.AuthorizationFilter@4d8e3b6a]] (1/1)
2026-05-27 11:39:03 DEBUG o.s.security.web.FilterChainProxy - Securing POST /api/v1/auth/tokenWithCookie
2026-05-27 11:39:03 TRACE o.s.security.web.FilterChainProxy - Invoking DisableEncodeUrlFilter (1/15)
2026-05-27 11:39:03 TRACE o.s.security.web.FilterChainProxy - Invoking WebAsyncManagerIntegrationFilter (2/15)
2026-05-27 11:39:03 TRACE o.s.security.web.FilterChainProxy - Invoking SecurityContextHolderFilter (3/15)
2026-05-27 11:39:03 TRACE o.s.security.web.FilterChainProxy - Invoking HeaderWriterFilter (4/15)
2026-05-27 11:39:03 TRACE o.s.security.web.FilterChainProxy - Invoking CorsFilter (5/15)
2026-05-27 11:39:03 TRACE o.s.security.web.FilterChainProxy - Invoking LogoutFilter (6/15)
2026-05-27 11:39:03 TRACE o.s.s.w.a.logout.LogoutFilter - Did not match request to Or [Ant [pattern='/logout', GET], Ant [pattern='/logout', POST], Ant [pattern='/logout', PUT], Ant [pattern='/logout', DELETE]]
2026-05-27 11:39:03 TRACE o.s.security.web.FilterChainProxy - Invoking OAuth2AuthorizationRequestRedirectFilter (7/15)
2026-05-27 11:39:03 TRACE o.s.security.web.FilterChainProxy - Invoking OAuth2LoginAuthenticationFilter (8/15)
2026-05-27 11:39:03 TRACE o.s.s.o.c.w.OAuth2LoginAuthenticationFilter - Did not match request to Ant [pattern='/login/oauth2/code/*']
2026-05-27 11:39:03 TRACE o.s.security.web.FilterChainProxy - Invoking JwtAuthFilter (9/15)
2026-05-27 11:39:05 TRACE o.s.security.web.FilterChainProxy - Invoking RequestCacheAwareFilter (10/15)
2026-05-27 11:39:05 TRACE o.s.security.web.FilterChainProxy - Invoking SecurityContextHolderAwareRequestFilter (11/15)
2026-05-27 11:39:05 TRACE o.s.security.web.FilterChainProxy - Invoking AnonymousAuthenticationFilter (12/15)
2026-05-27 11:39:05 TRACE o.s.security.web.FilterChainProxy - Invoking SessionManagementFilter (13/15)
2026-05-27 11:39:05 TRACE o.s.s.w.c.SupplierDeferredSecurityContext - Created SecurityContextImpl [Null authentication]
2026-05-27 11:39:05 TRACE o.s.s.w.a.AnonymousAuthenticationFilter - Set SecurityContextHolder to AnonymousAuthenticationToken [Principal=anonymousUser, Credentials=[PROTECTED], Authenticated=true, Details=WebAuthenticationDetails [RemoteIpAddress=0:0:0:0:0:0:0:1, SessionId=null], Granted Authorities=[ROLE_ANONYMOUS]]
2026-05-27 11:39:05 TRACE o.s.security.web.FilterChainProxy - Invoking ExceptionTranslationFilter (14/15)
2026-05-27 11:39:05 TRACE o.s.security.web.FilterChainProxy - Invoking AuthorizationFilter (15/15)
2026-05-27 11:39:05 TRACE o.s.s.w.a.i.RequestMatcherDelegatingAuthorizationManager - Authorizing POST /api/v1/auth/tokenWithCookie
2026-05-27 11:39:05 TRACE o.s.s.w.a.i.RequestMatcherDelegatingAuthorizationManager - Checking authorization on POST /api/v1/auth/tokenWithCookie using org.springframework.security.config.annotation.web.configurers.AuthorizeHttpRequestsConfigurer$$Lambda/0x0000026cb9aedba0@6c6bd5ba
2026-05-27 11:39:05 DEBUG o.s.security.web.FilterChainProxy - Secured POST /api/v1/auth/tokenWithCookie
2026-05-27 11:39:05 TRACE o.s.s.authentication.ProviderManager - Authenticating request with DaoAuthenticationProvider (1/1)
2026-05-27 11:39:05 DEBUG o.s.s.a.d.DaoAuthenticationProvider - Authenticated user
2026-05-27 11:39:05 TRACE o.s.s.w.h.writers.HstsHeaderWriter - Not injecting HSTS header since it did not match request to [Is Secure]
2026-05-27 11:39:29 INFO  o.s.o.j.LocalContainerEntityManagerFactoryBean - Closing JPA EntityManagerFactory for persistence unit 'default'
2026-05-27 11:39:29 INFO  com.zaxxer.hikari.HikariDataSource - HikariPool-1 - Shutdown initiated...
2026-05-27 11:39:29 INFO  com.zaxxer.hikari.HikariDataSource - HikariPool-1 - Shutdown completed.
2026-05-27 11:39:36 INFO  c.u.D.DmsAuthServiceApplication - Starting DmsAuthServiceApplication using Java 21.0.6 with PID 13172 (C:\Users\mohammada1\Desktop\Invoice_Project\AuthService\target\classes started by mohammada1 in C:\Users\mohammada1\Desktop\Invoice_Project\AuthService)
2026-05-27 11:39:36 INFO  c.u.D.DmsAuthServiceApplication - The following 1 profile is active: "dev"
2026-05-27 11:39:36 INFO  o.s.b.d.e.DevToolsPropertyDefaultsPostProcessor - Devtools property defaults active! Set 'spring.devtools.add-properties' to 'false' to disable
2026-05-27 11:39:36 INFO  o.s.b.d.e.DevToolsPropertyDefaultsPostProcessor - For additional web related logging consider setting the 'logging.level.web' property to 'DEBUG'
2026-05-27 11:39:38 INFO  o.s.d.r.c.RepositoryConfigurationDelegate - Bootstrapping Spring Data JPA repositories in DEFAULT mode.
2026-05-27 11:39:38 INFO  o.s.d.r.c.RepositoryConfigurationDelegate - Finished Spring Data repository scanning in 117 ms. Found 3 JPA repository interfaces.
2026-05-27 11:39:39 INFO  o.s.b.w.e.tomcat.TomcatWebServer - Tomcat initialized with port 8282 (http)
2026-05-27 11:39:39 INFO  o.a.catalina.core.StandardService - Starting service [Tomcat]
2026-05-27 11:39:39 INFO  o.a.catalina.core.StandardEngine - Starting Servlet engine: [Apache Tomcat/10.1.28]
2026-05-27 11:39:39 INFO  o.a.c.c.C.[.[.[/authService] - Initializing Spring embedded WebApplicationContext
2026-05-27 11:39:39 INFO  o.s.b.w.s.c.ServletWebServerApplicationContext - Root WebApplicationContext: initialization completed in 3005 ms
2026-05-27 11:39:40 INFO  o.h.jpa.internal.util.LogHelper - HHH000204: Processing PersistenceUnitInfo [name: default]
2026-05-27 11:39:40 INFO  org.hibernate.Version - HHH000412: Hibernate ORM core version 6.4.10.Final
2026-05-27 11:39:40 INFO  o.h.c.i.RegionFactoryInitiator - HHH000026: Second-level cache disabled
2026-05-27 11:39:40 INFO  o.s.o.j.p.SpringPersistenceUnitInfo - No LoadTimeWeaver setup: ignoring JPA class transformer
2026-05-27 11:39:40 INFO  com.zaxxer.hikari.HikariDataSource - HikariPool-1 - Starting...
2026-05-27 11:39:41 INFO  com.zaxxer.hikari.pool.HikariPool - HikariPool-1 - Added connection com.mysql.cj.jdbc.ConnectionImpl@3eb1ce44
2026-05-27 11:39:41 INFO  com.zaxxer.hikari.HikariDataSource - HikariPool-1 - Start completed.
2026-05-27 11:39:42 INFO  o.h.e.t.j.p.i.JtaPlatformInitiator - HHH000489: No JTA platform available (set 'hibernate.transaction.jta.platform' to enable JTA platform integration)
2026-05-27 11:39:42 INFO  o.s.o.j.LocalContainerEntityManagerFactoryBean - Initialized JPA EntityManagerFactory for persistence unit 'default'
2026-05-27 11:39:43 INFO  o.s.d.j.r.query.QueryEnhancerFactory - Hibernate is in classpath; If applicable, HQL parser will be used.
2026-05-27 11:39:43 TRACE o.s.s.c.a.a.c.AuthenticationConfiguration$EnableGlobalAuthenticationAutowiredConfigurer - Eagerly initializing {securityConfiguration=com.utiitsl.DMSAuthService.config.auth.SecurityConfiguration$$SpringCGLIB$$0@6bb16b74}
2026-05-27 11:39:43 DEBUG o.s.s.a.p.PrePostAnnotationSecurityMetadataSource - @org.springframework.security.access.prepost.PreAuthorize("hasAuthority(\'admin:update\')") found on specific method: public org.springframework.http.ResponseEntity com.utiitsl.DMSAuthService.controller.dash.DashController.updateUser(com.utiitsl.DMSAuthService.dto.UserDTO,java.lang.Integer)
2026-05-27 11:39:43 DEBUG o.s.s.a.m.DelegatingMethodSecurityMetadataSource - Caching method [CacheKey[com.utiitsl.DMSAuthService.controller.dash.DashController; public org.springframework.http.ResponseEntity com.utiitsl.DMSAuthService.controller.dash.DashController.updateUser(com.utiitsl.DMSAuthService.dto.UserDTO,java.lang.Integer)]] with attributes [[authorize: 'hasAuthority('admin:update')', filter: 'null', filterTarget: 'null']]
2026-05-27 11:39:43 TRACE o.s.s.a.i.a.MethodSecurityInterceptor - Validated configuration attributes
2026-05-27 11:39:43 DEBUG o.s.s.a.p.PrePostAnnotationSecurityMetadataSource - @org.springframework.security.access.prepost.PreAuthorize("hasAuthority(\'admin:delete\')") found on specific method: public org.springframework.http.ResponseEntity com.utiitsl.DMSAuthService.controller.dash.DashController.deleteUserById(java.lang.Integer)
2026-05-27 11:39:43 DEBUG o.s.s.a.m.DelegatingMethodSecurityMetadataSource - Caching method [CacheKey[com.utiitsl.DMSAuthService.controller.dash.DashController; public org.springframework.http.ResponseEntity com.utiitsl.DMSAuthService.controller.dash.DashController.deleteUserById(java.lang.Integer)]] with attributes [[authorize: 'hasAuthority('admin:delete')', filter: 'null', filterTarget: 'null']]
2026-05-27 11:39:43 DEBUG o.s.s.a.p.PrePostAnnotationSecurityMetadataSource - @org.springframework.security.access.prepost.PreAuthorize("hasRole(\'ROLE_APPLICATION_ADMIN\') or hasRole(\'ROLE_ADMIN\')") found on specific method: public org.springframework.http.ResponseEntity com.utiitsl.DMSAuthService.controller.user.UserController.register(com.utiitsl.DMSAuthService.dto.RegisterRequestDTO,java.lang.String,jakarta.servlet.http.HttpServletRequest)
2026-05-27 11:39:43 DEBUG o.s.s.a.m.DelegatingMethodSecurityMetadataSource - Caching method [CacheKey[com.utiitsl.DMSAuthService.controller.user.UserController; public org.springframework.http.ResponseEntity com.utiitsl.DMSAuthService.controller.user.UserController.register(com.utiitsl.DMSAuthService.dto.RegisterRequestDTO,java.lang.String,jakarta.servlet.http.HttpServletRequest)]] with attributes [[authorize: 'hasRole('ROLE_APPLICATION_ADMIN') or hasRole('ROLE_ADMIN')', filter: 'null', filterTarget: 'null']]
2026-05-27 11:39:43 DEBUG o.s.s.a.p.PrePostAnnotationSecurityMetadataSource - @org.springframework.security.access.prepost.PreAuthorize("hasRole(\'ROLE_APPLICATION_ADMIN\') or hasRole(\'ROLE_ADMIN\')") found on specific method: public org.springframework.http.ResponseEntity com.utiitsl.DMSAuthService.controller.user.UserController.getAllUser(int,int,java.lang.String,jakarta.servlet.http.HttpServletRequest)
2026-05-27 11:39:43 DEBUG o.s.s.a.m.DelegatingMethodSecurityMetadataSource - Caching method [CacheKey[com.utiitsl.DMSAuthService.controller.user.UserController; public org.springframework.http.ResponseEntity com.utiitsl.DMSAuthService.controller.user.UserController.getAllUser(int,int,java.lang.String,jakarta.servlet.http.HttpServletRequest)]] with attributes [[authorize: 'hasRole('ROLE_APPLICATION_ADMIN') or hasRole('ROLE_ADMIN')', filter: 'null', filterTarget: 'null']]
2026-05-27 11:39:43 DEBUG o.s.s.a.p.PrePostAnnotationSecurityMetadataSource - @org.springframework.security.access.prepost.PreAuthorize("hasRole(\'ROLE_APPLICATION_ADMIN\') or hasRole(\'ROLE_ADMIN\')") found on specific method: public org.springframework.http.ResponseEntity com.utiitsl.DMSAuthService.controller.user.UserController.activateDeactivateUser(java.lang.String,boolean)
2026-05-27 11:39:43 DEBUG o.s.s.a.m.DelegatingMethodSecurityMetadataSource - Caching method [CacheKey[com.utiitsl.DMSAuthService.controller.user.UserController; public org.springframework.http.ResponseEntity com.utiitsl.DMSAuthService.controller.user.UserController.activateDeactivateUser(java.lang.String,boolean)]] with attributes [[authorize: 'hasRole('ROLE_APPLICATION_ADMIN') or hasRole('ROLE_ADMIN')', filter: 'null', filterTarget: 'null']]
2026-05-27 11:39:44 WARN  o.s.b.a.o.j.JpaBaseConfiguration$JpaWebConfiguration - spring.jpa.open-in-view is enabled by default. Therefore, database queries may be performed during view rendering. Explicitly configure spring.jpa.open-in-view to disable this warning
2026-05-27 11:39:45 INFO  o.s.s.web.DefaultSecurityFilterChain - Will secure any request with [org.springframework.security.web.session.DisableEncodeUrlFilter@4abb348a, org.springframework.security.web.context.request.async.WebAsyncManagerIntegrationFilter@253c1080, org.springframework.security.web.context.SecurityContextHolderFilter@2687566a, org.springframework.security.web.header.HeaderWriterFilter@3b59b07a, org.springframework.web.filter.CorsFilter@72605a15, org.springframework.security.web.authentication.logout.LogoutFilter@18647517, org.springframework.security.oauth2.client.web.OAuth2AuthorizationRequestRedirectFilter@5f0c82fd, org.springframework.security.oauth2.client.web.OAuth2LoginAuthenticationFilter@4fc40598, com.utiitsl.DMSAuthService.config.auth.JwtAuthFilter@1ffdf644, org.springframework.security.web.savedrequest.RequestCacheAwareFilter@e68be3d, org.springframework.security.web.servletapi.SecurityContextHolderAwareRequestFilter@11db5359, org.springframework.security.web.authentication.AnonymousAuthenticationFilter@68361e5e, org.springframework.security.web.session.SessionManagementFilter@70c91650, org.springframework.security.web.access.ExceptionTranslationFilter@3b44591e, org.springframework.security.web.access.intercept.AuthorizationFilter@51c0e2d9]
2026-05-27 11:39:46 INFO  o.s.b.d.a.OptionalLiveReloadServer - LiveReload server is running on port 35729
2026-05-27 11:39:46 INFO  o.s.b.w.e.tomcat.TomcatWebServer - Tomcat started on port 8282 (http) with context path '/authService'
2026-05-27 11:39:46 INFO  c.u.D.DmsAuthServiceApplication - Started DmsAuthServiceApplication in 10.528 seconds (process running for 11.504)
2026-05-27 11:41:01 INFO  o.s.o.j.LocalContainerEntityManagerFactoryBean - Closing JPA EntityManagerFactory for persistence unit 'default'
2026-05-27 11:41:01 INFO  com.zaxxer.hikari.HikariDataSource - HikariPool-1 - Shutdown initiated...
2026-05-27 11:41:01 INFO  com.zaxxer.hikari.HikariDataSource - HikariPool-1 - Shutdown completed.
2026-05-27 11:41:07 INFO  c.u.D.DmsAuthServiceApplication - Starting DmsAuthServiceApplication using Java 21.0.6 with PID 33220 (C:\Users\mohammada1\Desktop\Invoice_Project\AuthService\target\classes started by mohammada1 in C:\Users\mohammada1\Desktop\Invoice_Project\AuthService)
2026-05-27 11:41:07 INFO  c.u.D.DmsAuthServiceApplication - The following 1 profile is active: "dev"
2026-05-27 11:41:07 INFO  o.s.b.d.e.DevToolsPropertyDefaultsPostProcessor - Devtools property defaults active! Set 'spring.devtools.add-properties' to 'false' to disable
2026-05-27 11:41:07 INFO  o.s.b.d.e.DevToolsPropertyDefaultsPostProcessor - For additional web related logging consider setting the 'logging.level.web' property to 'DEBUG'
2026-05-27 11:41:09 INFO  o.s.d.r.c.RepositoryConfigurationDelegate - Bootstrapping Spring Data JPA repositories in DEFAULT mode.
2026-05-27 11:41:09 INFO  o.s.d.r.c.RepositoryConfigurationDelegate - Finished Spring Data repository scanning in 102 ms. Found 3 JPA repository interfaces.
2026-05-27 11:41:10 INFO  o.s.b.w.e.tomcat.TomcatWebServer - Tomcat initialized with port 8282 (http)
2026-05-27 11:41:10 INFO  o.a.catalina.core.StandardService - Starting service [Tomcat]
2026-05-27 11:41:10 INFO  o.a.catalina.core.StandardEngine - Starting Servlet engine: [Apache Tomcat/10.1.28]
2026-05-27 11:41:11 INFO  o.a.c.c.C.[.[.[/authService] - Initializing Spring embedded WebApplicationContext
2026-05-27 11:41:11 INFO  o.s.b.w.s.c.ServletWebServerApplicationContext - Root WebApplicationContext: initialization completed in 3577 ms
2026-05-27 11:41:11 INFO  o.h.jpa.internal.util.LogHelper - HHH000204: Processing PersistenceUnitInfo [name: default]
2026-05-27 11:41:11 INFO  org.hibernate.Version - HHH000412: Hibernate ORM core version 6.4.10.Final
2026-05-27 11:41:11 INFO  o.h.c.i.RegionFactoryInitiator - HHH000026: Second-level cache disabled
2026-05-27 11:41:11 INFO  o.s.o.j.p.SpringPersistenceUnitInfo - No LoadTimeWeaver setup: ignoring JPA class transformer
2026-05-27 11:41:11 INFO  com.zaxxer.hikari.HikariDataSource - HikariPool-1 - Starting...
2026-05-27 11:41:12 INFO  com.zaxxer.hikari.pool.HikariPool - HikariPool-1 - Added connection com.mysql.cj.jdbc.ConnectionImpl@20c3ea4a
2026-05-27 11:41:12 INFO  com.zaxxer.hikari.HikariDataSource - HikariPool-1 - Start completed.
2026-05-27 11:41:13 INFO  o.h.e.t.j.p.i.JtaPlatformInitiator - HHH000489: No JTA platform available (set 'hibernate.transaction.jta.platform' to enable JTA platform integration)
2026-05-27 11:41:13 INFO  o.s.o.j.LocalContainerEntityManagerFactoryBean - Initialized JPA EntityManagerFactory for persistence unit 'default'
2026-05-27 11:41:14 INFO  o.s.d.j.r.query.QueryEnhancerFactory - Hibernate is in classpath; If applicable, HQL parser will be used.
2026-05-27 11:41:14 TRACE o.s.s.c.a.a.c.AuthenticationConfiguration$EnableGlobalAuthenticationAutowiredConfigurer - Eagerly initializing {securityConfiguration=com.utiitsl.DMSAuthService.config.auth.SecurityConfiguration$$SpringCGLIB$$0@6a11b91f}
2026-05-27 11:41:15 DEBUG o.s.s.a.p.PrePostAnnotationSecurityMetadataSource - @org.springframework.security.access.prepost.PreAuthorize("hasAuthority(\'admin:delete\')") found on specific method: public org.springframework.http.ResponseEntity com.utiitsl.DMSAuthService.controller.dash.DashController.deleteUserById(java.lang.Integer)
2026-05-27 11:41:15 DEBUG o.s.s.a.m.DelegatingMethodSecurityMetadataSource - Caching method [CacheKey[com.utiitsl.DMSAuthService.controller.dash.DashController; public org.springframework.http.ResponseEntity com.utiitsl.DMSAuthService.controller.dash.DashController.deleteUserById(java.lang.Integer)]] with attributes [[authorize: 'hasAuthority('admin:delete')', filter: 'null', filterTarget: 'null']]
2026-05-27 11:41:15 TRACE o.s.s.a.i.a.MethodSecurityInterceptor - Validated configuration attributes
2026-05-27 11:41:15 DEBUG o.s.s.a.p.PrePostAnnotationSecurityMetadataSource - @org.springframework.security.access.prepost.PreAuthorize("hasAuthority(\'admin:update\')") found on specific method: public org.springframework.http.ResponseEntity com.utiitsl.DMSAuthService.controller.dash.DashController.updateUser(com.utiitsl.DMSAuthService.dto.UserDTO,java.lang.Integer)
2026-05-27 11:41:15 DEBUG o.s.s.a.m.DelegatingMethodSecurityMetadataSource - Caching method [CacheKey[com.utiitsl.DMSAuthService.controller.dash.DashController; public org.springframework.http.ResponseEntity com.utiitsl.DMSAuthService.controller.dash.DashController.updateUser(com.utiitsl.DMSAuthService.dto.UserDTO,java.lang.Integer)]] with attributes [[authorize: 'hasAuthority('admin:update')', filter: 'null', filterTarget: 'null']]
2026-05-27 11:41:15 DEBUG o.s.s.a.p.PrePostAnnotationSecurityMetadataSource - @org.springframework.security.access.prepost.PreAuthorize("hasRole(\'ROLE_APPLICATION_ADMIN\') or hasRole(\'ROLE_ADMIN\')") found on specific method: public org.springframework.http.ResponseEntity com.utiitsl.DMSAuthService.controller.user.UserController.register(com.utiitsl.DMSAuthService.dto.RegisterRequestDTO,java.lang.String,jakarta.servlet.http.HttpServletRequest)
2026-05-27 11:41:15 DEBUG o.s.s.a.m.DelegatingMethodSecurityMetadataSource - Caching method [CacheKey[com.utiitsl.DMSAuthService.controller.user.UserController; public org.springframework.http.ResponseEntity com.utiitsl.DMSAuthService.controller.user.UserController.register(com.utiitsl.DMSAuthService.dto.RegisterRequestDTO,java.lang.String,jakarta.servlet.http.HttpServletRequest)]] with attributes [[authorize: 'hasRole('ROLE_APPLICATION_ADMIN') or hasRole('ROLE_ADMIN')', filter: 'null', filterTarget: 'null']]
2026-05-27 11:41:15 DEBUG o.s.s.a.p.PrePostAnnotationSecurityMetadataSource - @org.springframework.security.access.prepost.PreAuthorize("hasRole(\'ROLE_APPLICATION_ADMIN\') or hasRole(\'ROLE_ADMIN\')") found on specific method: public org.springframework.http.ResponseEntity com.utiitsl.DMSAuthService.controller.user.UserController.activateDeactivateUser(java.lang.String,boolean)
2026-05-27 11:41:15 DEBUG o.s.s.a.m.DelegatingMethodSecurityMetadataSource - Caching method [CacheKey[com.utiitsl.DMSAuthService.controller.user.UserController; public org.springframework.http.ResponseEntity com.utiitsl.DMSAuthService.controller.user.UserController.activateDeactivateUser(java.lang.String,boolean)]] with attributes [[authorize: 'hasRole('ROLE_APPLICATION_ADMIN') or hasRole('ROLE_ADMIN')', filter: 'null', filterTarget: 'null']]
2026-05-27 11:41:15 DEBUG o.s.s.a.p.PrePostAnnotationSecurityMetadataSource - @org.springframework.security.access.prepost.PreAuthorize("hasRole(\'ROLE_APPLICATION_ADMIN\') or hasRole(\'ROLE_ADMIN\')") found on specific method: public org.springframework.http.ResponseEntity com.utiitsl.DMSAuthService.controller.user.UserController.getAllUser(int,int,java.lang.String,jakarta.servlet.http.HttpServletRequest)
2026-05-27 11:41:15 DEBUG o.s.s.a.m.DelegatingMethodSecurityMetadataSource - Caching method [CacheKey[com.utiitsl.DMSAuthService.controller.user.UserController; public org.springframework.http.ResponseEntity com.utiitsl.DMSAuthService.controller.user.UserController.getAllUser(int,int,java.lang.String,jakarta.servlet.http.HttpServletRequest)]] with attributes [[authorize: 'hasRole('ROLE_APPLICATION_ADMIN') or hasRole('ROLE_ADMIN')', filter: 'null', filterTarget: 'null']]
2026-05-27 11:41:15 WARN  o.s.b.a.o.j.JpaBaseConfiguration$JpaWebConfiguration - spring.jpa.open-in-view is enabled by default. Therefore, database queries may be performed during view rendering. Explicitly configure spring.jpa.open-in-view to disable this warning
2026-05-27 11:41:17 INFO  o.s.s.web.DefaultSecurityFilterChain - Will secure any request with [org.springframework.security.web.session.DisableEncodeUrlFilter@2e25a7ac, org.springframework.security.web.context.request.async.WebAsyncManagerIntegrationFilter@2687566a, org.springframework.security.web.context.SecurityContextHolderFilter@733ec124, org.springframework.security.web.header.HeaderWriterFilter@26762c56, org.springframework.web.filter.CorsFilter@1e44af7c, org.springframework.security.web.authentication.logout.LogoutFilter@1c30747d, org.springframework.security.oauth2.client.web.OAuth2AuthorizationRequestRedirectFilter@3b44591e, org.springframework.security.oauth2.client.web.OAuth2LoginAuthenticationFilter@69dc3edc, com.utiitsl.DMSAuthService.config.auth.JwtAuthFilter@3e6b1b67, org.springframework.security.web.savedrequest.RequestCacheAwareFilter@5185e841, org.springframework.security.web.servletapi.SecurityContextHolderAwareRequestFilter@23f5b361, org.springframework.security.web.authentication.AnonymousAuthenticationFilter@e68be3d, org.springframework.security.web.session.SessionManagementFilter@6c864599, org.springframework.security.web.access.ExceptionTranslationFilter@2ec2b431, org.springframework.security.web.access.intercept.AuthorizationFilter@161bbb54]
2026-05-27 11:41:17 INFO  o.s.b.d.a.OptionalLiveReloadServer - LiveReload server is running on port 35729
2026-05-27 11:41:17 INFO  o.s.b.w.e.tomcat.TomcatWebServer - Tomcat started on port 8282 (http) with context path '/authService'
2026-05-27 11:41:17 INFO  c.u.D.DmsAuthServiceApplication - Started DmsAuthServiceApplication in 11.196 seconds (process running for 12.186)
2026-05-27 11:41:37 INFO  o.a.c.c.C.[.[.[/authService] - Initializing Spring DispatcherServlet 'dispatcherServlet'
2026-05-27 11:41:37 INFO  o.s.web.servlet.DispatcherServlet - Initializing Servlet 'dispatcherServlet'
2026-05-27 11:41:37 INFO  o.s.web.servlet.DispatcherServlet - Completed initialization in 1 ms
2026-05-27 11:41:37 TRACE o.s.security.web.FilterChainProxy - Trying to match request against DefaultSecurityFilterChain [RequestMatcher=any request, Filters=[org.springframework.security.web.session.DisableEncodeUrlFilter@2e25a7ac, org.springframework.security.web.context.request.async.WebAsyncManagerIntegrationFilter@2687566a, org.springframework.security.web.context.SecurityContextHolderFilter@733ec124, org.springframework.security.web.header.HeaderWriterFilter@26762c56, org.springframework.web.filter.CorsFilter@1e44af7c, org.springframework.security.web.authentication.logout.LogoutFilter@1c30747d, org.springframework.security.oauth2.client.web.OAuth2AuthorizationRequestRedirectFilter@3b44591e, org.springframework.security.oauth2.client.web.OAuth2LoginAuthenticationFilter@69dc3edc, com.utiitsl.DMSAuthService.config.auth.JwtAuthFilter@3e6b1b67, org.springframework.security.web.savedrequest.RequestCacheAwareFilter@5185e841, org.springframework.security.web.servletapi.SecurityContextHolderAwareRequestFilter@23f5b361, org.springframework.security.web.authentication.AnonymousAuthenticationFilter@e68be3d, org.springframework.security.web.session.SessionManagementFilter@6c864599, org.springframework.security.web.access.ExceptionTranslationFilter@2ec2b431, org.springframework.security.web.access.intercept.AuthorizationFilter@161bbb54]] (1/1)
2026-05-27 11:41:37 DEBUG o.s.security.web.FilterChainProxy - Securing OPTIONS /api/v1/auth/tokenWithCookie
2026-05-27 11:41:37 TRACE o.s.security.web.FilterChainProxy - Invoking DisableEncodeUrlFilter (1/15)
2026-05-27 11:41:37 TRACE o.s.security.web.FilterChainProxy - Invoking WebAsyncManagerIntegrationFilter (2/15)
2026-05-27 11:41:37 TRACE o.s.security.web.FilterChainProxy - Invoking SecurityContextHolderFilter (3/15)
2026-05-27 11:41:37 TRACE o.s.security.web.FilterChainProxy - Invoking HeaderWriterFilter (4/15)
2026-05-27 11:41:37 TRACE o.s.security.web.FilterChainProxy - Invoking CorsFilter (5/15)
2026-05-27 11:41:37 TRACE o.s.s.w.h.writers.HstsHeaderWriter - Not injecting HSTS header since it did not match request to [Is Secure]
2026-05-27 11:41:37 TRACE o.s.security.web.FilterChainProxy - Trying to match request against DefaultSecurityFilterChain [RequestMatcher=any request, Filters=[org.springframework.security.web.session.DisableEncodeUrlFilter@2e25a7ac, org.springframework.security.web.context.request.async.WebAsyncManagerIntegrationFilter@2687566a, org.springframework.security.web.context.SecurityContextHolderFilter@733ec124, org.springframework.security.web.header.HeaderWriterFilter@26762c56, org.springframework.web.filter.CorsFilter@1e44af7c, org.springframework.security.web.authentication.logout.LogoutFilter@1c30747d, org.springframework.security.oauth2.client.web.OAuth2AuthorizationRequestRedirectFilter@3b44591e, org.springframework.security.oauth2.client.web.OAuth2LoginAuthenticationFilter@69dc3edc, com.utiitsl.DMSAuthService.config.auth.JwtAuthFilter@3e6b1b67, org.springframework.security.web.savedrequest.RequestCacheAwareFilter@5185e841, org.springframework.security.web.servletapi.SecurityContextHolderAwareRequestFilter@23f5b361, org.springframework.security.web.authentication.AnonymousAuthenticationFilter@e68be3d, org.springframework.security.web.session.SessionManagementFilter@6c864599, org.springframework.security.web.access.ExceptionTranslationFilter@2ec2b431, org.springframework.security.web.access.intercept.AuthorizationFilter@161bbb54]] (1/1)
2026-05-27 11:41:37 DEBUG o.s.security.web.FilterChainProxy - Securing POST /api/v1/auth/tokenWithCookie
2026-05-27 11:41:37 TRACE o.s.security.web.FilterChainProxy - Invoking DisableEncodeUrlFilter (1/15)
2026-05-27 11:41:37 TRACE o.s.security.web.FilterChainProxy - Invoking WebAsyncManagerIntegrationFilter (2/15)
2026-05-27 11:41:37 TRACE o.s.security.web.FilterChainProxy - Invoking SecurityContextHolderFilter (3/15)
2026-05-27 11:41:37 TRACE o.s.security.web.FilterChainProxy - Invoking HeaderWriterFilter (4/15)
2026-05-27 11:41:37 TRACE o.s.security.web.FilterChainProxy - Invoking CorsFilter (5/15)
2026-05-27 11:41:37 TRACE o.s.security.web.FilterChainProxy - Invoking LogoutFilter (6/15)
2026-05-27 11:41:37 TRACE o.s.s.w.a.logout.LogoutFilter - Did not match request to Or [Ant [pattern='/logout', GET], Ant [pattern='/logout', POST], Ant [pattern='/logout', PUT], Ant [pattern='/logout', DELETE]]
2026-05-27 11:41:37 TRACE o.s.security.web.FilterChainProxy - Invoking OAuth2AuthorizationRequestRedirectFilter (7/15)
2026-05-27 11:41:37 TRACE o.s.security.web.FilterChainProxy - Invoking OAuth2LoginAuthenticationFilter (8/15)
2026-05-27 11:41:37 TRACE o.s.s.o.c.w.OAuth2LoginAuthenticationFilter - Did not match request to Ant [pattern='/login/oauth2/code/*']
2026-05-27 11:41:37 TRACE o.s.security.web.FilterChainProxy - Invoking JwtAuthFilter (9/15)
2026-05-27 11:41:37 TRACE o.s.security.web.FilterChainProxy - Invoking RequestCacheAwareFilter (10/15)
2026-05-27 11:41:37 TRACE o.s.security.web.FilterChainProxy - Invoking SecurityContextHolderAwareRequestFilter (11/15)
2026-05-27 11:41:37 TRACE o.s.security.web.FilterChainProxy - Invoking AnonymousAuthenticationFilter (12/15)
2026-05-27 11:41:37 TRACE o.s.security.web.FilterChainProxy - Invoking SessionManagementFilter (13/15)
2026-05-27 11:41:37 TRACE o.s.s.w.c.SupplierDeferredSecurityContext - Created SecurityContextImpl [Null authentication]
2026-05-27 11:41:37 TRACE o.s.s.w.a.AnonymousAuthenticationFilter - Set SecurityContextHolder to AnonymousAuthenticationToken [Principal=anonymousUser, Credentials=[PROTECTED], Authenticated=true, Details=WebAuthenticationDetails [RemoteIpAddress=0:0:0:0:0:0:0:1, SessionId=null], Granted Authorities=[ROLE_ANONYMOUS]]
2026-05-27 11:41:37 TRACE o.s.security.web.FilterChainProxy - Invoking ExceptionTranslationFilter (14/15)
2026-05-27 11:41:37 TRACE o.s.security.web.FilterChainProxy - Invoking AuthorizationFilter (15/15)
2026-05-27 11:41:37 TRACE o.s.s.w.a.i.RequestMatcherDelegatingAuthorizationManager - Authorizing POST /api/v1/auth/tokenWithCookie
2026-05-27 11:41:37 TRACE o.s.s.w.a.i.RequestMatcherDelegatingAuthorizationManager - Checking authorization on POST /api/v1/auth/tokenWithCookie using org.springframework.security.config.annotation.web.configurers.AuthorizeHttpRequestsConfigurer$$Lambda/0x000002b65da49308@53be8466
2026-05-27 11:41:37 DEBUG o.s.security.web.FilterChainProxy - Secured POST /api/v1/auth/tokenWithCookie
2026-05-27 11:41:38 TRACE o.s.s.authentication.ProviderManager - Authenticating request with DaoAuthenticationProvider (1/1)
2026-05-27 11:41:38 DEBUG o.s.s.a.d.DaoAuthenticationProvider - Authenticated user
2026-05-27 11:41:38 TRACE o.s.s.w.h.writers.HstsHeaderWriter - Not injecting HSTS header since it did not match request to [Is Secure]
2026-05-27 11:41:38 TRACE o.s.security.web.FilterChainProxy - Trying to match request against DefaultSecurityFilterChain [RequestMatcher=any request, Filters=[org.springframework.security.web.session.DisableEncodeUrlFilter@2e25a7ac, org.springframework.security.web.context.request.async.WebAsyncManagerIntegrationFilter@2687566a, org.springframework.security.web.context.SecurityContextHolderFilter@733ec124, org.springframework.security.web.header.HeaderWriterFilter@26762c56, org.springframework.web.filter.CorsFilter@1e44af7c, org.springframework.security.web.authentication.logout.LogoutFilter@1c30747d, org.springframework.security.oauth2.client.web.OAuth2AuthorizationRequestRedirectFilter@3b44591e, org.springframework.security.oauth2.client.web.OAuth2LoginAuthenticationFilter@69dc3edc, com.utiitsl.DMSAuthService.config.auth.JwtAuthFilter@3e6b1b67, org.springframework.security.web.savedrequest.RequestCacheAwareFilter@5185e841, org.springframework.security.web.servletapi.SecurityContextHolderAwareRequestFilter@23f5b361, org.springframework.security.web.authentication.AnonymousAuthenticationFilter@e68be3d, org.springframework.security.web.session.SessionManagementFilter@6c864599, org.springframework.security.web.access.ExceptionTranslationFilter@2ec2b431, org.springframework.security.web.access.intercept.AuthorizationFilter@161bbb54]] (1/1)
2026-05-27 11:41:38 DEBUG o.s.security.web.FilterChainProxy - Securing GET /api/v1/auth/me
2026-05-27 11:41:38 TRACE o.s.security.web.FilterChainProxy - Invoking DisableEncodeUrlFilter (1/15)
2026-05-27 11:41:38 TRACE o.s.security.web.FilterChainProxy - Invoking WebAsyncManagerIntegrationFilter (2/15)
2026-05-27 11:41:38 TRACE o.s.security.web.FilterChainProxy - Invoking SecurityContextHolderFilter (3/15)
2026-05-27 11:41:38 TRACE o.s.security.web.FilterChainProxy - Invoking HeaderWriterFilter (4/15)
2026-05-27 11:41:38 TRACE o.s.security.web.FilterChainProxy - Invoking CorsFilter (5/15)
2026-05-27 11:41:38 TRACE o.s.security.web.FilterChainProxy - Invoking LogoutFilter (6/15)
2026-05-27 11:41:38 TRACE o.s.s.w.a.logout.LogoutFilter - Did not match request to Or [Ant [pattern='/logout', GET], Ant [pattern='/logout', POST], Ant [pattern='/logout', PUT], Ant [pattern='/logout', DELETE]]
2026-05-27 11:41:38 TRACE o.s.security.web.FilterChainProxy - Invoking OAuth2AuthorizationRequestRedirectFilter (7/15)
2026-05-27 11:41:38 TRACE o.s.security.web.FilterChainProxy - Invoking OAuth2LoginAuthenticationFilter (8/15)
2026-05-27 11:41:38 TRACE o.s.s.o.c.w.OAuth2LoginAuthenticationFilter - Did not match request to Ant [pattern='/login/oauth2/code/*']
2026-05-27 11:41:38 TRACE o.s.security.web.FilterChainProxy - Invoking JwtAuthFilter (9/15)
2026-05-27 11:41:38 TRACE o.s.security.web.FilterChainProxy - Invoking RequestCacheAwareFilter (10/15)
2026-05-27 11:41:38 TRACE o.s.security.web.FilterChainProxy - Invoking SecurityContextHolderAwareRequestFilter (11/15)
2026-05-27 11:41:38 TRACE o.s.security.web.FilterChainProxy - Invoking AnonymousAuthenticationFilter (12/15)
2026-05-27 11:41:38 TRACE o.s.security.web.FilterChainProxy - Invoking SessionManagementFilter (13/15)
2026-05-27 11:41:38 TRACE o.s.s.w.c.SupplierDeferredSecurityContext - Created SecurityContextImpl [Null authentication]
2026-05-27 11:41:38 TRACE o.s.s.w.a.AnonymousAuthenticationFilter - Set SecurityContextHolder to AnonymousAuthenticationToken [Principal=anonymousUser, Credentials=[PROTECTED], Authenticated=true, Details=WebAuthenticationDetails [RemoteIpAddress=0:0:0:0:0:0:0:1, SessionId=null], Granted Authorities=[ROLE_ANONYMOUS]]
2026-05-27 11:41:38 TRACE o.s.security.web.FilterChainProxy - Invoking ExceptionTranslationFilter (14/15)
2026-05-27 11:41:38 TRACE o.s.security.web.FilterChainProxy - Invoking AuthorizationFilter (15/15)
2026-05-27 11:41:38 TRACE o.s.s.w.a.i.RequestMatcherDelegatingAuthorizationManager - Authorizing GET /api/v1/auth/me
2026-05-27 11:41:38 TRACE o.s.s.w.a.i.RequestMatcherDelegatingAuthorizationManager - Checking authorization on GET /api/v1/auth/me using org.springframework.security.config.annotation.web.configurers.AuthorizeHttpRequestsConfigurer$$Lambda/0x000002b65da49308@53be8466
2026-05-27 11:41:38 DEBUG o.s.security.web.FilterChainProxy - Secured GET /api/v1/auth/me
2026-05-27 11:41:38 TRACE o.s.s.w.h.writers.HstsHeaderWriter - Not injecting HSTS header since it did not match request to [Is Secure]
2026-05-27 11:41:38 WARN  o.s.w.s.m.m.a.ExceptionHandlerExceptionResolver - Resolved [org.springframework.web.servlet.resource.NoResourceFoundException: No static resource api/v1/auth/me.]
2026-05-27 11:42:16 INFO  o.s.o.j.LocalContainerEntityManagerFactoryBean - Closing JPA EntityManagerFactory for persistence unit 'default'
2026-05-27 11:42:16 INFO  com.zaxxer.hikari.HikariDataSource - HikariPool-1 - Shutdown initiated...
2026-05-27 11:42:16 INFO  com.zaxxer.hikari.HikariDataSource - HikariPool-1 - Shutdown completed.
2026-05-27 11:42:21 INFO  c.u.D.DmsAuthServiceApplication - Starting DmsAuthServiceApplication using Java 21.0.6 with PID 25860 (C:\Users\mohammada1\Desktop\Invoice_Project\AuthService\target\classes started by mohammada1 in C:\Users\mohammada1\Desktop\Invoice_Project\AuthService)
2026-05-27 11:42:21 INFO  c.u.D.DmsAuthServiceApplication - The following 1 profile is active: "dev"
2026-05-27 11:42:21 INFO  o.s.b.d.e.DevToolsPropertyDefaultsPostProcessor - Devtools property defaults active! Set 'spring.devtools.add-properties' to 'false' to disable
2026-05-27 11:42:21 INFO  o.s.b.d.e.DevToolsPropertyDefaultsPostProcessor - For additional web related logging consider setting the 'logging.level.web' property to 'DEBUG'
2026-05-27 11:42:22 INFO  o.s.d.r.c.RepositoryConfigurationDelegate - Bootstrapping Spring Data JPA repositories in DEFAULT mode.
2026-05-27 11:42:22 INFO  o.s.d.r.c.RepositoryConfigurationDelegate - Finished Spring Data repository scanning in 101 ms. Found 3 JPA repository interfaces.
2026-05-27 11:42:23 INFO  o.s.b.w.e.tomcat.TomcatWebServer - Tomcat initialized with port 8282 (http)
2026-05-27 11:42:23 INFO  o.a.catalina.core.StandardService - Starting service [Tomcat]
2026-05-27 11:42:23 INFO  o.a.catalina.core.StandardEngine - Starting Servlet engine: [Apache Tomcat/10.1.28]
2026-05-27 11:42:23 INFO  o.a.c.c.C.[.[.[/authService] - Initializing Spring embedded WebApplicationContext
2026-05-27 11:42:23 INFO  o.s.b.w.s.c.ServletWebServerApplicationContext - Root WebApplicationContext: initialization completed in 2413 ms
2026-05-27 11:42:23 INFO  o.h.jpa.internal.util.LogHelper - HHH000204: Processing PersistenceUnitInfo [name: default]
2026-05-27 11:42:23 INFO  org.hibernate.Version - HHH000412: Hibernate ORM core version 6.4.10.Final
2026-05-27 11:42:23 INFO  o.h.c.i.RegionFactoryInitiator - HHH000026: Second-level cache disabled
2026-05-27 11:42:24 INFO  o.s.o.j.p.SpringPersistenceUnitInfo - No LoadTimeWeaver setup: ignoring JPA class transformer
2026-05-27 11:42:24 INFO  com.zaxxer.hikari.HikariDataSource - HikariPool-1 - Starting...
2026-05-27 11:42:24 INFO  com.zaxxer.hikari.pool.HikariPool - HikariPool-1 - Added connection com.mysql.cj.jdbc.ConnectionImpl@548455ce
2026-05-27 11:42:24 INFO  com.zaxxer.hikari.HikariDataSource - HikariPool-1 - Start completed.
2026-05-27 11:42:25 INFO  o.h.e.t.j.p.i.JtaPlatformInitiator - HHH000489: No JTA platform available (set 'hibernate.transaction.jta.platform' to enable JTA platform integration)
2026-05-27 11:42:25 INFO  o.s.o.j.LocalContainerEntityManagerFactoryBean - Initialized JPA EntityManagerFactory for persistence unit 'default'
2026-05-27 11:42:26 INFO  o.s.d.j.r.query.QueryEnhancerFactory - Hibernate is in classpath; If applicable, HQL parser will be used.
2026-05-27 11:42:26 TRACE o.s.s.c.a.a.c.AuthenticationConfiguration$EnableGlobalAuthenticationAutowiredConfigurer - Eagerly initializing {securityConfiguration=com.utiitsl.DMSAuthService.config.auth.SecurityConfiguration$$SpringCGLIB$$0@11ccec0e}
2026-05-27 11:42:26 DEBUG o.s.s.a.p.PrePostAnnotationSecurityMetadataSource - @org.springframework.security.access.prepost.PreAuthorize("hasAuthority(\'admin:update\')") found on specific method: public org.springframework.http.ResponseEntity com.utiitsl.DMSAuthService.controller.dash.DashController.updateUser(com.utiitsl.DMSAuthService.dto.UserDTO,java.lang.Integer)
2026-05-27 11:42:26 DEBUG o.s.s.a.m.DelegatingMethodSecurityMetadataSource - Caching method [CacheKey[com.utiitsl.DMSAuthService.controller.dash.DashController; public org.springframework.http.ResponseEntity com.utiitsl.DMSAuthService.controller.dash.DashController.updateUser(com.utiitsl.DMSAuthService.dto.UserDTO,java.lang.Integer)]] with attributes [[authorize: 'hasAuthority('admin:update')', filter: 'null', filterTarget: 'null']]
2026-05-27 11:42:26 TRACE o.s.s.a.i.a.MethodSecurityInterceptor - Validated configuration attributes
2026-05-27 11:42:26 DEBUG o.s.s.a.p.PrePostAnnotationSecurityMetadataSource - @org.springframework.security.access.prepost.PreAuthorize("hasAuthority(\'admin:delete\')") found on specific method: public org.springframework.http.ResponseEntity com.utiitsl.DMSAuthService.controller.dash.DashController.deleteUserById(java.lang.Integer)
2026-05-27 11:42:26 DEBUG o.s.s.a.m.DelegatingMethodSecurityMetadataSource - Caching method [CacheKey[com.utiitsl.DMSAuthService.controller.dash.DashController; public org.springframework.http.ResponseEntity com.utiitsl.DMSAuthService.controller.dash.DashController.deleteUserById(java.lang.Integer)]] with attributes [[authorize: 'hasAuthority('admin:delete')', filter: 'null', filterTarget: 'null']]
2026-05-27 11:42:26 DEBUG o.s.s.a.p.PrePostAnnotationSecurityMetadataSource - @org.springframework.security.access.prepost.PreAuthorize("hasRole(\'ROLE_APPLICATION_ADMIN\') or hasRole(\'ROLE_ADMIN\')") found on specific method: public org.springframework.http.ResponseEntity com.utiitsl.DMSAuthService.controller.user.UserController.register(com.utiitsl.DMSAuthService.dto.RegisterRequestDTO,java.lang.String,jakarta.servlet.http.HttpServletRequest)
2026-05-27 11:42:26 DEBUG o.s.s.a.m.DelegatingMethodSecurityMetadataSource - Caching method [CacheKey[com.utiitsl.DMSAuthService.controller.user.UserController; public org.springframework.http.ResponseEntity com.utiitsl.DMSAuthService.controller.user.UserController.register(com.utiitsl.DMSAuthService.dto.RegisterRequestDTO,java.lang.String,jakarta.servlet.http.HttpServletRequest)]] with attributes [[authorize: 'hasRole('ROLE_APPLICATION_ADMIN') or hasRole('ROLE_ADMIN')', filter: 'null', filterTarget: 'null']]
2026-05-27 11:42:26 DEBUG o.s.s.a.p.PrePostAnnotationSecurityMetadataSource - @org.springframework.security.access.prepost.PreAuthorize("hasRole(\'ROLE_APPLICATION_ADMIN\') or hasRole(\'ROLE_ADMIN\')") found on specific method: public org.springframework.http.ResponseEntity com.utiitsl.DMSAuthService.controller.user.UserController.getAllUser(int,int,java.lang.String,jakarta.servlet.http.HttpServletRequest)
2026-05-27 11:42:26 DEBUG o.s.s.a.m.DelegatingMethodSecurityMetadataSource - Caching method [CacheKey[com.utiitsl.DMSAuthService.controller.user.UserController; public org.springframework.http.ResponseEntity com.utiitsl.DMSAuthService.controller.user.UserController.getAllUser(int,int,java.lang.String,jakarta.servlet.http.HttpServletRequest)]] with attributes [[authorize: 'hasRole('ROLE_APPLICATION_ADMIN') or hasRole('ROLE_ADMIN')', filter: 'null', filterTarget: 'null']]
2026-05-27 11:42:26 DEBUG o.s.s.a.p.PrePostAnnotationSecurityMetadataSource - @org.springframework.security.access.prepost.PreAuthorize("hasRole(\'ROLE_APPLICATION_ADMIN\') or hasRole(\'ROLE_ADMIN\')") found on specific method: public org.springframework.http.ResponseEntity com.utiitsl.DMSAuthService.controller.user.UserController.activateDeactivateUser(java.lang.String,boolean)
2026-05-27 11:42:26 DEBUG o.s.s.a.m.DelegatingMethodSecurityMetadataSource - Caching method [CacheKey[com.utiitsl.DMSAuthService.controller.user.UserController; public org.springframework.http.ResponseEntity com.utiitsl.DMSAuthService.controller.user.UserController.activateDeactivateUser(java.lang.String,boolean)]] with attributes [[authorize: 'hasRole('ROLE_APPLICATION_ADMIN') or hasRole('ROLE_ADMIN')', filter: 'null', filterTarget: 'null']]
2026-05-27 11:42:26 WARN  o.s.b.a.o.j.JpaBaseConfiguration$JpaWebConfiguration - spring.jpa.open-in-view is enabled by default. Therefore, database queries may be performed during view rendering. Explicitly configure spring.jpa.open-in-view to disable this warning
2026-05-27 11:42:28 INFO  o.s.s.web.DefaultSecurityFilterChain - Will secure any request with [org.springframework.security.web.session.DisableEncodeUrlFilter@117876d8, org.springframework.security.web.context.request.async.WebAsyncManagerIntegrationFilter@4c53d011, org.springframework.security.web.context.SecurityContextHolderFilter@6d999f5e, org.springframework.security.web.header.HeaderWriterFilter@32c060a2, org.springframework.web.filter.CorsFilter@6ce7d603, org.springframework.security.web.authentication.logout.LogoutFilter@420535e7, org.springframework.security.oauth2.client.web.OAuth2AuthorizationRequestRedirectFilter@510aec7f, org.springframework.security.oauth2.client.web.OAuth2LoginAuthenticationFilter@66e77234, com.utiitsl.DMSAuthService.config.auth.JwtAuthFilter@464d5651, org.springframework.security.web.savedrequest.RequestCacheAwareFilter@64388e14, org.springframework.security.web.servletapi.SecurityContextHolderAwareRequestFilter@720061c8, org.springframework.security.web.authentication.AnonymousAuthenticationFilter@3b44591e, org.springframework.security.web.session.SessionManagementFilter@22b119fb, org.springframework.security.web.access.ExceptionTranslationFilter@68da0e69, org.springframework.security.web.access.intercept.AuthorizationFilter@47e56f09]
2026-05-27 11:42:28 INFO  o.s.b.d.a.OptionalLiveReloadServer - LiveReload server is running on port 35729
2026-05-27 11:42:28 INFO  o.s.b.w.e.tomcat.TomcatWebServer - Tomcat started on port 8282 (http) with context path '/authService'
2026-05-27 11:42:28 INFO  c.u.D.DmsAuthServiceApplication - Started DmsAuthServiceApplication in 8.537 seconds (process running for 9.397)
2026-05-27 11:42:39 INFO  o.a.c.c.C.[.[.[/authService] - Initializing Spring DispatcherServlet 'dispatcherServlet'
2026-05-27 11:42:39 INFO  o.s.web.servlet.DispatcherServlet - Initializing Servlet 'dispatcherServlet'
2026-05-27 11:42:39 INFO  o.s.web.servlet.DispatcherServlet - Completed initialization in 1 ms
2026-05-27 11:42:39 TRACE o.s.security.web.FilterChainProxy - Trying to match request against DefaultSecurityFilterChain [RequestMatcher=any request, Filters=[org.springframework.security.web.session.DisableEncodeUrlFilter@117876d8, org.springframework.security.web.context.request.async.WebAsyncManagerIntegrationFilter@4c53d011, org.springframework.security.web.context.SecurityContextHolderFilter@6d999f5e, org.springframework.security.web.header.HeaderWriterFilter@32c060a2, org.springframework.web.filter.CorsFilter@6ce7d603, org.springframework.security.web.authentication.logout.LogoutFilter@420535e7, org.springframework.security.oauth2.client.web.OAuth2AuthorizationRequestRedirectFilter@510aec7f, org.springframework.security.oauth2.client.web.OAuth2LoginAuthenticationFilter@66e77234, com.utiitsl.DMSAuthService.config.auth.JwtAuthFilter@464d5651, org.springframework.security.web.savedrequest.RequestCacheAwareFilter@64388e14, org.springframework.security.web.servletapi.SecurityContextHolderAwareRequestFilter@720061c8, org.springframework.security.web.authentication.AnonymousAuthenticationFilter@3b44591e, org.springframework.security.web.session.SessionManagementFilter@22b119fb, org.springframework.security.web.access.ExceptionTranslationFilter@68da0e69, org.springframework.security.web.access.intercept.AuthorizationFilter@47e56f09]] (1/1)
2026-05-27 11:42:39 DEBUG o.s.security.web.FilterChainProxy - Securing OPTIONS /api/v1/auth/tokenWithCookie
2026-05-27 11:42:39 TRACE o.s.security.web.FilterChainProxy - Invoking DisableEncodeUrlFilter (1/15)
2026-05-27 11:42:39 TRACE o.s.security.web.FilterChainProxy - Invoking WebAsyncManagerIntegrationFilter (2/15)
2026-05-27 11:42:39 TRACE o.s.security.web.FilterChainProxy - Invoking SecurityContextHolderFilter (3/15)
2026-05-27 11:42:39 TRACE o.s.security.web.FilterChainProxy - Invoking HeaderWriterFilter (4/15)
2026-05-27 11:42:39 TRACE o.s.security.web.FilterChainProxy - Invoking CorsFilter (5/15)
2026-05-27 11:42:39 TRACE o.s.s.w.h.writers.HstsHeaderWriter - Not injecting HSTS header since it did not match request to [Is Secure]
2026-05-27 11:42:39 TRACE o.s.security.web.FilterChainProxy - Trying to match request against DefaultSecurityFilterChain [RequestMatcher=any request, Filters=[org.springframework.security.web.session.DisableEncodeUrlFilter@117876d8, org.springframework.security.web.context.request.async.WebAsyncManagerIntegrationFilter@4c53d011, org.springframework.security.web.context.SecurityContextHolderFilter@6d999f5e, org.springframework.security.web.header.HeaderWriterFilter@32c060a2, org.springframework.web.filter.CorsFilter@6ce7d603, org.springframework.security.web.authentication.logout.LogoutFilter@420535e7, org.springframework.security.oauth2.client.web.OAuth2AuthorizationRequestRedirectFilter@510aec7f, org.springframework.security.oauth2.client.web.OAuth2LoginAuthenticationFilter@66e77234, com.utiitsl.DMSAuthService.config.auth.JwtAuthFilter@464d5651, org.springframework.security.web.savedrequest.RequestCacheAwareFilter@64388e14, org.springframework.security.web.servletapi.SecurityContextHolderAwareRequestFilter@720061c8, org.springframework.security.web.authentication.AnonymousAuthenticationFilter@3b44591e, org.springframework.security.web.session.SessionManagementFilter@22b119fb, org.springframework.security.web.access.ExceptionTranslationFilter@68da0e69, org.springframework.security.web.access.intercept.AuthorizationFilter@47e56f09]] (1/1)
2026-05-27 11:42:39 DEBUG o.s.security.web.FilterChainProxy - Securing POST /api/v1/auth/tokenWithCookie
2026-05-27 11:42:39 TRACE o.s.security.web.FilterChainProxy - Invoking DisableEncodeUrlFilter (1/15)
2026-05-27 11:42:39 TRACE o.s.security.web.FilterChainProxy - Invoking WebAsyncManagerIntegrationFilter (2/15)
2026-05-27 11:42:39 TRACE o.s.security.web.FilterChainProxy - Invoking SecurityContextHolderFilter (3/15)
2026-05-27 11:42:39 TRACE o.s.security.web.FilterChainProxy - Invoking HeaderWriterFilter (4/15)
2026-05-27 11:42:39 TRACE o.s.security.web.FilterChainProxy - Invoking CorsFilter (5/15)
2026-05-27 11:42:39 TRACE o.s.security.web.FilterChainProxy - Invoking LogoutFilter (6/15)
2026-05-27 11:42:39 TRACE o.s.s.w.a.logout.LogoutFilter - Did not match request to Or [Ant [pattern='/logout', GET], Ant [pattern='/logout', POST], Ant [pattern='/logout', PUT], Ant [pattern='/logout', DELETE]]
2026-05-27 11:42:39 TRACE o.s.security.web.FilterChainProxy - Invoking OAuth2AuthorizationRequestRedirectFilter (7/15)
2026-05-27 11:42:39 TRACE o.s.security.web.FilterChainProxy - Invoking OAuth2LoginAuthenticationFilter (8/15)
2026-05-27 11:42:39 TRACE o.s.s.o.c.w.OAuth2LoginAuthenticationFilter - Did not match request to Ant [pattern='/login/oauth2/code/*']
2026-05-27 11:42:39 TRACE o.s.security.web.FilterChainProxy - Invoking JwtAuthFilter (9/15)
2026-05-27 11:42:39 TRACE o.s.security.web.FilterChainProxy - Invoking RequestCacheAwareFilter (10/15)
2026-05-27 11:42:39 TRACE o.s.security.web.FilterChainProxy - Invoking SecurityContextHolderAwareRequestFilter (11/15)
2026-05-27 11:42:39 TRACE o.s.security.web.FilterChainProxy - Invoking AnonymousAuthenticationFilter (12/15)
2026-05-27 11:42:39 TRACE o.s.security.web.FilterChainProxy - Invoking SessionManagementFilter (13/15)
2026-05-27 11:42:39 TRACE o.s.s.w.c.SupplierDeferredSecurityContext - Created SecurityContextImpl [Null authentication]
2026-05-27 11:42:39 TRACE o.s.s.w.a.AnonymousAuthenticationFilter - Set SecurityContextHolder to AnonymousAuthenticationToken [Principal=anonymousUser, Credentials=[PROTECTED], Authenticated=true, Details=WebAuthenticationDetails [RemoteIpAddress=0:0:0:0:0:0:0:1, SessionId=null], Granted Authorities=[ROLE_ANONYMOUS]]
2026-05-27 11:42:39 TRACE o.s.security.web.FilterChainProxy - Invoking ExceptionTranslationFilter (14/15)
2026-05-27 11:42:39 TRACE o.s.security.web.FilterChainProxy - Invoking AuthorizationFilter (15/15)
2026-05-27 11:42:39 TRACE o.s.s.w.a.i.RequestMatcherDelegatingAuthorizationManager - Authorizing POST /api/v1/auth/tokenWithCookie
2026-05-27 11:42:39 TRACE o.s.s.w.a.i.RequestMatcherDelegatingAuthorizationManager - Checking authorization on POST /api/v1/auth/tokenWithCookie using org.springframework.security.config.annotation.web.configurers.AuthorizeHttpRequestsConfigurer$$Lambda/0x0000018c01a431d0@35603b3
2026-05-27 11:42:39 DEBUG o.s.security.web.FilterChainProxy - Secured POST /api/v1/auth/tokenWithCookie
2026-05-27 11:42:39 TRACE o.s.s.authentication.ProviderManager - Authenticating request with DaoAuthenticationProvider (1/1)
2026-05-27 11:42:39 DEBUG o.s.s.a.d.DaoAuthenticationProvider - Authenticated user
2026-05-27 11:42:39 TRACE o.s.s.w.h.writers.HstsHeaderWriter - Not injecting HSTS header since it did not match request to [Is Secure]
2026-05-27 11:42:39 TRACE o.s.security.web.FilterChainProxy - Trying to match request against DefaultSecurityFilterChain [RequestMatcher=any request, Filters=[org.springframework.security.web.session.DisableEncodeUrlFilter@117876d8, org.springframework.security.web.context.request.async.WebAsyncManagerIntegrationFilter@4c53d011, org.springframework.security.web.context.SecurityContextHolderFilter@6d999f5e, org.springframework.security.web.header.HeaderWriterFilter@32c060a2, org.springframework.web.filter.CorsFilter@6ce7d603, org.springframework.security.web.authentication.logout.LogoutFilter@420535e7, org.springframework.security.oauth2.client.web.OAuth2AuthorizationRequestRedirectFilter@510aec7f, org.springframework.security.oauth2.client.web.OAuth2LoginAuthenticationFilter@66e77234, com.utiitsl.DMSAuthService.config.auth.JwtAuthFilter@464d5651, org.springframework.security.web.savedrequest.RequestCacheAwareFilter@64388e14, org.springframework.security.web.servletapi.SecurityContextHolderAwareRequestFilter@720061c8, org.springframework.security.web.authentication.AnonymousAuthenticationFilter@3b44591e, org.springframework.security.web.session.SessionManagementFilter@22b119fb, org.springframework.security.web.access.ExceptionTranslationFilter@68da0e69, org.springframework.security.web.access.intercept.AuthorizationFilter@47e56f09]] (1/1)
2026-05-27 11:42:39 DEBUG o.s.security.web.FilterChainProxy - Securing GET /api/v1/auth/me
2026-05-27 11:42:39 TRACE o.s.security.web.FilterChainProxy - Invoking DisableEncodeUrlFilter (1/15)
2026-05-27 11:42:39 TRACE o.s.security.web.FilterChainProxy - Invoking WebAsyncManagerIntegrationFilter (2/15)
2026-05-27 11:42:39 TRACE o.s.security.web.FilterChainProxy - Invoking SecurityContextHolderFilter (3/15)
2026-05-27 11:42:39 TRACE o.s.security.web.FilterChainProxy - Invoking HeaderWriterFilter (4/15)
2026-05-27 11:42:39 TRACE o.s.security.web.FilterChainProxy - Invoking CorsFilter (5/15)
2026-05-27 11:42:39 TRACE o.s.security.web.FilterChainProxy - Invoking LogoutFilter (6/15)
2026-05-27 11:42:39 TRACE o.s.s.w.a.logout.LogoutFilter - Did not match request to Or [Ant [pattern='/logout', GET], Ant [pattern='/logout', POST], Ant [pattern='/logout', PUT], Ant [pattern='/logout', DELETE]]
2026-05-27 11:42:39 TRACE o.s.security.web.FilterChainProxy - Invoking OAuth2AuthorizationRequestRedirectFilter (7/15)
2026-05-27 11:42:39 TRACE o.s.security.web.FilterChainProxy - Invoking OAuth2LoginAuthenticationFilter (8/15)
2026-05-27 11:42:39 TRACE o.s.s.o.c.w.OAuth2LoginAuthenticationFilter - Did not match request to Ant [pattern='/login/oauth2/code/*']
2026-05-27 11:42:39 TRACE o.s.security.web.FilterChainProxy - Invoking JwtAuthFilter (9/15)
2026-05-27 11:42:39 TRACE o.s.security.web.FilterChainProxy - Invoking RequestCacheAwareFilter (10/15)
2026-05-27 11:42:39 TRACE o.s.security.web.FilterChainProxy - Invoking SecurityContextHolderAwareRequestFilter (11/15)
2026-05-27 11:42:39 TRACE o.s.security.web.FilterChainProxy - Invoking AnonymousAuthenticationFilter (12/15)
2026-05-27 11:42:39 TRACE o.s.security.web.FilterChainProxy - Invoking SessionManagementFilter (13/15)
2026-05-27 11:42:39 TRACE o.s.s.w.c.SupplierDeferredSecurityContext - Created SecurityContextImpl [Null authentication]
2026-05-27 11:42:39 TRACE o.s.s.w.a.AnonymousAuthenticationFilter - Set SecurityContextHolder to AnonymousAuthenticationToken [Principal=anonymousUser, Credentials=[PROTECTED], Authenticated=true, Details=WebAuthenticationDetails [RemoteIpAddress=0:0:0:0:0:0:0:1, SessionId=null], Granted Authorities=[ROLE_ANONYMOUS]]
2026-05-27 11:42:39 TRACE o.s.security.web.FilterChainProxy - Invoking ExceptionTranslationFilter (14/15)
2026-05-27 11:42:39 TRACE o.s.security.web.FilterChainProxy - Invoking AuthorizationFilter (15/15)
2026-05-27 11:42:39 TRACE o.s.s.w.a.i.RequestMatcherDelegatingAuthorizationManager - Authorizing GET /api/v1/auth/me
2026-05-27 11:42:39 TRACE o.s.s.w.a.i.RequestMatcherDelegatingAuthorizationManager - Checking authorization on GET /api/v1/auth/me using org.springframework.security.config.annotation.web.configurers.AuthorizeHttpRequestsConfigurer$$Lambda/0x0000018c01a431d0@35603b3
2026-05-27 11:42:39 DEBUG o.s.security.web.FilterChainProxy - Secured GET /api/v1/auth/me
2026-05-27 11:42:39 TRACE o.s.s.w.h.writers.HstsHeaderWriter - Not injecting HSTS header since it did not match request to [Is Secure]
2026-05-27 11:43:17 TRACE o.s.security.web.FilterChainProxy - Trying to match request against DefaultSecurityFilterChain [RequestMatcher=any request, Filters=[org.springframework.security.web.session.DisableEncodeUrlFilter@117876d8, org.springframework.security.web.context.request.async.WebAsyncManagerIntegrationFilter@4c53d011, org.springframework.security.web.context.SecurityContextHolderFilter@6d999f5e, org.springframework.security.web.header.HeaderWriterFilter@32c060a2, org.springframework.web.filter.CorsFilter@6ce7d603, org.springframework.security.web.authentication.logout.LogoutFilter@420535e7, org.springframework.security.oauth2.client.web.OAuth2AuthorizationRequestRedirectFilter@510aec7f, org.springframework.security.oauth2.client.web.OAuth2LoginAuthenticationFilter@66e77234, com.utiitsl.DMSAuthService.config.auth.JwtAuthFilter@464d5651, org.springframework.security.web.savedrequest.RequestCacheAwareFilter@64388e14, org.springframework.security.web.servletapi.SecurityContextHolderAwareRequestFilter@720061c8, org.springframework.security.web.authentication.AnonymousAuthenticationFilter@3b44591e, org.springframework.security.web.session.SessionManagementFilter@22b119fb, org.springframework.security.web.access.ExceptionTranslationFilter@68da0e69, org.springframework.security.web.access.intercept.AuthorizationFilter@47e56f09]] (1/1)
2026-05-27 11:43:17 DEBUG o.s.security.web.FilterChainProxy - Securing OPTIONS /api/v1/auth/tokenWithCookie
2026-05-27 11:43:17 TRACE o.s.security.web.FilterChainProxy - Invoking DisableEncodeUrlFilter (1/15)
2026-05-27 11:43:17 TRACE o.s.security.web.FilterChainProxy - Invoking WebAsyncManagerIntegrationFilter (2/15)
2026-05-27 11:43:17 TRACE o.s.security.web.FilterChainProxy - Invoking SecurityContextHolderFilter (3/15)
2026-05-27 11:43:17 TRACE o.s.security.web.FilterChainProxy - Invoking HeaderWriterFilter (4/15)
2026-05-27 11:43:17 TRACE o.s.security.web.FilterChainProxy - Invoking CorsFilter (5/15)
2026-05-27 11:43:17 TRACE o.s.s.w.h.writers.HstsHeaderWriter - Not injecting HSTS header since it did not match request to [Is Secure]
2026-05-27 11:43:17 TRACE o.s.security.web.FilterChainProxy - Trying to match request against DefaultSecurityFilterChain [RequestMatcher=any request, Filters=[org.springframework.security.web.session.DisableEncodeUrlFilter@117876d8, org.springframework.security.web.context.request.async.WebAsyncManagerIntegrationFilter@4c53d011, org.springframework.security.web.context.SecurityContextHolderFilter@6d999f5e, org.springframework.security.web.header.HeaderWriterFilter@32c060a2, org.springframework.web.filter.CorsFilter@6ce7d603, org.springframework.security.web.authentication.logout.LogoutFilter@420535e7, org.springframework.security.oauth2.client.web.OAuth2AuthorizationRequestRedirectFilter@510aec7f, org.springframework.security.oauth2.client.web.OAuth2LoginAuthenticationFilter@66e77234, com.utiitsl.DMSAuthService.config.auth.JwtAuthFilter@464d5651, org.springframework.security.web.savedrequest.RequestCacheAwareFilter@64388e14, org.springframework.security.web.servletapi.SecurityContextHolderAwareRequestFilter@720061c8, org.springframework.security.web.authentication.AnonymousAuthenticationFilter@3b44591e, org.springframework.security.web.session.SessionManagementFilter@22b119fb, org.springframework.security.web.access.ExceptionTranslationFilter@68da0e69, org.springframework.security.web.access.intercept.AuthorizationFilter@47e56f09]] (1/1)
2026-05-27 11:43:17 DEBUG o.s.security.web.FilterChainProxy - Securing POST /api/v1/auth/tokenWithCookie
2026-05-27 11:43:17 TRACE o.s.security.web.FilterChainProxy - Invoking DisableEncodeUrlFilter (1/15)
2026-05-27 11:43:17 TRACE o.s.security.web.FilterChainProxy - Invoking WebAsyncManagerIntegrationFilter (2/15)
2026-05-27 11:43:17 TRACE o.s.security.web.FilterChainProxy - Invoking SecurityContextHolderFilter (3/15)
2026-05-27 11:43:17 TRACE o.s.security.web.FilterChainProxy - Invoking HeaderWriterFilter (4/15)
2026-05-27 11:43:17 TRACE o.s.security.web.FilterChainProxy - Invoking CorsFilter (5/15)
2026-05-27 11:43:17 TRACE o.s.security.web.FilterChainProxy - Invoking LogoutFilter (6/15)
2026-05-27 11:43:17 TRACE o.s.s.w.a.logout.LogoutFilter - Did not match request to Or [Ant [pattern='/logout', GET], Ant [pattern='/logout', POST], Ant [pattern='/logout', PUT], Ant [pattern='/logout', DELETE]]
2026-05-27 11:43:17 TRACE o.s.security.web.FilterChainProxy - Invoking OAuth2AuthorizationRequestRedirectFilter (7/15)
2026-05-27 11:43:17 TRACE o.s.security.web.FilterChainProxy - Invoking OAuth2LoginAuthenticationFilter (8/15)
2026-05-27 11:43:17 TRACE o.s.s.o.c.w.OAuth2LoginAuthenticationFilter - Did not match request to Ant [pattern='/login/oauth2/code/*']
2026-05-27 11:43:17 TRACE o.s.security.web.FilterChainProxy - Invoking JwtAuthFilter (9/15)
2026-05-27 11:43:17 TRACE o.s.security.web.FilterChainProxy - Invoking RequestCacheAwareFilter (10/15)
2026-05-27 11:43:17 TRACE o.s.security.web.FilterChainProxy - Invoking SecurityContextHolderAwareRequestFilter (11/15)
2026-05-27 11:43:17 TRACE o.s.security.web.FilterChainProxy - Invoking AnonymousAuthenticationFilter (12/15)
2026-05-27 11:43:17 TRACE o.s.security.web.FilterChainProxy - Invoking SessionManagementFilter (13/15)
2026-05-27 11:43:17 TRACE o.s.s.w.c.SupplierDeferredSecurityContext - Created SecurityContextImpl [Null authentication]
2026-05-27 11:43:17 TRACE o.s.s.w.a.AnonymousAuthenticationFilter - Set SecurityContextHolder to AnonymousAuthenticationToken [Principal=anonymousUser, Credentials=[PROTECTED], Authenticated=true, Details=WebAuthenticationDetails [RemoteIpAddress=0:0:0:0:0:0:0:1, SessionId=null], Granted Authorities=[ROLE_ANONYMOUS]]
2026-05-27 11:43:17 TRACE o.s.security.web.FilterChainProxy - Invoking ExceptionTranslationFilter (14/15)
2026-05-27 11:43:17 TRACE o.s.security.web.FilterChainProxy - Invoking AuthorizationFilter (15/15)
2026-05-27 11:43:17 TRACE o.s.s.w.a.i.RequestMatcherDelegatingAuthorizationManager - Authorizing POST /api/v1/auth/tokenWithCookie
2026-05-27 11:43:17 TRACE o.s.s.w.a.i.RequestMatcherDelegatingAuthorizationManager - Checking authorization on POST /api/v1/auth/tokenWithCookie using org.springframework.security.config.annotation.web.configurers.AuthorizeHttpRequestsConfigurer$$Lambda/0x0000018c01a431d0@35603b3
2026-05-27 11:43:17 DEBUG o.s.security.web.FilterChainProxy - Secured POST /api/v1/auth/tokenWithCookie
2026-05-27 11:43:17 TRACE o.s.s.authentication.ProviderManager - Authenticating request with DaoAuthenticationProvider (1/1)
2026-05-27 11:43:18 DEBUG o.s.s.a.d.DaoAuthenticationProvider - Authenticated user
2026-05-27 11:43:18 TRACE o.s.s.w.h.writers.HstsHeaderWriter - Not injecting HSTS header since it did not match request to [Is Secure]
2026-05-27 11:43:18 TRACE o.s.security.web.FilterChainProxy - Trying to match request against DefaultSecurityFilterChain [RequestMatcher=any request, Filters=[org.springframework.security.web.session.DisableEncodeUrlFilter@117876d8, org.springframework.security.web.context.request.async.WebAsyncManagerIntegrationFilter@4c53d011, org.springframework.security.web.context.SecurityContextHolderFilter@6d999f5e, org.springframework.security.web.header.HeaderWriterFilter@32c060a2, org.springframework.web.filter.CorsFilter@6ce7d603, org.springframework.security.web.authentication.logout.LogoutFilter@420535e7, org.springframework.security.oauth2.client.web.OAuth2AuthorizationRequestRedirectFilter@510aec7f, org.springframework.security.oauth2.client.web.OAuth2LoginAuthenticationFilter@66e77234, com.utiitsl.DMSAuthService.config.auth.JwtAuthFilter@464d5651, org.springframework.security.web.savedrequest.RequestCacheAwareFilter@64388e14, org.springframework.security.web.servletapi.SecurityContextHolderAwareRequestFilter@720061c8, org.springframework.security.web.authentication.AnonymousAuthenticationFilter@3b44591e, org.springframework.security.web.session.SessionManagementFilter@22b119fb, org.springframework.security.web.access.ExceptionTranslationFilter@68da0e69, org.springframework.security.web.access.intercept.AuthorizationFilter@47e56f09]] (1/1)
2026-05-27 11:43:18 DEBUG o.s.security.web.FilterChainProxy - Securing GET /api/v1/auth/me
2026-05-27 11:43:18 TRACE o.s.security.web.FilterChainProxy - Invoking DisableEncodeUrlFilter (1/15)
2026-05-27 11:43:18 TRACE o.s.security.web.FilterChainProxy - Invoking WebAsyncManagerIntegrationFilter (2/15)
2026-05-27 11:43:18 TRACE o.s.security.web.FilterChainProxy - Invoking SecurityContextHolderFilter (3/15)
2026-05-27 11:43:18 TRACE o.s.security.web.FilterChainProxy - Invoking HeaderWriterFilter (4/15)
2026-05-27 11:43:18 TRACE o.s.security.web.FilterChainProxy - Invoking CorsFilter (5/15)
2026-05-27 11:43:18 TRACE o.s.security.web.FilterChainProxy - Invoking LogoutFilter (6/15)
2026-05-27 11:43:18 TRACE o.s.s.w.a.logout.LogoutFilter - Did not match request to Or [Ant [pattern='/logout', GET], Ant [pattern='/logout', POST], Ant [pattern='/logout', PUT], Ant [pattern='/logout', DELETE]]
2026-05-27 11:43:18 TRACE o.s.security.web.FilterChainProxy - Invoking OAuth2AuthorizationRequestRedirectFilter (7/15)
2026-05-27 11:43:18 TRACE o.s.security.web.FilterChainProxy - Invoking OAuth2LoginAuthenticationFilter (8/15)
2026-05-27 11:43:18 TRACE o.s.s.o.c.w.OAuth2LoginAuthenticationFilter - Did not match request to Ant [pattern='/login/oauth2/code/*']
2026-05-27 11:43:18 TRACE o.s.security.web.FilterChainProxy - Invoking JwtAuthFilter (9/15)
2026-05-27 11:43:18 TRACE o.s.security.web.FilterChainProxy - Invoking RequestCacheAwareFilter (10/15)
2026-05-27 11:43:18 TRACE o.s.security.web.FilterChainProxy - Invoking SecurityContextHolderAwareRequestFilter (11/15)
2026-05-27 11:43:18 TRACE o.s.security.web.FilterChainProxy - Invoking AnonymousAuthenticationFilter (12/15)
2026-05-27 11:43:18 TRACE o.s.security.web.FilterChainProxy - Invoking SessionManagementFilter (13/15)
2026-05-27 11:43:18 TRACE o.s.s.w.c.SupplierDeferredSecurityContext - Created SecurityContextImpl [Null authentication]
2026-05-27 11:43:18 TRACE o.s.s.w.a.AnonymousAuthenticationFilter - Set SecurityContextHolder to AnonymousAuthenticationToken [Principal=anonymousUser, Credentials=[PROTECTED], Authenticated=true, Details=WebAuthenticationDetails [RemoteIpAddress=0:0:0:0:0:0:0:1, SessionId=null], Granted Authorities=[ROLE_ANONYMOUS]]
2026-05-27 11:43:18 TRACE o.s.security.web.FilterChainProxy - Invoking ExceptionTranslationFilter (14/15)
2026-05-27 11:43:18 TRACE o.s.security.web.FilterChainProxy - Invoking AuthorizationFilter (15/15)
2026-05-27 11:43:18 TRACE o.s.s.w.a.i.RequestMatcherDelegatingAuthorizationManager - Authorizing GET /api/v1/auth/me
2026-05-27 11:43:18 TRACE o.s.s.w.a.i.RequestMatcherDelegatingAuthorizationManager - Checking authorization on GET /api/v1/auth/me using org.springframework.security.config.annotation.web.configurers.AuthorizeHttpRequestsConfigurer$$Lambda/0x0000018c01a431d0@35603b3
2026-05-27 11:43:18 DEBUG o.s.security.web.FilterChainProxy - Secured GET /api/v1/auth/me
2026-05-27 11:43:18 TRACE o.s.s.w.h.writers.HstsHeaderWriter - Not injecting HSTS header since it did not match request to [Is Secure]
2026-05-27 11:43:19 TRACE o.s.security.web.FilterChainProxy - Trying to match request against DefaultSecurityFilterChain [RequestMatcher=any request, Filters=[org.springframework.security.web.session.DisableEncodeUrlFilter@117876d8, org.springframework.security.web.context.request.async.WebAsyncManagerIntegrationFilter@4c53d011, org.springframework.security.web.context.SecurityContextHolderFilter@6d999f5e, org.springframework.security.web.header.HeaderWriterFilter@32c060a2, org.springframework.web.filter.CorsFilter@6ce7d603, org.springframework.security.web.authentication.logout.LogoutFilter@420535e7, org.springframework.security.oauth2.client.web.OAuth2AuthorizationRequestRedirectFilter@510aec7f, org.springframework.security.oauth2.client.web.OAuth2LoginAuthenticationFilter@66e77234, com.utiitsl.DMSAuthService.config.auth.JwtAuthFilter@464d5651, org.springframework.security.web.savedrequest.RequestCacheAwareFilter@64388e14, org.springframework.security.web.servletapi.SecurityContextHolderAwareRequestFilter@720061c8, org.springframework.security.web.authentication.AnonymousAuthenticationFilter@3b44591e, org.springframework.security.web.session.SessionManagementFilter@22b119fb, org.springframework.security.web.access.ExceptionTranslationFilter@68da0e69, org.springframework.security.web.access.intercept.AuthorizationFilter@47e56f09]] (1/1)
2026-05-27 11:43:19 DEBUG o.s.security.web.FilterChainProxy - Securing POST /api/v1/auth/tokenWithCookie
2026-05-27 11:43:19 TRACE o.s.security.web.FilterChainProxy - Invoking DisableEncodeUrlFilter (1/15)
2026-05-27 11:43:19 TRACE o.s.security.web.FilterChainProxy - Invoking WebAsyncManagerIntegrationFilter (2/15)
2026-05-27 11:43:19 TRACE o.s.security.web.FilterChainProxy - Invoking SecurityContextHolderFilter (3/15)
2026-05-27 11:43:19 TRACE o.s.security.web.FilterChainProxy - Invoking HeaderWriterFilter (4/15)
2026-05-27 11:43:19 TRACE o.s.security.web.FilterChainProxy - Invoking CorsFilter (5/15)
2026-05-27 11:43:19 TRACE o.s.security.web.FilterChainProxy - Invoking LogoutFilter (6/15)
2026-05-27 11:43:19 TRACE o.s.s.w.a.logout.LogoutFilter - Did not match request to Or [Ant [pattern='/logout', GET], Ant [pattern='/logout', POST], Ant [pattern='/logout', PUT], Ant [pattern='/logout', DELETE]]
2026-05-27 11:43:19 TRACE o.s.security.web.FilterChainProxy - Invoking OAuth2AuthorizationRequestRedirectFilter (7/15)
2026-05-27 11:43:19 TRACE o.s.security.web.FilterChainProxy - Invoking OAuth2LoginAuthenticationFilter (8/15)
2026-05-27 11:43:19 TRACE o.s.s.o.c.w.OAuth2LoginAuthenticationFilter - Did not match request to Ant [pattern='/login/oauth2/code/*']
2026-05-27 11:43:19 TRACE o.s.security.web.FilterChainProxy - Invoking JwtAuthFilter (9/15)
2026-05-27 11:43:19 TRACE o.s.security.web.FilterChainProxy - Invoking RequestCacheAwareFilter (10/15)
2026-05-27 11:43:19 TRACE o.s.security.web.FilterChainProxy - Invoking SecurityContextHolderAwareRequestFilter (11/15)
2026-05-27 11:43:19 TRACE o.s.security.web.FilterChainProxy - Invoking AnonymousAuthenticationFilter (12/15)
2026-05-27 11:43:19 TRACE o.s.security.web.FilterChainProxy - Invoking SessionManagementFilter (13/15)
2026-05-27 11:43:19 TRACE o.s.s.w.c.SupplierDeferredSecurityContext - Created SecurityContextImpl [Null authentication]
2026-05-27 11:43:19 TRACE o.s.s.w.a.AnonymousAuthenticationFilter - Set SecurityContextHolder to AnonymousAuthenticationToken [Principal=anonymousUser, Credentials=[PROTECTED], Authenticated=true, Details=WebAuthenticationDetails [RemoteIpAddress=0:0:0:0:0:0:0:1, SessionId=null], Granted Authorities=[ROLE_ANONYMOUS]]
2026-05-27 11:43:19 TRACE o.s.security.web.FilterChainProxy - Invoking ExceptionTranslationFilter (14/15)
2026-05-27 11:43:19 TRACE o.s.security.web.FilterChainProxy - Invoking AuthorizationFilter (15/15)
2026-05-27 11:43:19 TRACE o.s.s.w.a.i.RequestMatcherDelegatingAuthorizationManager - Authorizing POST /api/v1/auth/tokenWithCookie
2026-05-27 11:43:19 TRACE o.s.s.w.a.i.RequestMatcherDelegatingAuthorizationManager - Checking authorization on POST /api/v1/auth/tokenWithCookie using org.springframework.security.config.annotation.web.configurers.AuthorizeHttpRequestsConfigurer$$Lambda/0x0000018c01a431d0@35603b3
2026-05-27 11:43:19 DEBUG o.s.security.web.FilterChainProxy - Secured POST /api/v1/auth/tokenWithCookie
2026-05-27 11:43:19 TRACE o.s.s.authentication.ProviderManager - Authenticating request with DaoAuthenticationProvider (1/1)
2026-05-27 11:43:19 DEBUG o.s.s.a.d.DaoAuthenticationProvider - Authenticated user
2026-05-27 11:43:19 TRACE o.s.s.w.h.writers.HstsHeaderWriter - Not injecting HSTS header since it did not match request to [Is Secure]
2026-05-27 11:43:19 TRACE o.s.security.web.FilterChainProxy - Trying to match request against DefaultSecurityFilterChain [RequestMatcher=any request, Filters=[org.springframework.security.web.session.DisableEncodeUrlFilter@117876d8, org.springframework.security.web.context.request.async.WebAsyncManagerIntegrationFilter@4c53d011, org.springframework.security.web.context.SecurityContextHolderFilter@6d999f5e, org.springframework.security.web.header.HeaderWriterFilter@32c060a2, org.springframework.web.filter.CorsFilter@6ce7d603, org.springframework.security.web.authentication.logout.LogoutFilter@420535e7, org.springframework.security.oauth2.client.web.OAuth2AuthorizationRequestRedirectFilter@510aec7f, org.springframework.security.oauth2.client.web.OAuth2LoginAuthenticationFilter@66e77234, com.utiitsl.DMSAuthService.config.auth.JwtAuthFilter@464d5651, org.springframework.security.web.savedrequest.RequestCacheAwareFilter@64388e14, org.springframework.security.web.servletapi.SecurityContextHolderAwareRequestFilter@720061c8, org.springframework.security.web.authentication.AnonymousAuthenticationFilter@3b44591e, org.springframework.security.web.session.SessionManagementFilter@22b119fb, org.springframework.security.web.access.ExceptionTranslationFilter@68da0e69, org.springframework.security.web.access.intercept.AuthorizationFilter@47e56f09]] (1/1)
2026-05-27 11:43:19 DEBUG o.s.security.web.FilterChainProxy - Securing GET /api/v1/auth/me
2026-05-27 11:43:19 TRACE o.s.security.web.FilterChainProxy - Invoking DisableEncodeUrlFilter (1/15)
2026-05-27 11:43:19 TRACE o.s.security.web.FilterChainProxy - Invoking WebAsyncManagerIntegrationFilter (2/15)
2026-05-27 11:43:19 TRACE o.s.security.web.FilterChainProxy - Invoking SecurityContextHolderFilter (3/15)
2026-05-27 11:43:19 TRACE o.s.security.web.FilterChainProxy - Invoking HeaderWriterFilter (4/15)
2026-05-27 11:43:19 TRACE o.s.security.web.FilterChainProxy - Invoking CorsFilter (5/15)
2026-05-27 11:43:19 TRACE o.s.security.web.FilterChainProxy - Invoking LogoutFilter (6/15)
2026-05-27 11:43:19 TRACE o.s.s.w.a.logout.LogoutFilter - Did not match request to Or [Ant [pattern='/logout', GET], Ant [pattern='/logout', POST], Ant [pattern='/logout', PUT], Ant [pattern='/logout', DELETE]]
2026-05-27 11:43:19 TRACE o.s.security.web.FilterChainProxy - Invoking OAuth2AuthorizationRequestRedirectFilter (7/15)
2026-05-27 11:43:19 TRACE o.s.security.web.FilterChainProxy - Invoking OAuth2LoginAuthenticationFilter (8/15)
2026-05-27 11:43:19 TRACE o.s.s.o.c.w.OAuth2LoginAuthenticationFilter - Did not match request to Ant [pattern='/login/oauth2/code/*']
2026-05-27 11:43:19 TRACE o.s.security.web.FilterChainProxy - Invoking JwtAuthFilter (9/15)
2026-05-27 11:43:19 TRACE o.s.security.web.FilterChainProxy - Invoking RequestCacheAwareFilter (10/15)
2026-05-27 11:43:19 TRACE o.s.security.web.FilterChainProxy - Invoking SecurityContextHolderAwareRequestFilter (11/15)
2026-05-27 11:43:19 TRACE o.s.security.web.FilterChainProxy - Invoking AnonymousAuthenticationFilter (12/15)
2026-05-27 11:43:19 TRACE o.s.security.web.FilterChainProxy - Invoking SessionManagementFilter (13/15)
2026-05-27 11:43:19 TRACE o.s.s.w.c.SupplierDeferredSecurityContext - Created SecurityContextImpl [Null authentication]
2026-05-27 11:43:19 TRACE o.s.s.w.a.AnonymousAuthenticationFilter - Set SecurityContextHolder to AnonymousAuthenticationToken [Principal=anonymousUser, Credentials=[PROTECTED], Authenticated=true, Details=WebAuthenticationDetails [RemoteIpAddress=0:0:0:0:0:0:0:1, SessionId=null], Granted Authorities=[ROLE_ANONYMOUS]]
2026-05-27 11:43:19 TRACE o.s.security.web.FilterChainProxy - Invoking ExceptionTranslationFilter (14/15)
2026-05-27 11:43:19 TRACE o.s.security.web.FilterChainProxy - Invoking AuthorizationFilter (15/15)
2026-05-27 11:43:19 TRACE o.s.s.w.a.i.RequestMatcherDelegatingAuthorizationManager - Authorizing GET /api/v1/auth/me
2026-05-27 11:43:19 TRACE o.s.s.w.a.i.RequestMatcherDelegatingAuthorizationManager - Checking authorization on GET /api/v1/auth/me using org.springframework.security.config.annotation.web.configurers.AuthorizeHttpRequestsConfigurer$$Lambda/0x0000018c01a431d0@35603b3
2026-05-27 11:43:19 DEBUG o.s.security.web.FilterChainProxy - Secured GET /api/v1/auth/me
2026-05-27 11:43:19 TRACE o.s.s.w.h.writers.HstsHeaderWriter - Not injecting HSTS header since it did not match request to [Is Secure]
2026-05-27 11:43:36 TRACE o.s.security.web.FilterChainProxy - Trying to match request against DefaultSecurityFilterChain [RequestMatcher=any request, Filters=[org.springframework.security.web.session.DisableEncodeUrlFilter@117876d8, org.springframework.security.web.context.request.async.WebAsyncManagerIntegrationFilter@4c53d011, org.springframework.security.web.context.SecurityContextHolderFilter@6d999f5e, org.springframework.security.web.header.HeaderWriterFilter@32c060a2, org.springframework.web.filter.CorsFilter@6ce7d603, org.springframework.security.web.authentication.logout.LogoutFilter@420535e7, org.springframework.security.oauth2.client.web.OAuth2AuthorizationRequestRedirectFilter@510aec7f, org.springframework.security.oauth2.client.web.OAuth2LoginAuthenticationFilter@66e77234, com.utiitsl.DMSAuthService.config.auth.JwtAuthFilter@464d5651, org.springframework.security.web.savedrequest.RequestCacheAwareFilter@64388e14, org.springframework.security.web.servletapi.SecurityContextHolderAwareRequestFilter@720061c8, org.springframework.security.web.authentication.AnonymousAuthenticationFilter@3b44591e, org.springframework.security.web.session.SessionManagementFilter@22b119fb, org.springframework.security.web.access.ExceptionTranslationFilter@68da0e69, org.springframework.security.web.access.intercept.AuthorizationFilter@47e56f09]] (1/1)
2026-05-27 11:43:36 DEBUG o.s.security.web.FilterChainProxy - Securing OPTIONS /api/v1/auth/tokenWithCookie
2026-05-27 11:43:36 TRACE o.s.security.web.FilterChainProxy - Invoking DisableEncodeUrlFilter (1/15)
2026-05-27 11:43:36 TRACE o.s.security.web.FilterChainProxy - Invoking WebAsyncManagerIntegrationFilter (2/15)
2026-05-27 11:43:36 TRACE o.s.security.web.FilterChainProxy - Invoking SecurityContextHolderFilter (3/15)
2026-05-27 11:43:36 TRACE o.s.security.web.FilterChainProxy - Invoking HeaderWriterFilter (4/15)
2026-05-27 11:43:36 TRACE o.s.security.web.FilterChainProxy - Invoking CorsFilter (5/15)
2026-05-27 11:43:36 TRACE o.s.s.w.h.writers.HstsHeaderWriter - Not injecting HSTS header since it did not match request to [Is Secure]
2026-05-27 11:43:36 TRACE o.s.security.web.FilterChainProxy - Trying to match request against DefaultSecurityFilterChain [RequestMatcher=any request, Filters=[org.springframework.security.web.session.DisableEncodeUrlFilter@117876d8, org.springframework.security.web.context.request.async.WebAsyncManagerIntegrationFilter@4c53d011, org.springframework.security.web.context.SecurityContextHolderFilter@6d999f5e, org.springframework.security.web.header.HeaderWriterFilter@32c060a2, org.springframework.web.filter.CorsFilter@6ce7d603, org.springframework.security.web.authentication.logout.LogoutFilter@420535e7, org.springframework.security.oauth2.client.web.OAuth2AuthorizationRequestRedirectFilter@510aec7f, org.springframework.security.oauth2.client.web.OAuth2LoginAuthenticationFilter@66e77234, com.utiitsl.DMSAuthService.config.auth.JwtAuthFilter@464d5651, org.springframework.security.web.savedrequest.RequestCacheAwareFilter@64388e14, org.springframework.security.web.servletapi.SecurityContextHolderAwareRequestFilter@720061c8, org.springframework.security.web.authentication.AnonymousAuthenticationFilter@3b44591e, org.springframework.security.web.session.SessionManagementFilter@22b119fb, org.springframework.security.web.access.ExceptionTranslationFilter@68da0e69, org.springframework.security.web.access.intercept.AuthorizationFilter@47e56f09]] (1/1)
2026-05-27 11:43:36 DEBUG o.s.security.web.FilterChainProxy - Securing POST /api/v1/auth/tokenWithCookie
2026-05-27 11:43:36 TRACE o.s.security.web.FilterChainProxy - Invoking DisableEncodeUrlFilter (1/15)
2026-05-27 11:43:36 TRACE o.s.security.web.FilterChainProxy - Invoking WebAsyncManagerIntegrationFilter (2/15)
2026-05-27 11:43:36 TRACE o.s.security.web.FilterChainProxy - Invoking SecurityContextHolderFilter (3/15)
2026-05-27 11:43:36 TRACE o.s.security.web.FilterChainProxy - Invoking HeaderWriterFilter (4/15)
2026-05-27 11:43:36 TRACE o.s.security.web.FilterChainProxy - Invoking CorsFilter (5/15)
2026-05-27 11:43:36 TRACE o.s.security.web.FilterChainProxy - Invoking LogoutFilter (6/15)
2026-05-27 11:43:36 TRACE o.s.s.w.a.logout.LogoutFilter - Did not match request to Or [Ant [pattern='/logout', GET], Ant [pattern='/logout', POST], Ant [pattern='/logout', PUT], Ant [pattern='/logout', DELETE]]
2026-05-27 11:43:36 TRACE o.s.security.web.FilterChainProxy - Invoking OAuth2AuthorizationRequestRedirectFilter (7/15)
2026-05-27 11:43:36 TRACE o.s.security.web.FilterChainProxy - Invoking OAuth2LoginAuthenticationFilter (8/15)
2026-05-27 11:43:36 TRACE o.s.s.o.c.w.OAuth2LoginAuthenticationFilter - Did not match request to Ant [pattern='/login/oauth2/code/*']
2026-05-27 11:43:36 TRACE o.s.security.web.FilterChainProxy - Invoking JwtAuthFilter (9/15)
2026-05-27 11:43:36 TRACE o.s.security.web.FilterChainProxy - Invoking RequestCacheAwareFilter (10/15)
2026-05-27 11:43:36 TRACE o.s.security.web.FilterChainProxy - Invoking SecurityContextHolderAwareRequestFilter (11/15)
2026-05-27 11:43:36 TRACE o.s.security.web.FilterChainProxy - Invoking AnonymousAuthenticationFilter (12/15)
2026-05-27 11:43:36 TRACE o.s.security.web.FilterChainProxy - Invoking SessionManagementFilter (13/15)
2026-05-27 11:43:36 TRACE o.s.s.w.c.SupplierDeferredSecurityContext - Created SecurityContextImpl [Null authentication]
2026-05-27 11:43:36 TRACE o.s.s.w.a.AnonymousAuthenticationFilter - Set SecurityContextHolder to AnonymousAuthenticationToken [Principal=anonymousUser, Credentials=[PROTECTED], Authenticated=true, Details=WebAuthenticationDetails [RemoteIpAddress=0:0:0:0:0:0:0:1, SessionId=null], Granted Authorities=[ROLE_ANONYMOUS]]
2026-05-27 11:43:36 TRACE o.s.security.web.FilterChainProxy - Invoking ExceptionTranslationFilter (14/15)
2026-05-27 11:43:36 TRACE o.s.security.web.FilterChainProxy - Invoking AuthorizationFilter (15/15)
2026-05-27 11:43:36 TRACE o.s.s.w.a.i.RequestMatcherDelegatingAuthorizationManager - Authorizing POST /api/v1/auth/tokenWithCookie
2026-05-27 11:43:36 TRACE o.s.s.w.a.i.RequestMatcherDelegatingAuthorizationManager - Checking authorization on POST /api/v1/auth/tokenWithCookie using org.springframework.security.config.annotation.web.configurers.AuthorizeHttpRequestsConfigurer$$Lambda/0x0000018c01a431d0@35603b3
2026-05-27 11:43:36 DEBUG o.s.security.web.FilterChainProxy - Secured POST /api/v1/auth/tokenWithCookie
2026-05-27 11:43:36 TRACE o.s.s.authentication.ProviderManager - Authenticating request with DaoAuthenticationProvider (1/1)
2026-05-27 11:43:36 DEBUG o.s.s.a.d.DaoAuthenticationProvider - Authenticated user
2026-05-27 11:43:36 TRACE o.s.s.w.h.writers.HstsHeaderWriter - Not injecting HSTS header since it did not match request to [Is Secure]
2026-05-27 11:43:36 TRACE o.s.security.web.FilterChainProxy - Trying to match request against DefaultSecurityFilterChain [RequestMatcher=any request, Filters=[org.springframework.security.web.session.DisableEncodeUrlFilter@117876d8, org.springframework.security.web.context.request.async.WebAsyncManagerIntegrationFilter@4c53d011, org.springframework.security.web.context.SecurityContextHolderFilter@6d999f5e, org.springframework.security.web.header.HeaderWriterFilter@32c060a2, org.springframework.web.filter.CorsFilter@6ce7d603, org.springframework.security.web.authentication.logout.LogoutFilter@420535e7, org.springframework.security.oauth2.client.web.OAuth2AuthorizationRequestRedirectFilter@510aec7f, org.springframework.security.oauth2.client.web.OAuth2LoginAuthenticationFilter@66e77234, com.utiitsl.DMSAuthService.config.auth.JwtAuthFilter@464d5651, org.springframework.security.web.savedrequest.RequestCacheAwareFilter@64388e14, org.springframework.security.web.servletapi.SecurityContextHolderAwareRequestFilter@720061c8, org.springframework.security.web.authentication.AnonymousAuthenticationFilter@3b44591e, org.springframework.security.web.session.SessionManagementFilter@22b119fb, org.springframework.security.web.access.ExceptionTranslationFilter@68da0e69, org.springframework.security.web.access.intercept.AuthorizationFilter@47e56f09]] (1/1)
2026-05-27 11:43:36 DEBUG o.s.security.web.FilterChainProxy - Securing GET /api/v1/auth/me
2026-05-27 11:43:36 TRACE o.s.security.web.FilterChainProxy - Invoking DisableEncodeUrlFilter (1/15)
2026-05-27 11:43:36 TRACE o.s.security.web.FilterChainProxy - Invoking WebAsyncManagerIntegrationFilter (2/15)
2026-05-27 11:43:36 TRACE o.s.security.web.FilterChainProxy - Invoking SecurityContextHolderFilter (3/15)
2026-05-27 11:43:36 TRACE o.s.security.web.FilterChainProxy - Invoking HeaderWriterFilter (4/15)
2026-05-27 11:43:36 TRACE o.s.security.web.FilterChainProxy - Invoking CorsFilter (5/15)
2026-05-27 11:43:36 TRACE o.s.security.web.FilterChainProxy - Invoking LogoutFilter (6/15)
2026-05-27 11:43:36 TRACE o.s.s.w.a.logout.LogoutFilter - Did not match request to Or [Ant [pattern='/logout', GET], Ant [pattern='/logout', POST], Ant [pattern='/logout', PUT], Ant [pattern='/logout', DELETE]]
2026-05-27 11:43:36 TRACE o.s.security.web.FilterChainProxy - Invoking OAuth2AuthorizationRequestRedirectFilter (7/15)
2026-05-27 11:43:36 TRACE o.s.security.web.FilterChainProxy - Invoking OAuth2LoginAuthenticationFilter (8/15)
2026-05-27 11:43:36 TRACE o.s.s.o.c.w.OAuth2LoginAuthenticationFilter - Did not match request to Ant [pattern='/login/oauth2/code/*']
2026-05-27 11:43:36 TRACE o.s.security.web.FilterChainProxy - Invoking JwtAuthFilter (9/15)
2026-05-27 11:43:36 TRACE o.s.security.web.FilterChainProxy - Invoking RequestCacheAwareFilter (10/15)
2026-05-27 11:43:36 TRACE o.s.security.web.FilterChainProxy - Invoking SecurityContextHolderAwareRequestFilter (11/15)
2026-05-27 11:43:36 TRACE o.s.security.web.FilterChainProxy - Invoking AnonymousAuthenticationFilter (12/15)
2026-05-27 11:43:36 TRACE o.s.security.web.FilterChainProxy - Invoking SessionManagementFilter (13/15)
2026-05-27 11:43:36 TRACE o.s.s.w.c.SupplierDeferredSecurityContext - Created SecurityContextImpl [Null authentication]
2026-05-27 11:43:36 TRACE o.s.s.w.a.AnonymousAuthenticationFilter - Set SecurityContextHolder to AnonymousAuthenticationToken [Principal=anonymousUser, Credentials=[PROTECTED], Authenticated=true, Details=WebAuthenticationDetails [RemoteIpAddress=0:0:0:0:0:0:0:1, SessionId=null], Granted Authorities=[ROLE_ANONYMOUS]]
2026-05-27 11:43:36 TRACE o.s.security.web.FilterChainProxy - Invoking ExceptionTranslationFilter (14/15)
2026-05-27 11:43:36 TRACE o.s.security.web.FilterChainProxy - Invoking AuthorizationFilter (15/15)
2026-05-27 11:43:36 TRACE o.s.s.w.a.i.RequestMatcherDelegatingAuthorizationManager - Authorizing GET /api/v1/auth/me
2026-05-27 11:43:36 TRACE o.s.s.w.a.i.RequestMatcherDelegatingAuthorizationManager - Checking authorization on GET /api/v1/auth/me using org.springframework.security.config.annotation.web.configurers.AuthorizeHttpRequestsConfigurer$$Lambda/0x0000018c01a431d0@35603b3
2026-05-27 11:43:36 DEBUG o.s.security.web.FilterChainProxy - Secured GET /api/v1/auth/me
2026-05-27 11:43:36 TRACE o.s.s.w.h.writers.HstsHeaderWriter - Not injecting HSTS header since it did not match request to [Is Secure]
2026-05-27 11:44:50 INFO  o.s.o.j.LocalContainerEntityManagerFactoryBean - Closing JPA EntityManagerFactory for persistence unit 'default'
2026-05-27 11:44:50 INFO  com.zaxxer.hikari.HikariDataSource - HikariPool-1 - Shutdown initiated...
2026-05-27 11:44:50 INFO  com.zaxxer.hikari.HikariDataSource - HikariPool-1 - Shutdown completed.
2026-05-27 11:44:54 INFO  c.u.D.DmsAuthServiceApplication - Starting DmsAuthServiceApplication using Java 21.0.6 with PID 6376 (C:\Users\mohammada1\Desktop\Invoice_Project\AuthService\target\classes started by mohammada1 in C:\Users\mohammada1\Desktop\Invoice_Project\AuthService)
2026-05-27 11:44:54 INFO  c.u.D.DmsAuthServiceApplication - The following 1 profile is active: "dev"
2026-05-27 11:44:54 INFO  o.s.b.d.e.DevToolsPropertyDefaultsPostProcessor - Devtools property defaults active! Set 'spring.devtools.add-properties' to 'false' to disable
2026-05-27 11:44:54 INFO  o.s.b.d.e.DevToolsPropertyDefaultsPostProcessor - For additional web related logging consider setting the 'logging.level.web' property to 'DEBUG'
2026-05-27 11:44:55 INFO  o.s.d.r.c.RepositoryConfigurationDelegate - Bootstrapping Spring Data JPA repositories in DEFAULT mode.
2026-05-27 11:44:56 INFO  o.s.d.r.c.RepositoryConfigurationDelegate - Finished Spring Data repository scanning in 130 ms. Found 3 JPA repository interfaces.
2026-05-27 11:44:57 INFO  o.s.b.w.e.tomcat.TomcatWebServer - Tomcat initialized with port 8282 (http)
2026-05-27 11:44:57 INFO  o.a.catalina.core.StandardService - Starting service [Tomcat]
2026-05-27 11:44:57 INFO  o.a.catalina.core.StandardEngine - Starting Servlet engine: [Apache Tomcat/10.1.28]
2026-05-27 11:44:57 INFO  o.a.c.c.C.[.[.[/authService] - Initializing Spring embedded WebApplicationContext
2026-05-27 11:44:57 INFO  o.s.b.w.s.c.ServletWebServerApplicationContext - Root WebApplicationContext: initialization completed in 3279 ms
2026-05-27 11:44:58 INFO  o.h.jpa.internal.util.LogHelper - HHH000204: Processing PersistenceUnitInfo [name: default]
2026-05-27 11:44:58 INFO  org.hibernate.Version - HHH000412: Hibernate ORM core version 6.4.10.Final
2026-05-27 11:44:58 INFO  o.h.c.i.RegionFactoryInitiator - HHH000026: Second-level cache disabled
2026-05-27 11:44:58 INFO  o.s.o.j.p.SpringPersistenceUnitInfo - No LoadTimeWeaver setup: ignoring JPA class transformer
2026-05-27 11:44:58 INFO  com.zaxxer.hikari.HikariDataSource - HikariPool-1 - Starting...
2026-05-27 11:44:59 INFO  com.zaxxer.hikari.pool.HikariPool - HikariPool-1 - Added connection com.mysql.cj.jdbc.ConnectionImpl@74bc2335
2026-05-27 11:44:59 INFO  com.zaxxer.hikari.HikariDataSource - HikariPool-1 - Start completed.
2026-05-27 11:45:00 INFO  o.h.e.t.j.p.i.JtaPlatformInitiator - HHH000489: No JTA platform available (set 'hibernate.transaction.jta.platform' to enable JTA platform integration)
2026-05-27 11:45:00 INFO  o.s.o.j.LocalContainerEntityManagerFactoryBean - Initialized JPA EntityManagerFactory for persistence unit 'default'
2026-05-27 11:45:01 INFO  o.s.d.j.r.query.QueryEnhancerFactory - Hibernate is in classpath; If applicable, HQL parser will be used.
2026-05-27 11:45:02 TRACE o.s.s.c.a.a.c.AuthenticationConfiguration$EnableGlobalAuthenticationAutowiredConfigurer - Eagerly initializing {securityConfiguration=com.utiitsl.DMSAuthService.config.auth.SecurityConfiguration$$SpringCGLIB$$0@49926247}
2026-05-27 11:45:02 DEBUG o.s.s.a.p.PrePostAnnotationSecurityMetadataSource - @org.springframework.security.access.prepost.PreAuthorize("hasAuthority(\'admin:delete\')") found on specific method: public org.springframework.http.ResponseEntity com.utiitsl.DMSAuthService.controller.dash.DashController.deleteUserById(java.lang.Integer)
2026-05-27 11:45:02 DEBUG o.s.s.a.m.DelegatingMethodSecurityMetadataSource - Caching method [CacheKey[com.utiitsl.DMSAuthService.controller.dash.DashController; public org.springframework.http.ResponseEntity com.utiitsl.DMSAuthService.controller.dash.DashController.deleteUserById(java.lang.Integer)]] with attributes [[authorize: 'hasAuthority('admin:delete')', filter: 'null', filterTarget: 'null']]
2026-05-27 11:45:02 TRACE o.s.s.a.i.a.MethodSecurityInterceptor - Validated configuration attributes
2026-05-27 11:45:02 DEBUG o.s.s.a.p.PrePostAnnotationSecurityMetadataSource - @org.springframework.security.access.prepost.PreAuthorize("hasAuthority(\'admin:update\')") found on specific method: public org.springframework.http.ResponseEntity com.utiitsl.DMSAuthService.controller.dash.DashController.updateUser(com.utiitsl.DMSAuthService.dto.UserDTO,java.lang.Integer)
2026-05-27 11:45:02 DEBUG o.s.s.a.m.DelegatingMethodSecurityMetadataSource - Caching method [CacheKey[com.utiitsl.DMSAuthService.controller.dash.DashController; public org.springframework.http.ResponseEntity com.utiitsl.DMSAuthService.controller.dash.DashController.updateUser(com.utiitsl.DMSAuthService.dto.UserDTO,java.lang.Integer)]] with attributes [[authorize: 'hasAuthority('admin:update')', filter: 'null', filterTarget: 'null']]
2026-05-27 11:45:02 DEBUG o.s.s.a.p.PrePostAnnotationSecurityMetadataSource - @org.springframework.security.access.prepost.PreAuthorize("hasRole(\'ROLE_APPLICATION_ADMIN\') or hasRole(\'ROLE_ADMIN\')") found on specific method: public org.springframework.http.ResponseEntity com.utiitsl.DMSAuthService.controller.user.UserController.register(com.utiitsl.DMSAuthService.dto.RegisterRequestDTO,java.lang.String,jakarta.servlet.http.HttpServletRequest)
2026-05-27 11:45:02 DEBUG o.s.s.a.m.DelegatingMethodSecurityMetadataSource - Caching method [CacheKey[com.utiitsl.DMSAuthService.controller.user.UserController; public org.springframework.http.ResponseEntity com.utiitsl.DMSAuthService.controller.user.UserController.register(com.utiitsl.DMSAuthService.dto.RegisterRequestDTO,java.lang.String,jakarta.servlet.http.HttpServletRequest)]] with attributes [[authorize: 'hasRole('ROLE_APPLICATION_ADMIN') or hasRole('ROLE_ADMIN')', filter: 'null', filterTarget: 'null']]
2026-05-27 11:45:02 DEBUG o.s.s.a.p.PrePostAnnotationSecurityMetadataSource - @org.springframework.security.access.prepost.PreAuthorize("hasRole(\'ROLE_APPLICATION_ADMIN\') or hasRole(\'ROLE_ADMIN\')") found on specific method: public org.springframework.http.ResponseEntity com.utiitsl.DMSAuthService.controller.user.UserController.getAllUser(int,int,java.lang.String,jakarta.servlet.http.HttpServletRequest)
2026-05-27 11:45:02 DEBUG o.s.s.a.m.DelegatingMethodSecurityMetadataSource - Caching method [CacheKey[com.utiitsl.DMSAuthService.controller.user.UserController; public org.springframework.http.ResponseEntity com.utiitsl.DMSAuthService.controller.user.UserController.getAllUser(int,int,java.lang.String,jakarta.servlet.http.HttpServletRequest)]] with attributes [[authorize: 'hasRole('ROLE_APPLICATION_ADMIN') or hasRole('ROLE_ADMIN')', filter: 'null', filterTarget: 'null']]
2026-05-27 11:45:02 DEBUG o.s.s.a.p.PrePostAnnotationSecurityMetadataSource - @org.springframework.security.access.prepost.PreAuthorize("hasRole(\'ROLE_APPLICATION_ADMIN\') or hasRole(\'ROLE_ADMIN\')") found on specific method: public org.springframework.http.ResponseEntity com.utiitsl.DMSAuthService.controller.user.UserController.activateDeactivateUser(java.lang.String,boolean)
2026-05-27 11:45:02 DEBUG o.s.s.a.m.DelegatingMethodSecurityMetadataSource - Caching method [CacheKey[com.utiitsl.DMSAuthService.controller.user.UserController; public org.springframework.http.ResponseEntity com.utiitsl.DMSAuthService.controller.user.UserController.activateDeactivateUser(java.lang.String,boolean)]] with attributes [[authorize: 'hasRole('ROLE_APPLICATION_ADMIN') or hasRole('ROLE_ADMIN')', filter: 'null', filterTarget: 'null']]
2026-05-27 11:45:02 WARN  o.s.b.a.o.j.JpaBaseConfiguration$JpaWebConfiguration - spring.jpa.open-in-view is enabled by default. Therefore, database queries may be performed during view rendering. Explicitly configure spring.jpa.open-in-view to disable this warning
2026-05-27 11:45:04 INFO  o.s.s.web.DefaultSecurityFilterChain - Will secure any request with [org.springframework.security.web.session.DisableEncodeUrlFilter@771a1078, org.springframework.security.web.context.request.async.WebAsyncManagerIntegrationFilter@706a2561, org.springframework.security.web.context.SecurityContextHolderFilter@7a84a8a0, org.springframework.security.web.header.HeaderWriterFilter@37bb6944, org.springframework.web.filter.CorsFilter@34973e3c, org.springframework.security.web.authentication.logout.LogoutFilter@550a45cf, org.springframework.security.oauth2.client.web.OAuth2AuthorizationRequestRedirectFilter@542e4890, org.springframework.security.oauth2.client.web.OAuth2LoginAuthenticationFilter@1092fcb6, com.utiitsl.DMSAuthService.config.auth.JwtAuthFilter@1baa701d, org.springframework.security.web.savedrequest.RequestCacheAwareFilter@2b5f4b17, org.springframework.security.web.servletapi.SecurityContextHolderAwareRequestFilter@657d2454, org.springframework.security.web.authentication.AnonymousAuthenticationFilter@2e1db961, org.springframework.security.web.session.SessionManagementFilter@187b2c82, org.springframework.security.web.access.ExceptionTranslationFilter@2ad9360f, org.springframework.security.web.access.intercept.AuthorizationFilter@7cbdc31e]
2026-05-27 11:45:05 INFO  o.s.b.d.a.OptionalLiveReloadServer - LiveReload server is running on port 35729
2026-05-27 11:45:05 INFO  o.s.b.w.e.tomcat.TomcatWebServer - Tomcat started on port 8282 (http) with context path '/authService'
2026-05-27 11:45:05 INFO  c.u.D.DmsAuthServiceApplication - Started DmsAuthServiceApplication in 11.442 seconds (process running for 12.563)
2026-05-27 11:46:23 INFO  o.s.o.j.LocalContainerEntityManagerFactoryBean - Closing JPA EntityManagerFactory for persistence unit 'default'
2026-05-27 11:46:23 INFO  com.zaxxer.hikari.HikariDataSource - HikariPool-1 - Shutdown initiated...
2026-05-27 11:46:23 INFO  com.zaxxer.hikari.HikariDataSource - HikariPool-1 - Shutdown completed.
2026-05-27 11:46:29 INFO  c.u.D.DmsAuthServiceApplication - Starting DmsAuthServiceApplication using Java 21.0.6 with PID 32296 (C:\Users\mohammada1\Desktop\Invoice_Project\AuthService\target\classes started by mohammada1 in C:\Users\mohammada1\Desktop\Invoice_Project\AuthService)
2026-05-27 11:46:29 INFO  c.u.D.DmsAuthServiceApplication - The following 1 profile is active: "dev"
2026-05-27 11:46:29 INFO  o.s.b.d.e.DevToolsPropertyDefaultsPostProcessor - Devtools property defaults active! Set 'spring.devtools.add-properties' to 'false' to disable
2026-05-27 11:46:29 INFO  o.s.b.d.e.DevToolsPropertyDefaultsPostProcessor - For additional web related logging consider setting the 'logging.level.web' property to 'DEBUG'
2026-05-27 11:46:30 INFO  o.s.d.r.c.RepositoryConfigurationDelegate - Bootstrapping Spring Data JPA repositories in DEFAULT mode.
2026-05-27 11:46:31 INFO  o.s.d.r.c.RepositoryConfigurationDelegate - Finished Spring Data repository scanning in 127 ms. Found 3 JPA repository interfaces.
2026-05-27 11:46:32 INFO  o.s.b.w.e.tomcat.TomcatWebServer - Tomcat initialized with port 8282 (http)
2026-05-27 11:46:32 INFO  o.a.catalina.core.StandardService - Starting service [Tomcat]
2026-05-27 11:46:32 INFO  o.a.catalina.core.StandardEngine - Starting Servlet engine: [Apache Tomcat/10.1.28]
2026-05-27 11:46:32 INFO  o.a.c.c.C.[.[.[/authService] - Initializing Spring embedded WebApplicationContext
2026-05-27 11:46:32 INFO  o.s.b.w.s.c.ServletWebServerApplicationContext - Root WebApplicationContext: initialization completed in 3159 ms
2026-05-27 11:46:32 INFO  o.h.jpa.internal.util.LogHelper - HHH000204: Processing PersistenceUnitInfo [name: default]
2026-05-27 11:46:33 INFO  org.hibernate.Version - HHH000412: Hibernate ORM core version 6.4.10.Final
2026-05-27 11:46:33 INFO  o.h.c.i.RegionFactoryInitiator - HHH000026: Second-level cache disabled
2026-05-27 11:46:33 INFO  o.s.o.j.p.SpringPersistenceUnitInfo - No LoadTimeWeaver setup: ignoring JPA class transformer
2026-05-27 11:46:33 INFO  com.zaxxer.hikari.HikariDataSource - HikariPool-1 - Starting...
2026-05-27 11:46:34 INFO  com.zaxxer.hikari.pool.HikariPool - HikariPool-1 - Added connection com.mysql.cj.jdbc.ConnectionImpl@5f231157
2026-05-27 11:46:34 INFO  com.zaxxer.hikari.HikariDataSource - HikariPool-1 - Start completed.
2026-05-27 11:46:35 INFO  o.h.e.t.j.p.i.JtaPlatformInitiator - HHH000489: No JTA platform available (set 'hibernate.transaction.jta.platform' to enable JTA platform integration)
2026-05-27 11:46:35 INFO  o.s.o.j.LocalContainerEntityManagerFactoryBean - Initialized JPA EntityManagerFactory for persistence unit 'default'
2026-05-27 11:46:36 INFO  o.s.d.j.r.query.QueryEnhancerFactory - Hibernate is in classpath; If applicable, HQL parser will be used.
2026-05-27 11:46:37 TRACE o.s.s.c.a.a.c.AuthenticationConfiguration$EnableGlobalAuthenticationAutowiredConfigurer - Eagerly initializing {securityConfiguration=com.utiitsl.DMSAuthService.config.auth.SecurityConfiguration$$SpringCGLIB$$0@14ceb936}
2026-05-27 11:46:37 DEBUG o.s.s.a.p.PrePostAnnotationSecurityMetadataSource - @org.springframework.security.access.prepost.PreAuthorize("hasAuthority(\'admin:delete\')") found on specific method: public org.springframework.http.ResponseEntity com.utiitsl.DMSAuthService.controller.dash.DashController.deleteUserById(java.lang.Integer)
2026-05-27 11:46:37 DEBUG o.s.s.a.m.DelegatingMethodSecurityMetadataSource - Caching method [CacheKey[com.utiitsl.DMSAuthService.controller.dash.DashController; public org.springframework.http.ResponseEntity com.utiitsl.DMSAuthService.controller.dash.DashController.deleteUserById(java.lang.Integer)]] with attributes [[authorize: 'hasAuthority('admin:delete')', filter: 'null', filterTarget: 'null']]
2026-05-27 11:46:37 TRACE o.s.s.a.i.a.MethodSecurityInterceptor - Validated configuration attributes
2026-05-27 11:46:37 DEBUG o.s.s.a.p.PrePostAnnotationSecurityMetadataSource - @org.springframework.security.access.prepost.PreAuthorize("hasAuthority(\'admin:update\')") found on specific method: public org.springframework.http.ResponseEntity com.utiitsl.DMSAuthService.controller.dash.DashController.updateUser(com.utiitsl.DMSAuthService.dto.UserDTO,java.lang.Integer)
2026-05-27 11:46:37 DEBUG o.s.s.a.m.DelegatingMethodSecurityMetadataSource - Caching method [CacheKey[com.utiitsl.DMSAuthService.controller.dash.DashController; public org.springframework.http.ResponseEntity com.utiitsl.DMSAuthService.controller.dash.DashController.updateUser(com.utiitsl.DMSAuthService.dto.UserDTO,java.lang.Integer)]] with attributes [[authorize: 'hasAuthority('admin:update')', filter: 'null', filterTarget: 'null']]
2026-05-27 11:46:37 DEBUG o.s.s.a.p.PrePostAnnotationSecurityMetadataSource - @org.springframework.security.access.prepost.PreAuthorize("hasRole(\'ROLE_APPLICATION_ADMIN\') or hasRole(\'ROLE_ADMIN\')") found on specific method: public org.springframework.http.ResponseEntity com.utiitsl.DMSAuthService.controller.user.UserController.register(com.utiitsl.DMSAuthService.dto.RegisterRequestDTO,java.lang.String,jakarta.servlet.http.HttpServletRequest)
2026-05-27 11:46:37 DEBUG o.s.s.a.m.DelegatingMethodSecurityMetadataSource - Caching method [CacheKey[com.utiitsl.DMSAuthService.controller.user.UserController; public org.springframework.http.ResponseEntity com.utiitsl.DMSAuthService.controller.user.UserController.register(com.utiitsl.DMSAuthService.dto.RegisterRequestDTO,java.lang.String,jakarta.servlet.http.HttpServletRequest)]] with attributes [[authorize: 'hasRole('ROLE_APPLICATION_ADMIN') or hasRole('ROLE_ADMIN')', filter: 'null', filterTarget: 'null']]
2026-05-27 11:46:37 DEBUG o.s.s.a.p.PrePostAnnotationSecurityMetadataSource - @org.springframework.security.access.prepost.PreAuthorize("hasRole(\'ROLE_APPLICATION_ADMIN\') or hasRole(\'ROLE_ADMIN\')") found on specific method: public org.springframework.http.ResponseEntity com.utiitsl.DMSAuthService.controller.user.UserController.getAllUser(int,int,java.lang.String,jakarta.servlet.http.HttpServletRequest)
2026-05-27 11:46:37 DEBUG o.s.s.a.m.DelegatingMethodSecurityMetadataSource - Caching method [CacheKey[com.utiitsl.DMSAuthService.controller.user.UserController; public org.springframework.http.ResponseEntity com.utiitsl.DMSAuthService.controller.user.UserController.getAllUser(int,int,java.lang.String,jakarta.servlet.http.HttpServletRequest)]] with attributes [[authorize: 'hasRole('ROLE_APPLICATION_ADMIN') or hasRole('ROLE_ADMIN')', filter: 'null', filterTarget: 'null']]
2026-05-27 11:46:37 DEBUG o.s.s.a.p.PrePostAnnotationSecurityMetadataSource - @org.springframework.security.access.prepost.PreAuthorize("hasRole(\'ROLE_APPLICATION_ADMIN\') or hasRole(\'ROLE_ADMIN\')") found on specific method: public org.springframework.http.ResponseEntity com.utiitsl.DMSAuthService.controller.user.UserController.activateDeactivateUser(java.lang.String,boolean)
2026-05-27 11:46:37 DEBUG o.s.s.a.m.DelegatingMethodSecurityMetadataSource - Caching method [CacheKey[com.utiitsl.DMSAuthService.controller.user.UserController; public org.springframework.http.ResponseEntity com.utiitsl.DMSAuthService.controller.user.UserController.activateDeactivateUser(java.lang.String,boolean)]] with attributes [[authorize: 'hasRole('ROLE_APPLICATION_ADMIN') or hasRole('ROLE_ADMIN')', filter: 'null', filterTarget: 'null']]
2026-05-27 11:46:37 WARN  o.s.b.a.o.j.JpaBaseConfiguration$JpaWebConfiguration - spring.jpa.open-in-view is enabled by default. Therefore, database queries may be performed during view rendering. Explicitly configure spring.jpa.open-in-view to disable this warning
2026-05-27 11:46:39 INFO  o.s.s.web.DefaultSecurityFilterChain - Will secure any request with [org.springframework.security.web.session.DisableEncodeUrlFilter@5ccc5e43, org.springframework.security.web.context.request.async.WebAsyncManagerIntegrationFilter@1092fcb6, org.springframework.security.web.context.SecurityContextHolderFilter@7bf114bd, org.springframework.security.web.header.HeaderWriterFilter@7c6cecd5, org.springframework.web.filter.CorsFilter@36de4cfc, org.springframework.security.web.authentication.logout.LogoutFilter@463be164, org.springframework.security.oauth2.client.web.OAuth2AuthorizationRequestRedirectFilter@14f91076, org.springframework.security.oauth2.client.web.OAuth2LoginAuthenticationFilter@8888357, com.utiitsl.DMSAuthService.config.auth.JwtAuthFilter@10e5ba86, org.springframework.security.web.savedrequest.RequestCacheAwareFilter@653eb57f, org.springframework.security.web.servletapi.SecurityContextHolderAwareRequestFilter@7a84a8a0, org.springframework.security.web.authentication.AnonymousAuthenticationFilter@491a615e, org.springframework.security.web.session.SessionManagementFilter@2ad9360f, org.springframework.security.web.access.ExceptionTranslationFilter@6d4c06a7, org.springframework.security.web.access.intercept.AuthorizationFilter@1036fbe5]
2026-05-27 11:46:39 INFO  o.s.b.d.a.OptionalLiveReloadServer - LiveReload server is running on port 35729
2026-05-27 11:46:39 INFO  o.s.b.w.e.tomcat.TomcatWebServer - Tomcat started on port 8282 (http) with context path '/authService'
2026-05-27 11:46:40 INFO  c.u.D.DmsAuthServiceApplication - Started DmsAuthServiceApplication in 11.258 seconds (process running for 12.415)
2026-05-27 11:47:06 INFO  o.a.c.c.C.[.[.[/authService] - Initializing Spring DispatcherServlet 'dispatcherServlet'
2026-05-27 11:47:06 INFO  o.s.web.servlet.DispatcherServlet - Initializing Servlet 'dispatcherServlet'
2026-05-27 11:47:06 INFO  o.s.web.servlet.DispatcherServlet - Completed initialization in 3 ms
2026-05-27 11:47:06 TRACE o.s.security.web.FilterChainProxy - Trying to match request against DefaultSecurityFilterChain [RequestMatcher=any request, Filters=[org.springframework.security.web.session.DisableEncodeUrlFilter@5ccc5e43, org.springframework.security.web.context.request.async.WebAsyncManagerIntegrationFilter@1092fcb6, org.springframework.security.web.context.SecurityContextHolderFilter@7bf114bd, org.springframework.security.web.header.HeaderWriterFilter@7c6cecd5, org.springframework.web.filter.CorsFilter@36de4cfc, org.springframework.security.web.authentication.logout.LogoutFilter@463be164, org.springframework.security.oauth2.client.web.OAuth2AuthorizationRequestRedirectFilter@14f91076, org.springframework.security.oauth2.client.web.OAuth2LoginAuthenticationFilter@8888357, com.utiitsl.DMSAuthService.config.auth.JwtAuthFilter@10e5ba86, org.springframework.security.web.savedrequest.RequestCacheAwareFilter@653eb57f, org.springframework.security.web.servletapi.SecurityContextHolderAwareRequestFilter@7a84a8a0, org.springframework.security.web.authentication.AnonymousAuthenticationFilter@491a615e, org.springframework.security.web.session.SessionManagementFilter@2ad9360f, org.springframework.security.web.access.ExceptionTranslationFilter@6d4c06a7, org.springframework.security.web.access.intercept.AuthorizationFilter@1036fbe5]] (1/1)
2026-05-27 11:47:06 DEBUG o.s.security.web.FilterChainProxy - Securing OPTIONS /api/v1/auth/tokenWithCookie
2026-05-27 11:47:06 TRACE o.s.security.web.FilterChainProxy - Invoking DisableEncodeUrlFilter (1/15)
2026-05-27 11:47:06 TRACE o.s.security.web.FilterChainProxy - Invoking WebAsyncManagerIntegrationFilter (2/15)
2026-05-27 11:47:06 TRACE o.s.security.web.FilterChainProxy - Invoking SecurityContextHolderFilter (3/15)
2026-05-27 11:47:06 TRACE o.s.security.web.FilterChainProxy - Invoking HeaderWriterFilter (4/15)
2026-05-27 11:47:06 TRACE o.s.security.web.FilterChainProxy - Invoking CorsFilter (5/15)
2026-05-27 11:47:06 TRACE o.s.s.w.h.writers.HstsHeaderWriter - Not injecting HSTS header since it did not match request to [Is Secure]
2026-05-27 11:47:06 TRACE o.s.security.web.FilterChainProxy - Trying to match request against DefaultSecurityFilterChain [RequestMatcher=any request, Filters=[org.springframework.security.web.session.DisableEncodeUrlFilter@5ccc5e43, org.springframework.security.web.context.request.async.WebAsyncManagerIntegrationFilter@1092fcb6, org.springframework.security.web.context.SecurityContextHolderFilter@7bf114bd, org.springframework.security.web.header.HeaderWriterFilter@7c6cecd5, org.springframework.web.filter.CorsFilter@36de4cfc, org.springframework.security.web.authentication.logout.LogoutFilter@463be164, org.springframework.security.oauth2.client.web.OAuth2AuthorizationRequestRedirectFilter@14f91076, org.springframework.security.oauth2.client.web.OAuth2LoginAuthenticationFilter@8888357, com.utiitsl.DMSAuthService.config.auth.JwtAuthFilter@10e5ba86, org.springframework.security.web.savedrequest.RequestCacheAwareFilter@653eb57f, org.springframework.security.web.servletapi.SecurityContextHolderAwareRequestFilter@7a84a8a0, org.springframework.security.web.authentication.AnonymousAuthenticationFilter@491a615e, org.springframework.security.web.session.SessionManagementFilter@2ad9360f, org.springframework.security.web.access.ExceptionTranslationFilter@6d4c06a7, org.springframework.security.web.access.intercept.AuthorizationFilter@1036fbe5]] (1/1)
2026-05-27 11:47:06 DEBUG o.s.security.web.FilterChainProxy - Securing POST /api/v1/auth/tokenWithCookie
2026-05-27 11:47:06 TRACE o.s.security.web.FilterChainProxy - Invoking DisableEncodeUrlFilter (1/15)
2026-05-27 11:47:06 TRACE o.s.security.web.FilterChainProxy - Invoking WebAsyncManagerIntegrationFilter (2/15)
2026-05-27 11:47:06 TRACE o.s.security.web.FilterChainProxy - Invoking SecurityContextHolderFilter (3/15)
2026-05-27 11:47:06 TRACE o.s.security.web.FilterChainProxy - Invoking HeaderWriterFilter (4/15)
2026-05-27 11:47:06 TRACE o.s.security.web.FilterChainProxy - Invoking CorsFilter (5/15)
2026-05-27 11:47:06 TRACE o.s.security.web.FilterChainProxy - Invoking LogoutFilter (6/15)
2026-05-27 11:47:06 TRACE o.s.s.w.a.logout.LogoutFilter - Did not match request to Or [Ant [pattern='/logout', GET], Ant [pattern='/logout', POST], Ant [pattern='/logout', PUT], Ant [pattern='/logout', DELETE]]
2026-05-27 11:47:06 TRACE o.s.security.web.FilterChainProxy - Invoking OAuth2AuthorizationRequestRedirectFilter (7/15)
2026-05-27 11:47:06 TRACE o.s.security.web.FilterChainProxy - Invoking OAuth2LoginAuthenticationFilter (8/15)
2026-05-27 11:47:06 TRACE o.s.s.o.c.w.OAuth2LoginAuthenticationFilter - Did not match request to Ant [pattern='/login/oauth2/code/*']
2026-05-27 11:47:06 TRACE o.s.security.web.FilterChainProxy - Invoking JwtAuthFilter (9/15)
2026-05-27 11:47:12 TRACE o.s.security.web.FilterChainProxy - Invoking RequestCacheAwareFilter (10/15)
2026-05-27 11:47:12 TRACE o.s.security.web.FilterChainProxy - Invoking SecurityContextHolderAwareRequestFilter (11/15)
2026-05-27 11:47:12 TRACE o.s.security.web.FilterChainProxy - Invoking AnonymousAuthenticationFilter (12/15)
2026-05-27 11:47:12 TRACE o.s.security.web.FilterChainProxy - Invoking SessionManagementFilter (13/15)
2026-05-27 11:47:12 TRACE o.s.s.w.c.SupplierDeferredSecurityContext - Created SecurityContextImpl [Null authentication]
2026-05-27 11:47:12 TRACE o.s.s.w.a.AnonymousAuthenticationFilter - Set SecurityContextHolder to AnonymousAuthenticationToken [Principal=anonymousUser, Credentials=[PROTECTED], Authenticated=true, Details=WebAuthenticationDetails [RemoteIpAddress=0:0:0:0:0:0:0:1, SessionId=null], Granted Authorities=[ROLE_ANONYMOUS]]
2026-05-27 11:47:12 TRACE o.s.security.web.FilterChainProxy - Invoking ExceptionTranslationFilter (14/15)
2026-05-27 11:47:12 TRACE o.s.security.web.FilterChainProxy - Invoking AuthorizationFilter (15/15)
2026-05-27 11:47:12 TRACE o.s.s.w.a.i.RequestMatcherDelegatingAuthorizationManager - Authorizing POST /api/v1/auth/tokenWithCookie
2026-05-27 11:47:12 TRACE o.s.s.w.a.i.RequestMatcherDelegatingAuthorizationManager - Checking authorization on POST /api/v1/auth/tokenWithCookie using org.springframework.security.config.annotation.web.configurers.AuthorizeHttpRequestsConfigurer$$Lambda/0x000001c1dfae5708@4008cecf
2026-05-27 11:47:12 DEBUG o.s.security.web.FilterChainProxy - Secured POST /api/v1/auth/tokenWithCookie
2026-05-27 11:47:12 TRACE o.s.s.authentication.ProviderManager - Authenticating request with DaoAuthenticationProvider (1/1)
2026-05-27 11:47:12 DEBUG o.s.s.a.d.DaoAuthenticationProvider - Authenticated user
2026-05-27 11:47:12 TRACE o.s.s.w.h.writers.HstsHeaderWriter - Not injecting HSTS header since it did not match request to [Is Secure]
2026-05-27 11:47:13 TRACE o.s.security.web.FilterChainProxy - Trying to match request against DefaultSecurityFilterChain [RequestMatcher=any request, Filters=[org.springframework.security.web.session.DisableEncodeUrlFilter@5ccc5e43, org.springframework.security.web.context.request.async.WebAsyncManagerIntegrationFilter@1092fcb6, org.springframework.security.web.context.SecurityContextHolderFilter@7bf114bd, org.springframework.security.web.header.HeaderWriterFilter@7c6cecd5, org.springframework.web.filter.CorsFilter@36de4cfc, org.springframework.security.web.authentication.logout.LogoutFilter@463be164, org.springframework.security.oauth2.client.web.OAuth2AuthorizationRequestRedirectFilter@14f91076, org.springframework.security.oauth2.client.web.OAuth2LoginAuthenticationFilter@8888357, com.utiitsl.DMSAuthService.config.auth.JwtAuthFilter@10e5ba86, org.springframework.security.web.savedrequest.RequestCacheAwareFilter@653eb57f, org.springframework.security.web.servletapi.SecurityContextHolderAwareRequestFilter@7a84a8a0, org.springframework.security.web.authentication.AnonymousAuthenticationFilter@491a615e, org.springframework.security.web.session.SessionManagementFilter@2ad9360f, org.springframework.security.web.access.ExceptionTranslationFilter@6d4c06a7, org.springframework.security.web.access.intercept.AuthorizationFilter@1036fbe5]] (1/1)
2026-05-27 11:47:13 DEBUG o.s.security.web.FilterChainProxy - Securing GET /api/v1/auth/me
2026-05-27 11:47:13 TRACE o.s.security.web.FilterChainProxy - Invoking DisableEncodeUrlFilter (1/15)
2026-05-27 11:47:13 TRACE o.s.security.web.FilterChainProxy - Invoking WebAsyncManagerIntegrationFilter (2/15)
2026-05-27 11:47:13 TRACE o.s.security.web.FilterChainProxy - Invoking SecurityContextHolderFilter (3/15)
2026-05-27 11:47:13 TRACE o.s.security.web.FilterChainProxy - Invoking HeaderWriterFilter (4/15)
2026-05-27 11:47:13 TRACE o.s.security.web.FilterChainProxy - Invoking CorsFilter (5/15)
2026-05-27 11:47:13 TRACE o.s.security.web.FilterChainProxy - Invoking LogoutFilter (6/15)
2026-05-27 11:47:13 TRACE o.s.s.w.a.logout.LogoutFilter - Did not match request to Or [Ant [pattern='/logout', GET], Ant [pattern='/logout', POST], Ant [pattern='/logout', PUT], Ant [pattern='/logout', DELETE]]
2026-05-27 11:47:13 TRACE o.s.security.web.FilterChainProxy - Invoking OAuth2AuthorizationRequestRedirectFilter (7/15)
2026-05-27 11:47:13 TRACE o.s.security.web.FilterChainProxy - Invoking OAuth2LoginAuthenticationFilter (8/15)
2026-05-27 11:47:13 TRACE o.s.s.o.c.w.OAuth2LoginAuthenticationFilter - Did not match request to Ant [pattern='/login/oauth2/code/*']
2026-05-27 11:47:13 TRACE o.s.security.web.FilterChainProxy - Invoking JwtAuthFilter (9/15)
2026-05-27 11:47:15 TRACE o.s.security.web.FilterChainProxy - Invoking RequestCacheAwareFilter (10/15)
2026-05-27 11:47:15 TRACE o.s.security.web.FilterChainProxy - Invoking SecurityContextHolderAwareRequestFilter (11/15)
2026-05-27 11:47:15 TRACE o.s.security.web.FilterChainProxy - Invoking AnonymousAuthenticationFilter (12/15)
2026-05-27 11:47:15 TRACE o.s.security.web.FilterChainProxy - Invoking SessionManagementFilter (13/15)
2026-05-27 11:47:15 TRACE o.s.s.w.c.SupplierDeferredSecurityContext - Created SecurityContextImpl [Null authentication]
2026-05-27 11:47:15 TRACE o.s.s.w.a.AnonymousAuthenticationFilter - Set SecurityContextHolder to AnonymousAuthenticationToken [Principal=anonymousUser, Credentials=[PROTECTED], Authenticated=true, Details=WebAuthenticationDetails [RemoteIpAddress=0:0:0:0:0:0:0:1, SessionId=null], Granted Authorities=[ROLE_ANONYMOUS]]
2026-05-27 11:47:15 TRACE o.s.security.web.FilterChainProxy - Invoking ExceptionTranslationFilter (14/15)
2026-05-27 11:47:15 TRACE o.s.security.web.FilterChainProxy - Invoking AuthorizationFilter (15/15)
2026-05-27 11:47:15 TRACE o.s.s.w.a.i.RequestMatcherDelegatingAuthorizationManager - Authorizing GET /api/v1/auth/me
2026-05-27 11:47:15 TRACE o.s.s.w.a.i.RequestMatcherDelegatingAuthorizationManager - Checking authorization on GET /api/v1/auth/me using org.springframework.security.config.annotation.web.configurers.AuthorizeHttpRequestsConfigurer$$Lambda/0x000001c1dfae5708@4008cecf
2026-05-27 11:47:15 DEBUG o.s.security.web.FilterChainProxy - Secured GET /api/v1/auth/me
2026-05-27 11:47:16 TRACE o.s.s.w.h.writers.HstsHeaderWriter - Not injecting HSTS header since it did not match request to [Is Secure]
2026-05-27 11:53:30 INFO  o.s.o.j.LocalContainerEntityManagerFactoryBean - Closing JPA EntityManagerFactory for persistence unit 'default'
2026-05-27 11:53:30 INFO  com.zaxxer.hikari.HikariDataSource - HikariPool-1 - Shutdown initiated...
2026-05-27 11:53:30 INFO  com.zaxxer.hikari.HikariDataSource - HikariPool-1 - Shutdown completed.
2026-05-27 11:53:34 INFO  c.u.D.DmsAuthServiceApplication - Starting DmsAuthServiceApplication using Java 21.0.6 with PID 31888 (C:\Users\mohammada1\Desktop\Invoice_Project\AuthService\target\classes started by mohammada1 in C:\Users\mohammada1\Desktop\Invoice_Project\AuthService)
2026-05-27 11:53:34 INFO  c.u.D.DmsAuthServiceApplication - The following 1 profile is active: "dev"
2026-05-27 11:53:34 INFO  o.s.b.d.e.DevToolsPropertyDefaultsPostProcessor - Devtools property defaults active! Set 'spring.devtools.add-properties' to 'false' to disable
2026-05-27 11:53:34 INFO  o.s.b.d.e.DevToolsPropertyDefaultsPostProcessor - For additional web related logging consider setting the 'logging.level.web' property to 'DEBUG'
2026-05-27 11:53:35 INFO  o.s.d.r.c.RepositoryConfigurationDelegate - Bootstrapping Spring Data JPA repositories in DEFAULT mode.
2026-05-27 11:53:35 INFO  o.s.d.r.c.RepositoryConfigurationDelegate - Finished Spring Data repository scanning in 104 ms. Found 3 JPA repository interfaces.
2026-05-27 11:53:36 INFO  o.s.b.w.e.tomcat.TomcatWebServer - Tomcat initialized with port 8282 (http)
2026-05-27 11:53:36 INFO  o.a.catalina.core.StandardService - Starting service [Tomcat]
2026-05-27 11:53:36 INFO  o.a.catalina.core.StandardEngine - Starting Servlet engine: [Apache Tomcat/10.1.28]
2026-05-27 11:53:37 INFO  o.a.c.c.C.[.[.[/authService] - Initializing Spring embedded WebApplicationContext
2026-05-27 11:53:37 INFO  o.s.b.w.s.c.ServletWebServerApplicationContext - Root WebApplicationContext: initialization completed in 2689 ms
2026-05-27 11:53:37 INFO  o.h.jpa.internal.util.LogHelper - HHH000204: Processing PersistenceUnitInfo [name: default]
2026-05-27 11:53:37 INFO  org.hibernate.Version - HHH000412: Hibernate ORM core version 6.4.10.Final
2026-05-27 11:53:37 INFO  o.h.c.i.RegionFactoryInitiator - HHH000026: Second-level cache disabled
2026-05-27 11:53:37 INFO  o.s.o.j.p.SpringPersistenceUnitInfo - No LoadTimeWeaver setup: ignoring JPA class transformer
2026-05-27 11:53:37 INFO  com.zaxxer.hikari.HikariDataSource - HikariPool-1 - Starting...
2026-05-27 11:53:38 INFO  com.zaxxer.hikari.pool.HikariPool - HikariPool-1 - Added connection com.mysql.cj.jdbc.ConnectionImpl@75f0788a
2026-05-27 11:53:38 INFO  com.zaxxer.hikari.HikariDataSource - HikariPool-1 - Start completed.
2026-05-27 11:53:39 INFO  o.h.e.t.j.p.i.JtaPlatformInitiator - HHH000489: No JTA platform available (set 'hibernate.transaction.jta.platform' to enable JTA platform integration)
2026-05-27 11:53:39 INFO  o.s.o.j.LocalContainerEntityManagerFactoryBean - Initialized JPA EntityManagerFactory for persistence unit 'default'
2026-05-27 11:53:39 INFO  o.s.d.j.r.query.QueryEnhancerFactory - Hibernate is in classpath; If applicable, HQL parser will be used.
2026-05-27 11:53:40 TRACE o.s.s.c.a.a.c.AuthenticationConfiguration$EnableGlobalAuthenticationAutowiredConfigurer - Eagerly initializing {securityConfiguration=com.utiitsl.DMSAuthService.config.auth.SecurityConfiguration$$SpringCGLIB$$0@3f6bc3df}
2026-05-27 11:53:40 DEBUG o.s.s.a.p.PrePostAnnotationSecurityMetadataSource - @org.springframework.security.access.prepost.PreAuthorize("hasAuthority(\'admin:update\')") found on specific method: public org.springframework.http.ResponseEntity com.utiitsl.DMSAuthService.controller.dash.DashController.updateUser(com.utiitsl.DMSAuthService.dto.UserDTO,java.lang.Integer)
2026-05-27 11:53:40 DEBUG o.s.s.a.m.DelegatingMethodSecurityMetadataSource - Caching method [CacheKey[com.utiitsl.DMSAuthService.controller.dash.DashController; public org.springframework.http.ResponseEntity com.utiitsl.DMSAuthService.controller.dash.DashController.updateUser(com.utiitsl.DMSAuthService.dto.UserDTO,java.lang.Integer)]] with attributes [[authorize: 'hasAuthority('admin:update')', filter: 'null', filterTarget: 'null']]
2026-05-27 11:53:40 TRACE o.s.s.a.i.a.MethodSecurityInterceptor - Validated configuration attributes
2026-05-27 11:53:40 DEBUG o.s.s.a.p.PrePostAnnotationSecurityMetadataSource - @org.springframework.security.access.prepost.PreAuthorize("hasAuthority(\'admin:delete\')") found on specific method: public org.springframework.http.ResponseEntity com.utiitsl.DMSAuthService.controller.dash.DashController.deleteUserById(java.lang.Integer)
2026-05-27 11:53:40 DEBUG o.s.s.a.m.DelegatingMethodSecurityMetadataSource - Caching method [CacheKey[com.utiitsl.DMSAuthService.controller.dash.DashController; public org.springframework.http.ResponseEntity com.utiitsl.DMSAuthService.controller.dash.DashController.deleteUserById(java.lang.Integer)]] with attributes [[authorize: 'hasAuthority('admin:delete')', filter: 'null', filterTarget: 'null']]
2026-05-27 11:53:40 DEBUG o.s.s.a.p.PrePostAnnotationSecurityMetadataSource - @org.springframework.security.access.prepost.PreAuthorize("hasRole(\'ROLE_APPLICATION_ADMIN\') or hasRole(\'ROLE_ADMIN\')") found on specific method: public org.springframework.http.ResponseEntity com.utiitsl.DMSAuthService.controller.user.UserController.register(com.utiitsl.DMSAuthService.dto.RegisterRequestDTO,java.lang.String,jakarta.servlet.http.HttpServletRequest)
2026-05-27 11:53:40 DEBUG o.s.s.a.m.DelegatingMethodSecurityMetadataSource - Caching method [CacheKey[com.utiitsl.DMSAuthService.controller.user.UserController; public org.springframework.http.ResponseEntity com.utiitsl.DMSAuthService.controller.user.UserController.register(com.utiitsl.DMSAuthService.dto.RegisterRequestDTO,java.lang.String,jakarta.servlet.http.HttpServletRequest)]] with attributes [[authorize: 'hasRole('ROLE_APPLICATION_ADMIN') or hasRole('ROLE_ADMIN')', filter: 'null', filterTarget: 'null']]
2026-05-27 11:53:40 DEBUG o.s.s.a.p.PrePostAnnotationSecurityMetadataSource - @org.springframework.security.access.prepost.PreAuthorize("hasRole(\'ROLE_APPLICATION_ADMIN\') or hasRole(\'ROLE_ADMIN\')") found on specific method: public org.springframework.http.ResponseEntity com.utiitsl.DMSAuthService.controller.user.UserController.getAllUser(int,int,java.lang.String,jakarta.servlet.http.HttpServletRequest)
2026-05-27 11:53:40 DEBUG o.s.s.a.m.DelegatingMethodSecurityMetadataSource - Caching method [CacheKey[com.utiitsl.DMSAuthService.controller.user.UserController; public org.springframework.http.ResponseEntity com.utiitsl.DMSAuthService.controller.user.UserController.getAllUser(int,int,java.lang.String,jakarta.servlet.http.HttpServletRequest)]] with attributes [[authorize: 'hasRole('ROLE_APPLICATION_ADMIN') or hasRole('ROLE_ADMIN')', filter: 'null', filterTarget: 'null']]
2026-05-27 11:53:40 DEBUG o.s.s.a.p.PrePostAnnotationSecurityMetadataSource - @org.springframework.security.access.prepost.PreAuthorize("hasRole(\'ROLE_APPLICATION_ADMIN\') or hasRole(\'ROLE_ADMIN\')") found on specific method: public org.springframework.http.ResponseEntity com.utiitsl.DMSAuthService.controller.user.UserController.activateDeactivateUser(java.lang.String,boolean)
2026-05-27 11:53:40 DEBUG o.s.s.a.m.DelegatingMethodSecurityMetadataSource - Caching method [CacheKey[com.utiitsl.DMSAuthService.controller.user.UserController; public org.springframework.http.ResponseEntity com.utiitsl.DMSAuthService.controller.user.UserController.activateDeactivateUser(java.lang.String,boolean)]] with attributes [[authorize: 'hasRole('ROLE_APPLICATION_ADMIN') or hasRole('ROLE_ADMIN')', filter: 'null', filterTarget: 'null']]
2026-05-27 11:53:40 WARN  o.s.b.a.o.j.JpaBaseConfiguration$JpaWebConfiguration - spring.jpa.open-in-view is enabled by default. Therefore, database queries may be performed during view rendering. Explicitly configure spring.jpa.open-in-view to disable this warning
2026-05-27 11:53:42 INFO  o.s.s.web.DefaultSecurityFilterChain - Will secure any request with [org.springframework.security.web.session.DisableEncodeUrlFilter@1092fcb6, org.springframework.security.web.context.request.async.WebAsyncManagerIntegrationFilter@36de4cfc, org.springframework.security.web.context.SecurityContextHolderFilter@187b2c82, org.springframework.security.web.header.HeaderWriterFilter@27ad7563, org.springframework.web.filter.CorsFilter@491a615e, org.springframework.security.web.authentication.logout.LogoutFilter@4a16626f, org.springframework.security.oauth2.client.web.OAuth2AuthorizationRequestRedirectFilter@47f559dd, org.springframework.security.oauth2.client.web.OAuth2LoginAuthenticationFilter@542e4890, com.utiitsl.DMSAuthService.config.auth.JwtAuthFilter@6a64f121, org.springframework.security.web.savedrequest.RequestCacheAwareFilter@9a301d5, org.springframework.security.web.servletapi.SecurityContextHolderAwareRequestFilter@3b5a844e, org.springframework.security.web.authentication.AnonymousAuthenticationFilter@771a1078, org.springframework.security.web.session.SessionManagementFilter@2c2a2250, org.springframework.security.web.access.ExceptionTranslationFilter@11d2e4e0, org.springframework.security.web.access.intercept.AuthorizationFilter@6139c0d]
2026-05-27 11:53:43 INFO  o.s.b.d.a.OptionalLiveReloadServer - LiveReload server is running on port 35729
2026-05-27 11:53:43 INFO  o.s.b.w.e.tomcat.TomcatWebServer - Tomcat started on port 8282 (http) with context path '/authService'
2026-05-27 11:53:43 INFO  c.u.D.DmsAuthServiceApplication - Started DmsAuthServiceApplication in 9.595 seconds (process running for 11.153)
2026-05-27 11:53:56 INFO  o.a.c.c.C.[.[.[/authService] - Initializing Spring DispatcherServlet 'dispatcherServlet'
2026-05-27 11:53:56 INFO  o.s.web.servlet.DispatcherServlet - Initializing Servlet 'dispatcherServlet'
2026-05-27 11:53:56 INFO  o.s.web.servlet.DispatcherServlet - Completed initialization in 2 ms
2026-05-27 11:53:56 TRACE o.s.security.web.FilterChainProxy - Trying to match request against DefaultSecurityFilterChain [RequestMatcher=any request, Filters=[org.springframework.security.web.session.DisableEncodeUrlFilter@1092fcb6, org.springframework.security.web.context.request.async.WebAsyncManagerIntegrationFilter@36de4cfc, org.springframework.security.web.context.SecurityContextHolderFilter@187b2c82, org.springframework.security.web.header.HeaderWriterFilter@27ad7563, org.springframework.web.filter.CorsFilter@491a615e, org.springframework.security.web.authentication.logout.LogoutFilter@4a16626f, org.springframework.security.oauth2.client.web.OAuth2AuthorizationRequestRedirectFilter@47f559dd, org.springframework.security.oauth2.client.web.OAuth2LoginAuthenticationFilter@542e4890, com.utiitsl.DMSAuthService.config.auth.JwtAuthFilter@6a64f121, org.springframework.security.web.savedrequest.RequestCacheAwareFilter@9a301d5, org.springframework.security.web.servletapi.SecurityContextHolderAwareRequestFilter@3b5a844e, org.springframework.security.web.authentication.AnonymousAuthenticationFilter@771a1078, org.springframework.security.web.session.SessionManagementFilter@2c2a2250, org.springframework.security.web.access.ExceptionTranslationFilter@11d2e4e0, org.springframework.security.web.access.intercept.AuthorizationFilter@6139c0d]] (1/1)
2026-05-27 11:53:56 DEBUG o.s.security.web.FilterChainProxy - Securing OPTIONS /api/v1/auth/token
2026-05-27 11:53:56 TRACE o.s.security.web.FilterChainProxy - Invoking DisableEncodeUrlFilter (1/15)
2026-05-27 11:53:56 TRACE o.s.security.web.FilterChainProxy - Invoking WebAsyncManagerIntegrationFilter (2/15)
2026-05-27 11:53:56 TRACE o.s.security.web.FilterChainProxy - Invoking SecurityContextHolderFilter (3/15)
2026-05-27 11:53:56 TRACE o.s.security.web.FilterChainProxy - Invoking HeaderWriterFilter (4/15)
2026-05-27 11:53:56 TRACE o.s.security.web.FilterChainProxy - Invoking CorsFilter (5/15)
2026-05-27 11:53:57 TRACE o.s.s.w.h.writers.HstsHeaderWriter - Not injecting HSTS header since it did not match request to [Is Secure]
2026-05-27 11:53:57 TRACE o.s.security.web.FilterChainProxy - Trying to match request against DefaultSecurityFilterChain [RequestMatcher=any request, Filters=[org.springframework.security.web.session.DisableEncodeUrlFilter@1092fcb6, org.springframework.security.web.context.request.async.WebAsyncManagerIntegrationFilter@36de4cfc, org.springframework.security.web.context.SecurityContextHolderFilter@187b2c82, org.springframework.security.web.header.HeaderWriterFilter@27ad7563, org.springframework.web.filter.CorsFilter@491a615e, org.springframework.security.web.authentication.logout.LogoutFilter@4a16626f, org.springframework.security.oauth2.client.web.OAuth2AuthorizationRequestRedirectFilter@47f559dd, org.springframework.security.oauth2.client.web.OAuth2LoginAuthenticationFilter@542e4890, com.utiitsl.DMSAuthService.config.auth.JwtAuthFilter@6a64f121, org.springframework.security.web.savedrequest.RequestCacheAwareFilter@9a301d5, org.springframework.security.web.servletapi.SecurityContextHolderAwareRequestFilter@3b5a844e, org.springframework.security.web.authentication.AnonymousAuthenticationFilter@771a1078, org.springframework.security.web.session.SessionManagementFilter@2c2a2250, org.springframework.security.web.access.ExceptionTranslationFilter@11d2e4e0, org.springframework.security.web.access.intercept.AuthorizationFilter@6139c0d]] (1/1)
2026-05-27 11:53:57 DEBUG o.s.security.web.FilterChainProxy - Securing POST /api/v1/auth/token
2026-05-27 11:53:57 TRACE o.s.security.web.FilterChainProxy - Invoking DisableEncodeUrlFilter (1/15)
2026-05-27 11:53:57 TRACE o.s.security.web.FilterChainProxy - Invoking WebAsyncManagerIntegrationFilter (2/15)
2026-05-27 11:53:57 TRACE o.s.security.web.FilterChainProxy - Invoking SecurityContextHolderFilter (3/15)
2026-05-27 11:53:57 TRACE o.s.security.web.FilterChainProxy - Invoking HeaderWriterFilter (4/15)
2026-05-27 11:53:57 TRACE o.s.security.web.FilterChainProxy - Invoking CorsFilter (5/15)
2026-05-27 11:53:57 TRACE o.s.security.web.FilterChainProxy - Invoking LogoutFilter (6/15)
2026-05-27 11:53:57 TRACE o.s.s.w.a.logout.LogoutFilter - Did not match request to Or [Ant [pattern='/logout', GET], Ant [pattern='/logout', POST], Ant [pattern='/logout', PUT], Ant [pattern='/logout', DELETE]]
2026-05-27 11:53:57 TRACE o.s.security.web.FilterChainProxy - Invoking OAuth2AuthorizationRequestRedirectFilter (7/15)
2026-05-27 11:53:57 TRACE o.s.security.web.FilterChainProxy - Invoking OAuth2LoginAuthenticationFilter (8/15)
2026-05-27 11:53:57 TRACE o.s.s.o.c.w.OAuth2LoginAuthenticationFilter - Did not match request to Ant [pattern='/login/oauth2/code/*']
2026-05-27 11:53:57 TRACE o.s.security.web.FilterChainProxy - Invoking JwtAuthFilter (9/15)
2026-05-27 11:54:00 TRACE o.s.security.web.FilterChainProxy - Invoking RequestCacheAwareFilter (10/15)
2026-05-27 11:54:00 TRACE o.s.security.web.FilterChainProxy - Invoking SecurityContextHolderAwareRequestFilter (11/15)
2026-05-27 11:54:00 TRACE o.s.security.web.FilterChainProxy - Invoking AnonymousAuthenticationFilter (12/15)
2026-05-27 11:54:00 TRACE o.s.security.web.FilterChainProxy - Invoking SessionManagementFilter (13/15)
2026-05-27 11:54:00 TRACE o.s.s.w.c.SupplierDeferredSecurityContext - Created SecurityContextImpl [Null authentication]
2026-05-27 11:54:00 TRACE o.s.s.w.a.AnonymousAuthenticationFilter - Set SecurityContextHolder to AnonymousAuthenticationToken [Principal=anonymousUser, Credentials=[PROTECTED], Authenticated=true, Details=WebAuthenticationDetails [RemoteIpAddress=0:0:0:0:0:0:0:1, SessionId=null], Granted Authorities=[ROLE_ANONYMOUS]]
2026-05-27 11:54:00 TRACE o.s.security.web.FilterChainProxy - Invoking ExceptionTranslationFilter (14/15)
2026-05-27 11:54:00 TRACE o.s.security.web.FilterChainProxy - Invoking AuthorizationFilter (15/15)
2026-05-27 11:54:00 TRACE o.s.s.w.a.i.RequestMatcherDelegatingAuthorizationManager - Authorizing POST /api/v1/auth/token
2026-05-27 11:54:00 TRACE o.s.s.w.a.i.RequestMatcherDelegatingAuthorizationManager - Checking authorization on POST /api/v1/auth/token using org.springframework.security.config.annotation.web.configurers.AuthorizeHttpRequestsConfigurer$$Lambda/0x000002bdccae6b30@7fbbb177
2026-05-27 11:54:00 DEBUG o.s.security.web.FilterChainProxy - Secured POST /api/v1/auth/token
2026-05-27 11:54:01 TRACE o.s.s.authentication.ProviderManager - Authenticating request with DaoAuthenticationProvider (1/1)
2026-05-27 11:54:01 DEBUG o.s.s.a.d.DaoAuthenticationProvider - Authenticated user
2026-05-27 11:54:03 TRACE o.s.s.w.h.writers.HstsHeaderWriter - Not injecting HSTS header since it did not match request to [Is Secure]
2026-05-27 11:55:20 TRACE o.s.security.web.FilterChainProxy - Trying to match request against DefaultSecurityFilterChain [RequestMatcher=any request, Filters=[org.springframework.security.web.session.DisableEncodeUrlFilter@1092fcb6, org.springframework.security.web.context.request.async.WebAsyncManagerIntegrationFilter@36de4cfc, org.springframework.security.web.context.SecurityContextHolderFilter@187b2c82, org.springframework.security.web.header.HeaderWriterFilter@27ad7563, org.springframework.web.filter.CorsFilter@491a615e, org.springframework.security.web.authentication.logout.LogoutFilter@4a16626f, org.springframework.security.oauth2.client.web.OAuth2AuthorizationRequestRedirectFilter@47f559dd, org.springframework.security.oauth2.client.web.OAuth2LoginAuthenticationFilter@542e4890, com.utiitsl.DMSAuthService.config.auth.JwtAuthFilter@6a64f121, org.springframework.security.web.savedrequest.RequestCacheAwareFilter@9a301d5, org.springframework.security.web.servletapi.SecurityContextHolderAwareRequestFilter@3b5a844e, org.springframework.security.web.authentication.AnonymousAuthenticationFilter@771a1078, org.springframework.security.web.session.SessionManagementFilter@2c2a2250, org.springframework.security.web.access.ExceptionTranslationFilter@11d2e4e0, org.springframework.security.web.access.intercept.AuthorizationFilter@6139c0d]] (1/1)
2026-05-27 11:55:20 DEBUG o.s.security.web.FilterChainProxy - Securing GET /oauth2/authorization/google
2026-05-27 11:55:20 TRACE o.s.security.web.FilterChainProxy - Invoking DisableEncodeUrlFilter (1/15)
2026-05-27 11:55:20 TRACE o.s.security.web.FilterChainProxy - Invoking WebAsyncManagerIntegrationFilter (2/15)
2026-05-27 11:55:20 TRACE o.s.security.web.FilterChainProxy - Invoking SecurityContextHolderFilter (3/15)
2026-05-27 11:55:20 TRACE o.s.security.web.FilterChainProxy - Invoking HeaderWriterFilter (4/15)
2026-05-27 11:55:20 TRACE o.s.security.web.FilterChainProxy - Invoking CorsFilter (5/15)
2026-05-27 11:55:20 TRACE o.s.security.web.FilterChainProxy - Invoking LogoutFilter (6/15)
2026-05-27 11:55:20 TRACE o.s.s.w.a.logout.LogoutFilter - Did not match request to Or [Ant [pattern='/logout', GET], Ant [pattern='/logout', POST], Ant [pattern='/logout', PUT], Ant [pattern='/logout', DELETE]]
2026-05-27 11:55:20 TRACE o.s.security.web.FilterChainProxy - Invoking OAuth2AuthorizationRequestRedirectFilter (7/15)
2026-05-27 11:55:20 DEBUG o.s.s.web.DefaultRedirectStrategy - Redirecting to https://accounts.google.com/o/oauth2/v2/auth?response_type=code&client_id=600473531643-oi3n07dnckl59ckqltksq55ggm0hpjm1.apps.googleusercontent.com&scope=openid%20profile%20email&state=sFqob3LY0z58q5cViXpi3g9VxYNB4wiJM1iqI_GrG2s%3D&redirect_uri=http://localhost:8282/authService/login/oauth2/code/google&nonce=fWV2cmXe5am8m62m9mWysHIrHyeQBmzQ6FkSB5pjXZY
2026-05-27 11:55:20 TRACE o.s.s.w.h.writers.HstsHeaderWriter - Not injecting HSTS header since it did not match request to [Is Secure]
2026-05-27 11:55:20 TRACE o.s.security.web.FilterChainProxy - Trying to match request against DefaultSecurityFilterChain [RequestMatcher=any request, Filters=[org.springframework.security.web.session.DisableEncodeUrlFilter@1092fcb6, org.springframework.security.web.context.request.async.WebAsyncManagerIntegrationFilter@36de4cfc, org.springframework.security.web.context.SecurityContextHolderFilter@187b2c82, org.springframework.security.web.header.HeaderWriterFilter@27ad7563, org.springframework.web.filter.CorsFilter@491a615e, org.springframework.security.web.authentication.logout.LogoutFilter@4a16626f, org.springframework.security.oauth2.client.web.OAuth2AuthorizationRequestRedirectFilter@47f559dd, org.springframework.security.oauth2.client.web.OAuth2LoginAuthenticationFilter@542e4890, com.utiitsl.DMSAuthService.config.auth.JwtAuthFilter@6a64f121, org.springframework.security.web.savedrequest.RequestCacheAwareFilter@9a301d5, org.springframework.security.web.servletapi.SecurityContextHolderAwareRequestFilter@3b5a844e, org.springframework.security.web.authentication.AnonymousAuthenticationFilter@771a1078, org.springframework.security.web.session.SessionManagementFilter@2c2a2250, org.springframework.security.web.access.ExceptionTranslationFilter@11d2e4e0, org.springframework.security.web.access.intercept.AuthorizationFilter@6139c0d]] (1/1)
2026-05-27 11:55:20 DEBUG o.s.security.web.FilterChainProxy - Securing GET /login/oauth2/code/google?state=sFqob3LY0z58q5cViXpi3g9VxYNB4wiJM1iqI_GrG2s%3D&iss=https%3A%2F%2Faccounts.google.com&code=4%2F0AeoWuM-rZsiZPne4conlrYUZrZXZ3jDE49n2HgOug4L31gKdmoky4y6UYoEZjEzbDmDY5A&scope=email+profile+https%3A%2F%2Fwww.googleapis.com%2Fauth%2Fuserinfo.profile+openid+https%3A%2F%2Fwww.googleapis.com%2Fauth%2Fuserinfo.email&authuser=0&prompt=none
2026-05-27 11:55:20 TRACE o.s.security.web.FilterChainProxy - Invoking DisableEncodeUrlFilter (1/15)
2026-05-27 11:55:20 TRACE o.s.security.web.FilterChainProxy - Invoking WebAsyncManagerIntegrationFilter (2/15)
2026-05-27 11:55:20 TRACE o.s.security.web.FilterChainProxy - Invoking SecurityContextHolderFilter (3/15)
2026-05-27 11:55:20 TRACE o.s.security.web.FilterChainProxy - Invoking HeaderWriterFilter (4/15)
2026-05-27 11:55:20 TRACE o.s.security.web.FilterChainProxy - Invoking CorsFilter (5/15)
2026-05-27 11:55:20 TRACE o.s.security.web.FilterChainProxy - Invoking LogoutFilter (6/15)
2026-05-27 11:55:20 TRACE o.s.s.w.a.logout.LogoutFilter - Did not match request to Or [Ant [pattern='/logout', GET], Ant [pattern='/logout', POST], Ant [pattern='/logout', PUT], Ant [pattern='/logout', DELETE]]
2026-05-27 11:55:20 TRACE o.s.security.web.FilterChainProxy - Invoking OAuth2AuthorizationRequestRedirectFilter (7/15)
2026-05-27 11:55:20 TRACE o.s.security.web.FilterChainProxy - Invoking OAuth2LoginAuthenticationFilter (8/15)
2026-05-27 11:55:20 TRACE o.s.s.authentication.ProviderManager - Authenticating request with OAuth2LoginAuthenticationProvider (1/4)
2026-05-27 11:55:20 TRACE o.s.s.authentication.ProviderManager - Authenticating request with OidcAuthorizationCodeAuthenticationProvider (2/4)
2026-05-27 11:55:21 TRACE o.s.s.w.a.s.CompositeSessionAuthenticationStrategy - Preparing session with ChangeSessionIdAuthenticationStrategy (1/1)
2026-05-27 11:55:21 DEBUG o.s.s.w.a.s.ChangeSessionIdAuthenticationStrategy - Changed session id from 2366FBCD3DDC9641C95A60FA6251DF60
2026-05-27 11:55:21 DEBUG o.s.s.o.c.w.OAuth2LoginAuthenticationFilter - Set SecurityContextHolder to OAuth2AuthenticationToken [Principal=Name: [106355568675083849667], Granted Authorities: [[OIDC_USER, SCOPE_https://www.googleapis.com/auth/userinfo.email, SCOPE_https://www.googleapis.com/auth/userinfo.profile, SCOPE_openid]], User Attributes: [{at_hash=VDwIbtIrvNT-gIFfi3V7kw, sub=106355568675083849667, email_verified=true, iss=https://accounts.google.com, given_name=Tanveer, nonce=fWV2cmXe5am8m62m9mWysHIrHyeQBmzQ6FkSB5pjXZY, picture=https://lh3.googleusercontent.com/a/ACg8ocJ-g6PRiU-MR-VpZ0qO_fRj5cJmhFj5Vg7aowVeawJwi8IrUA=s96-c, aud=[600473531643-oi3n07dnckl59ckqltksq55ggm0hpjm1.apps.googleusercontent.com], azp=600473531643-oi3n07dnckl59ckqltksq55ggm0hpjm1.apps.googleusercontent.com, name=Tanveer, exp=2026-05-27T07:25:21Z, iat=2026-05-27T06:25:21Z, email=mdtanveer3314@gmail.com}], Credentials=[PROTECTED], Authenticated=true, Details=WebAuthenticationDetails [RemoteIpAddress=0:0:0:0:0:0:0:1, SessionId=2366FBCD3DDC9641C95A60FA6251DF60], Granted Authorities=[OIDC_USER, SCOPE_https://www.googleapis.com/auth/userinfo.email, SCOPE_https://www.googleapis.com/auth/userinfo.profile, SCOPE_openid]]
2026-05-27 11:55:25 TRACE o.s.s.w.h.writers.HstsHeaderWriter - Not injecting HSTS header since it did not match request to [Is Secure]
2026-05-27 12:14:15 TRACE o.s.security.web.FilterChainProxy - Trying to match request against DefaultSecurityFilterChain [RequestMatcher=any request, Filters=[org.springframework.security.web.session.DisableEncodeUrlFilter@1092fcb6, org.springframework.security.web.context.request.async.WebAsyncManagerIntegrationFilter@36de4cfc, org.springframework.security.web.context.SecurityContextHolderFilter@187b2c82, org.springframework.security.web.header.HeaderWriterFilter@27ad7563, org.springframework.web.filter.CorsFilter@491a615e, org.springframework.security.web.authentication.logout.LogoutFilter@4a16626f, org.springframework.security.oauth2.client.web.OAuth2AuthorizationRequestRedirectFilter@47f559dd, org.springframework.security.oauth2.client.web.OAuth2LoginAuthenticationFilter@542e4890, com.utiitsl.DMSAuthService.config.auth.JwtAuthFilter@6a64f121, org.springframework.security.web.savedrequest.RequestCacheAwareFilter@9a301d5, org.springframework.security.web.servletapi.SecurityContextHolderAwareRequestFilter@3b5a844e, org.springframework.security.web.authentication.AnonymousAuthenticationFilter@771a1078, org.springframework.security.web.session.SessionManagementFilter@2c2a2250, org.springframework.security.web.access.ExceptionTranslationFilter@11d2e4e0, org.springframework.security.web.access.intercept.AuthorizationFilter@6139c0d]] (1/1)
2026-05-27 12:14:15 DEBUG o.s.security.web.FilterChainProxy - Securing GET /oauth2/authorization/google
2026-05-27 12:14:15 TRACE o.s.security.web.FilterChainProxy - Invoking DisableEncodeUrlFilter (1/15)
2026-05-27 12:14:15 TRACE o.s.security.web.FilterChainProxy - Invoking WebAsyncManagerIntegrationFilter (2/15)
2026-05-27 12:14:15 TRACE o.s.security.web.FilterChainProxy - Invoking SecurityContextHolderFilter (3/15)
2026-05-27 12:14:15 TRACE o.s.security.web.FilterChainProxy - Invoking HeaderWriterFilter (4/15)
2026-05-27 12:14:15 TRACE o.s.security.web.FilterChainProxy - Invoking CorsFilter (5/15)
2026-05-27 12:14:15 TRACE o.s.security.web.FilterChainProxy - Invoking LogoutFilter (6/15)
2026-05-27 12:14:15 TRACE o.s.s.w.a.logout.LogoutFilter - Did not match request to Or [Ant [pattern='/logout', GET], Ant [pattern='/logout', POST], Ant [pattern='/logout', PUT], Ant [pattern='/logout', DELETE]]
2026-05-27 12:14:15 TRACE o.s.security.web.FilterChainProxy - Invoking OAuth2AuthorizationRequestRedirectFilter (7/15)
2026-05-27 12:14:15 DEBUG o.s.s.web.DefaultRedirectStrategy - Redirecting to https://accounts.google.com/o/oauth2/v2/auth?response_type=code&client_id=600473531643-oi3n07dnckl59ckqltksq55ggm0hpjm1.apps.googleusercontent.com&scope=openid%20profile%20email&state=_qBi0mNAGEtHWJXKXphvBNDmKVgYDl6NNRIKSKcT760%3D&redirect_uri=http://localhost:8282/authService/login/oauth2/code/google&nonce=gPHaD1GNlOCu1caSftYGQXSBOJU5NEZLLboHVvjsXJs
2026-05-27 12:14:15 TRACE o.s.s.w.h.writers.HstsHeaderWriter - Not injecting HSTS header since it did not match request to [Is Secure]
2026-05-27 12:14:15 TRACE o.s.security.web.FilterChainProxy - Trying to match request against DefaultSecurityFilterChain [RequestMatcher=any request, Filters=[org.springframework.security.web.session.DisableEncodeUrlFilter@1092fcb6, org.springframework.security.web.context.request.async.WebAsyncManagerIntegrationFilter@36de4cfc, org.springframework.security.web.context.SecurityContextHolderFilter@187b2c82, org.springframework.security.web.header.HeaderWriterFilter@27ad7563, org.springframework.web.filter.CorsFilter@491a615e, org.springframework.security.web.authentication.logout.LogoutFilter@4a16626f, org.springframework.security.oauth2.client.web.OAuth2AuthorizationRequestRedirectFilter@47f559dd, org.springframework.security.oauth2.client.web.OAuth2LoginAuthenticationFilter@542e4890, com.utiitsl.DMSAuthService.config.auth.JwtAuthFilter@6a64f121, org.springframework.security.web.savedrequest.RequestCacheAwareFilter@9a301d5, org.springframework.security.web.servletapi.SecurityContextHolderAwareRequestFilter@3b5a844e, org.springframework.security.web.authentication.AnonymousAuthenticationFilter@771a1078, org.springframework.security.web.session.SessionManagementFilter@2c2a2250, org.springframework.security.web.access.ExceptionTranslationFilter@11d2e4e0, org.springframework.security.web.access.intercept.AuthorizationFilter@6139c0d]] (1/1)
2026-05-27 12:14:15 DEBUG o.s.security.web.FilterChainProxy - Securing GET /login/oauth2/code/google?state=_qBi0mNAGEtHWJXKXphvBNDmKVgYDl6NNRIKSKcT760%3D&iss=https%3A%2F%2Faccounts.google.com&code=4%2F0AeoWuM_WJcUGSVkPertkItZSuzBim-mEugBzG04VGMnWPsCyoLs1-yvNOCKCEbis_eloBA&scope=email+profile+https%3A%2F%2Fwww.googleapis.com%2Fauth%2Fuserinfo.profile+openid+https%3A%2F%2Fwww.googleapis.com%2Fauth%2Fuserinfo.email&authuser=0&prompt=none
2026-05-27 12:14:15 TRACE o.s.security.web.FilterChainProxy - Invoking DisableEncodeUrlFilter (1/15)
2026-05-27 12:14:15 TRACE o.s.security.web.FilterChainProxy - Invoking WebAsyncManagerIntegrationFilter (2/15)
2026-05-27 12:14:15 TRACE o.s.security.web.FilterChainProxy - Invoking SecurityContextHolderFilter (3/15)
2026-05-27 12:14:15 TRACE o.s.security.web.FilterChainProxy - Invoking HeaderWriterFilter (4/15)
2026-05-27 12:14:15 TRACE o.s.security.web.FilterChainProxy - Invoking CorsFilter (5/15)
2026-05-27 12:14:15 TRACE o.s.security.web.FilterChainProxy - Invoking LogoutFilter (6/15)
2026-05-27 12:14:15 TRACE o.s.s.w.a.logout.LogoutFilter - Did not match request to Or [Ant [pattern='/logout', GET], Ant [pattern='/logout', POST], Ant [pattern='/logout', PUT], Ant [pattern='/logout', DELETE]]
2026-05-27 12:14:15 TRACE o.s.security.web.FilterChainProxy - Invoking OAuth2AuthorizationRequestRedirectFilter (7/15)
2026-05-27 12:14:15 TRACE o.s.security.web.FilterChainProxy - Invoking OAuth2LoginAuthenticationFilter (8/15)
2026-05-27 12:14:15 TRACE o.s.s.authentication.ProviderManager - Authenticating request with OAuth2LoginAuthenticationProvider (1/4)
2026-05-27 12:14:15 TRACE o.s.s.authentication.ProviderManager - Authenticating request with OidcAuthorizationCodeAuthenticationProvider (2/4)
2026-05-27 12:14:16 TRACE o.s.s.w.a.s.CompositeSessionAuthenticationStrategy - Preparing session with ChangeSessionIdAuthenticationStrategy (1/1)
2026-05-27 12:14:16 DEBUG o.s.s.w.a.s.ChangeSessionIdAuthenticationStrategy - Changed session id from 55AC54F0085A6ACE70CF773EF1C8DBCC
2026-05-27 12:14:16 DEBUG o.s.s.o.c.w.OAuth2LoginAuthenticationFilter - Set SecurityContextHolder to OAuth2AuthenticationToken [Principal=Name: [106355568675083849667], Granted Authorities: [[OIDC_USER, SCOPE_https://www.googleapis.com/auth/userinfo.email, SCOPE_https://www.googleapis.com/auth/userinfo.profile, SCOPE_openid]], User Attributes: [{at_hash=AfaAcEZuUzUGkgCEw7-KCA, sub=106355568675083849667, email_verified=true, iss=https://accounts.google.com, given_name=Tanveer, nonce=gPHaD1GNlOCu1caSftYGQXSBOJU5NEZLLboHVvjsXJs, picture=https://lh3.googleusercontent.com/a/ACg8ocJ-g6PRiU-MR-VpZ0qO_fRj5cJmhFj5Vg7aowVeawJwi8IrUA=s96-c, aud=[600473531643-oi3n07dnckl59ckqltksq55ggm0hpjm1.apps.googleusercontent.com], azp=600473531643-oi3n07dnckl59ckqltksq55ggm0hpjm1.apps.googleusercontent.com, name=Tanveer, exp=2026-05-27T07:44:16Z, iat=2026-05-27T06:44:16Z, email=mdtanveer3314@gmail.com}], Credentials=[PROTECTED], Authenticated=true, Details=WebAuthenticationDetails [RemoteIpAddress=0:0:0:0:0:0:0:1, SessionId=55AC54F0085A6ACE70CF773EF1C8DBCC], Granted Authorities=[OIDC_USER, SCOPE_https://www.googleapis.com/auth/userinfo.email, SCOPE_https://www.googleapis.com/auth/userinfo.profile, SCOPE_openid]]
2026-05-27 12:20:30 WARN  com.zaxxer.hikari.pool.HikariPool - HikariPool-1 - Thread starvation or clock leap detected (housekeeper delta=6m21s875ms505µs600ns).
2026-05-27 12:21:17 TRACE o.s.s.w.h.writers.HstsHeaderWriter - Not injecting HSTS header since it did not match request to [Is Secure]
2026-05-27 12:23:05 TRACE o.s.security.web.FilterChainProxy - Trying to match request against DefaultSecurityFilterChain [RequestMatcher=any request, Filters=[org.springframework.security.web.session.DisableEncodeUrlFilter@1092fcb6, org.springframework.security.web.context.request.async.WebAsyncManagerIntegrationFilter@36de4cfc, org.springframework.security.web.context.SecurityContextHolderFilter@187b2c82, org.springframework.security.web.header.HeaderWriterFilter@27ad7563, org.springframework.web.filter.CorsFilter@491a615e, org.springframework.security.web.authentication.logout.LogoutFilter@4a16626f, org.springframework.security.oauth2.client.web.OAuth2AuthorizationRequestRedirectFilter@47f559dd, org.springframework.security.oauth2.client.web.OAuth2LoginAuthenticationFilter@542e4890, com.utiitsl.DMSAuthService.config.auth.JwtAuthFilter@6a64f121, org.springframework.security.web.savedrequest.RequestCacheAwareFilter@9a301d5, org.springframework.security.web.servletapi.SecurityContextHolderAwareRequestFilter@3b5a844e, org.springframework.security.web.authentication.AnonymousAuthenticationFilter@771a1078, org.springframework.security.web.session.SessionManagementFilter@2c2a2250, org.springframework.security.web.access.ExceptionTranslationFilter@11d2e4e0, org.springframework.security.web.access.intercept.AuthorizationFilter@6139c0d]] (1/1)
2026-05-27 12:23:05 DEBUG o.s.security.web.FilterChainProxy - Securing POST /api/v1/auth/tokenWithCookie
2026-05-27 12:23:05 TRACE o.s.security.web.FilterChainProxy - Invoking DisableEncodeUrlFilter (1/15)
2026-05-27 12:23:05 TRACE o.s.security.web.FilterChainProxy - Invoking WebAsyncManagerIntegrationFilter (2/15)
2026-05-27 12:23:05 TRACE o.s.security.web.FilterChainProxy - Invoking SecurityContextHolderFilter (3/15)
2026-05-27 12:23:05 TRACE o.s.security.web.FilterChainProxy - Invoking HeaderWriterFilter (4/15)
2026-05-27 12:23:05 TRACE o.s.security.web.FilterChainProxy - Invoking CorsFilter (5/15)
2026-05-27 12:23:05 TRACE o.s.security.web.FilterChainProxy - Invoking LogoutFilter (6/15)
2026-05-27 12:23:05 TRACE o.s.s.w.a.logout.LogoutFilter - Did not match request to Or [Ant [pattern='/logout', GET], Ant [pattern='/logout', POST], Ant [pattern='/logout', PUT], Ant [pattern='/logout', DELETE]]
2026-05-27 12:23:05 TRACE o.s.security.web.FilterChainProxy - Invoking OAuth2AuthorizationRequestRedirectFilter (7/15)
2026-05-27 12:23:05 TRACE o.s.security.web.FilterChainProxy - Invoking OAuth2LoginAuthenticationFilter (8/15)
2026-05-27 12:23:05 TRACE o.s.s.o.c.w.OAuth2LoginAuthenticationFilter - Did not match request to Ant [pattern='/login/oauth2/code/*']
2026-05-27 12:23:05 TRACE o.s.security.web.FilterChainProxy - Invoking JwtAuthFilter (9/15)
2026-05-27 12:23:08 TRACE o.s.security.web.FilterChainProxy - Invoking RequestCacheAwareFilter (10/15)
2026-05-27 12:23:08 TRACE o.s.security.web.FilterChainProxy - Invoking SecurityContextHolderAwareRequestFilter (11/15)
2026-05-27 12:23:08 TRACE o.s.security.web.FilterChainProxy - Invoking AnonymousAuthenticationFilter (12/15)
2026-05-27 12:23:08 TRACE o.s.security.web.FilterChainProxy - Invoking SessionManagementFilter (13/15)
2026-05-27 12:23:08 TRACE o.s.s.w.c.SupplierDeferredSecurityContext - Created SecurityContextImpl [Null authentication]
2026-05-27 12:23:08 TRACE o.s.s.w.a.AnonymousAuthenticationFilter - Set SecurityContextHolder to AnonymousAuthenticationToken [Principal=anonymousUser, Credentials=[PROTECTED], Authenticated=true, Details=WebAuthenticationDetails [RemoteIpAddress=0:0:0:0:0:0:0:1, SessionId=null], Granted Authorities=[ROLE_ANONYMOUS]]
2026-05-27 12:23:08 DEBUG o.s.s.w.s.SessionManagementFilter - Request requested invalid session id 654620B03E47687C2C50F6E3A7151BFB
2026-05-27 12:23:08 TRACE o.s.security.web.FilterChainProxy - Invoking ExceptionTranslationFilter (14/15)
2026-05-27 12:23:08 TRACE o.s.security.web.FilterChainProxy - Invoking AuthorizationFilter (15/15)
2026-05-27 12:23:08 TRACE o.s.s.w.a.i.RequestMatcherDelegatingAuthorizationManager - Authorizing POST /api/v1/auth/tokenWithCookie
2026-05-27 12:23:08 TRACE o.s.s.w.a.i.RequestMatcherDelegatingAuthorizationManager - Checking authorization on POST /api/v1/auth/tokenWithCookie using org.springframework.security.config.annotation.web.configurers.AuthorizeHttpRequestsConfigurer$$Lambda/0x000002bdccae6b30@7fbbb177
2026-05-27 12:23:08 DEBUG o.s.security.web.FilterChainProxy - Secured POST /api/v1/auth/tokenWithCookie
2026-05-27 12:23:08 TRACE o.s.s.authentication.ProviderManager - Authenticating request with DaoAuthenticationProvider (1/1)
2026-05-27 12:23:08 DEBUG o.s.s.a.d.DaoAuthenticationProvider - Authenticated user
2026-05-27 12:23:08 TRACE o.s.s.w.h.writers.HstsHeaderWriter - Not injecting HSTS header since it did not match request to [Is Secure]
2026-05-27 12:23:18 TRACE o.s.security.web.FilterChainProxy - Trying to match request against DefaultSecurityFilterChain [RequestMatcher=any request, Filters=[org.springframework.security.web.session.DisableEncodeUrlFilter@1092fcb6, org.springframework.security.web.context.request.async.WebAsyncManagerIntegrationFilter@36de4cfc, org.springframework.security.web.context.SecurityContextHolderFilter@187b2c82, org.springframework.security.web.header.HeaderWriterFilter@27ad7563, org.springframework.web.filter.CorsFilter@491a615e, org.springframework.security.web.authentication.logout.LogoutFilter@4a16626f, org.springframework.security.oauth2.client.web.OAuth2AuthorizationRequestRedirectFilter@47f559dd, org.springframework.security.oauth2.client.web.OAuth2LoginAuthenticationFilter@542e4890, com.utiitsl.DMSAuthService.config.auth.JwtAuthFilter@6a64f121, org.springframework.security.web.savedrequest.RequestCacheAwareFilter@9a301d5, org.springframework.security.web.servletapi.SecurityContextHolderAwareRequestFilter@3b5a844e, org.springframework.security.web.authentication.AnonymousAuthenticationFilter@771a1078, org.springframework.security.web.session.SessionManagementFilter@2c2a2250, org.springframework.security.web.access.ExceptionTranslationFilter@11d2e4e0, org.springframework.security.web.access.intercept.AuthorizationFilter@6139c0d]] (1/1)
2026-05-27 12:23:18 DEBUG o.s.security.web.FilterChainProxy - Securing POST /api/v1/auth/token
2026-05-27 12:23:18 TRACE o.s.security.web.FilterChainProxy - Invoking DisableEncodeUrlFilter (1/15)
2026-05-27 12:23:18 TRACE o.s.security.web.FilterChainProxy - Invoking WebAsyncManagerIntegrationFilter (2/15)
2026-05-27 12:23:18 TRACE o.s.security.web.FilterChainProxy - Invoking SecurityContextHolderFilter (3/15)
2026-05-27 12:23:18 TRACE o.s.security.web.FilterChainProxy - Invoking HeaderWriterFilter (4/15)
2026-05-27 12:23:18 TRACE o.s.security.web.FilterChainProxy - Invoking CorsFilter (5/15)
2026-05-27 12:23:18 TRACE o.s.security.web.FilterChainProxy - Invoking LogoutFilter (6/15)
2026-05-27 12:23:18 TRACE o.s.s.w.a.logout.LogoutFilter - Did not match request to Or [Ant [pattern='/logout', GET], Ant [pattern='/logout', POST], Ant [pattern='/logout', PUT], Ant [pattern='/logout', DELETE]]
2026-05-27 12:23:18 TRACE o.s.security.web.FilterChainProxy - Invoking OAuth2AuthorizationRequestRedirectFilter (7/15)
2026-05-27 12:23:18 TRACE o.s.security.web.FilterChainProxy - Invoking OAuth2LoginAuthenticationFilter (8/15)
2026-05-27 12:23:18 TRACE o.s.s.o.c.w.OAuth2LoginAuthenticationFilter - Did not match request to Ant [pattern='/login/oauth2/code/*']
2026-05-27 12:23:18 TRACE o.s.security.web.FilterChainProxy - Invoking JwtAuthFilter (9/15)
2026-05-27 12:23:21 TRACE o.s.security.web.FilterChainProxy - Invoking RequestCacheAwareFilter (10/15)
2026-05-27 12:23:21 TRACE o.s.security.web.FilterChainProxy - Invoking SecurityContextHolderAwareRequestFilter (11/15)
2026-05-27 12:23:21 TRACE o.s.security.web.FilterChainProxy - Invoking AnonymousAuthenticationFilter (12/15)
2026-05-27 12:23:21 TRACE o.s.security.web.FilterChainProxy - Invoking SessionManagementFilter (13/15)
2026-05-27 12:23:21 TRACE o.s.s.w.c.SupplierDeferredSecurityContext - Created SecurityContextImpl [Null authentication]
2026-05-27 12:23:21 TRACE o.s.s.w.a.AnonymousAuthenticationFilter - Set SecurityContextHolder to AnonymousAuthenticationToken [Principal=anonymousUser, Credentials=[PROTECTED], Authenticated=true, Details=WebAuthenticationDetails [RemoteIpAddress=0:0:0:0:0:0:0:1, SessionId=null], Granted Authorities=[ROLE_ANONYMOUS]]
2026-05-27 12:23:21 DEBUG o.s.s.w.s.SessionManagementFilter - Request requested invalid session id 654620B03E47687C2C50F6E3A7151BFB
2026-05-27 12:23:21 TRACE o.s.security.web.FilterChainProxy - Invoking ExceptionTranslationFilter (14/15)
2026-05-27 12:23:21 TRACE o.s.security.web.FilterChainProxy - Invoking AuthorizationFilter (15/15)
2026-05-27 12:23:21 TRACE o.s.s.w.a.i.RequestMatcherDelegatingAuthorizationManager - Authorizing POST /api/v1/auth/token
2026-05-27 12:23:21 TRACE o.s.s.w.a.i.RequestMatcherDelegatingAuthorizationManager - Checking authorization on POST /api/v1/auth/token using org.springframework.security.config.annotation.web.configurers.AuthorizeHttpRequestsConfigurer$$Lambda/0x000002bdccae6b30@7fbbb177
2026-05-27 12:23:21 DEBUG o.s.security.web.FilterChainProxy - Secured POST /api/v1/auth/token
2026-05-27 12:23:22 TRACE o.s.s.authentication.ProviderManager - Authenticating request with DaoAuthenticationProvider (1/1)
2026-05-27 12:23:22 DEBUG o.s.s.a.d.DaoAuthenticationProvider - Authenticated user
2026-05-27 12:23:22 TRACE o.s.s.w.h.writers.HstsHeaderWriter - Not injecting HSTS header since it did not match request to [Is Secure]
2026-05-27 14:02:01 WARN  com.zaxxer.hikari.pool.HikariPool - HikariPool-1 - Thread starvation or clock leap detected (housekeeper delta=30m52s442ms450µs200ns).
2026-05-27 15:15:44 TRACE o.s.security.web.FilterChainProxy - Trying to match request against DefaultSecurityFilterChain [RequestMatcher=any request, Filters=[org.springframework.security.web.session.DisableEncodeUrlFilter@1092fcb6, org.springframework.security.web.context.request.async.WebAsyncManagerIntegrationFilter@36de4cfc, org.springframework.security.web.context.SecurityContextHolderFilter@187b2c82, org.springframework.security.web.header.HeaderWriterFilter@27ad7563, org.springframework.web.filter.CorsFilter@491a615e, org.springframework.security.web.authentication.logout.LogoutFilter@4a16626f, org.springframework.security.oauth2.client.web.OAuth2AuthorizationRequestRedirectFilter@47f559dd, org.springframework.security.oauth2.client.web.OAuth2LoginAuthenticationFilter@542e4890, com.utiitsl.DMSAuthService.config.auth.JwtAuthFilter@6a64f121, org.springframework.security.web.savedrequest.RequestCacheAwareFilter@9a301d5, org.springframework.security.web.servletapi.SecurityContextHolderAwareRequestFilter@3b5a844e, org.springframework.security.web.authentication.AnonymousAuthenticationFilter@771a1078, org.springframework.security.web.session.SessionManagementFilter@2c2a2250, org.springframework.security.web.access.ExceptionTranslationFilter@11d2e4e0, org.springframework.security.web.access.intercept.AuthorizationFilter@6139c0d]] (1/1)
2026-05-27 15:15:44 DEBUG o.s.security.web.FilterChainProxy - Securing POST /api/v1/auth/tokenWithCookie
2026-05-27 15:15:44 TRACE o.s.security.web.FilterChainProxy - Invoking DisableEncodeUrlFilter (1/15)
2026-05-27 15:15:44 TRACE o.s.security.web.FilterChainProxy - Invoking WebAsyncManagerIntegrationFilter (2/15)
2026-05-27 15:15:44 TRACE o.s.security.web.FilterChainProxy - Invoking SecurityContextHolderFilter (3/15)
2026-05-27 15:15:44 TRACE o.s.security.web.FilterChainProxy - Invoking HeaderWriterFilter (4/15)
2026-05-27 15:15:44 TRACE o.s.security.web.FilterChainProxy - Invoking CorsFilter (5/15)
2026-05-27 15:15:44 TRACE o.s.security.web.FilterChainProxy - Invoking LogoutFilter (6/15)
2026-05-27 15:15:44 TRACE o.s.s.w.a.logout.LogoutFilter - Did not match request to Or [Ant [pattern='/logout', GET], Ant [pattern='/logout', POST], Ant [pattern='/logout', PUT], Ant [pattern='/logout', DELETE]]
2026-05-27 15:15:44 TRACE o.s.security.web.FilterChainProxy - Invoking OAuth2AuthorizationRequestRedirectFilter (7/15)
2026-05-27 15:15:44 TRACE o.s.security.web.FilterChainProxy - Invoking OAuth2LoginAuthenticationFilter (8/15)
2026-05-27 15:15:44 TRACE o.s.s.o.c.w.OAuth2LoginAuthenticationFilter - Did not match request to Ant [pattern='/login/oauth2/code/*']
2026-05-27 15:15:44 TRACE o.s.security.web.FilterChainProxy - Invoking JwtAuthFilter (9/15)
2026-05-27 15:15:47 TRACE o.s.security.web.FilterChainProxy - Invoking RequestCacheAwareFilter (10/15)
2026-05-27 15:15:47 TRACE o.s.security.web.FilterChainProxy - Invoking SecurityContextHolderAwareRequestFilter (11/15)
2026-05-27 15:15:47 TRACE o.s.security.web.FilterChainProxy - Invoking AnonymousAuthenticationFilter (12/15)
2026-05-27 15:15:47 TRACE o.s.security.web.FilterChainProxy - Invoking SessionManagementFilter (13/15)
2026-05-27 15:15:47 TRACE o.s.s.w.c.SupplierDeferredSecurityContext - Created SecurityContextImpl [Null authentication]
2026-05-27 15:15:47 TRACE o.s.s.w.a.AnonymousAuthenticationFilter - Set SecurityContextHolder to AnonymousAuthenticationToken [Principal=anonymousUser, Credentials=[PROTECTED], Authenticated=true, Details=WebAuthenticationDetails [RemoteIpAddress=0:0:0:0:0:0:0:1, SessionId=null], Granted Authorities=[ROLE_ANONYMOUS]]
2026-05-27 15:15:47 DEBUG o.s.s.w.s.SessionManagementFilter - Request requested invalid session id 654620B03E47687C2C50F6E3A7151BFB
2026-05-27 15:15:47 TRACE o.s.security.web.FilterChainProxy - Invoking ExceptionTranslationFilter (14/15)
2026-05-27 15:15:47 TRACE o.s.security.web.FilterChainProxy - Invoking AuthorizationFilter (15/15)
2026-05-27 15:15:47 TRACE o.s.s.w.a.i.RequestMatcherDelegatingAuthorizationManager - Authorizing POST /api/v1/auth/tokenWithCookie
2026-05-27 15:15:47 TRACE o.s.s.w.a.i.RequestMatcherDelegatingAuthorizationManager - Checking authorization on POST /api/v1/auth/tokenWithCookie using org.springframework.security.config.annotation.web.configurers.AuthorizeHttpRequestsConfigurer$$Lambda/0x000002bdccae6b30@7fbbb177
2026-05-27 15:15:47 DEBUG o.s.security.web.FilterChainProxy - Secured POST /api/v1/auth/tokenWithCookie
2026-05-27 15:15:47 TRACE o.s.s.authentication.ProviderManager - Authenticating request with DaoAuthenticationProvider (1/1)
2026-05-27 15:15:47 DEBUG o.s.s.a.d.DaoAuthenticationProvider - Authenticated user
2026-05-27 15:15:47 TRACE o.s.s.w.h.writers.HstsHeaderWriter - Not injecting HSTS header since it did not match request to [Is Secure]
2026-05-27 15:48:33 TRACE o.s.security.web.FilterChainProxy - Trying to match request against DefaultSecurityFilterChain [RequestMatcher=any request, Filters=[org.springframework.security.web.session.DisableEncodeUrlFilter@1092fcb6, org.springframework.security.web.context.request.async.WebAsyncManagerIntegrationFilter@36de4cfc, org.springframework.security.web.context.SecurityContextHolderFilter@187b2c82, org.springframework.security.web.header.HeaderWriterFilter@27ad7563, org.springframework.web.filter.CorsFilter@491a615e, org.springframework.security.web.authentication.logout.LogoutFilter@4a16626f, org.springframework.security.oauth2.client.web.OAuth2AuthorizationRequestRedirectFilter@47f559dd, org.springframework.security.oauth2.client.web.OAuth2LoginAuthenticationFilter@542e4890, com.utiitsl.DMSAuthService.config.auth.JwtAuthFilter@6a64f121, org.springframework.security.web.savedrequest.RequestCacheAwareFilter@9a301d5, org.springframework.security.web.servletapi.SecurityContextHolderAwareRequestFilter@3b5a844e, org.springframework.security.web.authentication.AnonymousAuthenticationFilter@771a1078, org.springframework.security.web.session.SessionManagementFilter@2c2a2250, org.springframework.security.web.access.ExceptionTranslationFilter@11d2e4e0, org.springframework.security.web.access.intercept.AuthorizationFilter@6139c0d]] (1/1)
2026-05-27 15:48:33 DEBUG o.s.security.web.FilterChainProxy - Securing GET /oauth2/authorization/google
2026-05-27 15:48:33 TRACE o.s.security.web.FilterChainProxy - Invoking DisableEncodeUrlFilter (1/15)
2026-05-27 15:48:33 TRACE o.s.security.web.FilterChainProxy - Invoking WebAsyncManagerIntegrationFilter (2/15)
2026-05-27 15:48:33 TRACE o.s.security.web.FilterChainProxy - Invoking SecurityContextHolderFilter (3/15)
2026-05-27 15:48:33 TRACE o.s.security.web.FilterChainProxy - Invoking HeaderWriterFilter (4/15)
2026-05-27 15:48:33 TRACE o.s.security.web.FilterChainProxy - Invoking CorsFilter (5/15)
2026-05-27 15:48:33 TRACE o.s.security.web.FilterChainProxy - Invoking LogoutFilter (6/15)
2026-05-27 15:48:33 TRACE o.s.s.w.a.logout.LogoutFilter - Did not match request to Or [Ant [pattern='/logout', GET], Ant [pattern='/logout', POST], Ant [pattern='/logout', PUT], Ant [pattern='/logout', DELETE]]
2026-05-27 15:48:33 TRACE o.s.security.web.FilterChainProxy - Invoking OAuth2AuthorizationRequestRedirectFilter (7/15)
2026-05-27 15:48:33 DEBUG o.s.s.web.DefaultRedirectStrategy - Redirecting to https://accounts.google.com/o/oauth2/v2/auth?response_type=code&client_id=600473531643-oi3n07dnckl59ckqltksq55ggm0hpjm1.apps.googleusercontent.com&scope=openid%20profile%20email&state=ydiPysz97COcLrN0C3iSFOdX_LP2sty8XXNa3JYLUes%3D&redirect_uri=http://localhost:8282/authService/login/oauth2/code/google&nonce=FbVcWF16Ch4nMU0lk6HuVTOk4M3mqFwzF7kokDsmjwA
2026-05-27 15:48:33 TRACE o.s.s.w.h.writers.HstsHeaderWriter - Not injecting HSTS header since it did not match request to [Is Secure]
2026-05-27 15:48:33 TRACE o.s.security.web.FilterChainProxy - Trying to match request against DefaultSecurityFilterChain [RequestMatcher=any request, Filters=[org.springframework.security.web.session.DisableEncodeUrlFilter@1092fcb6, org.springframework.security.web.context.request.async.WebAsyncManagerIntegrationFilter@36de4cfc, org.springframework.security.web.context.SecurityContextHolderFilter@187b2c82, org.springframework.security.web.header.HeaderWriterFilter@27ad7563, org.springframework.web.filter.CorsFilter@491a615e, org.springframework.security.web.authentication.logout.LogoutFilter@4a16626f, org.springframework.security.oauth2.client.web.OAuth2AuthorizationRequestRedirectFilter@47f559dd, org.springframework.security.oauth2.client.web.OAuth2LoginAuthenticationFilter@542e4890, com.utiitsl.DMSAuthService.config.auth.JwtAuthFilter@6a64f121, org.springframework.security.web.savedrequest.RequestCacheAwareFilter@9a301d5, org.springframework.security.web.servletapi.SecurityContextHolderAwareRequestFilter@3b5a844e, org.springframework.security.web.authentication.AnonymousAuthenticationFilter@771a1078, org.springframework.security.web.session.SessionManagementFilter@2c2a2250, org.springframework.security.web.access.ExceptionTranslationFilter@11d2e4e0, org.springframework.security.web.access.intercept.AuthorizationFilter@6139c0d]] (1/1)
2026-05-27 15:48:33 DEBUG o.s.security.web.FilterChainProxy - Securing GET /login/oauth2/code/google?state=ydiPysz97COcLrN0C3iSFOdX_LP2sty8XXNa3JYLUes%3D&iss=https%3A%2F%2Faccounts.google.com&code=4%2F0AeoWuM_l8EhiRSfLemZRhZKCZFZgGiakILAlIoW6qfY6ggZdX9bsCfA8rT3AXi617iCATQ&scope=email+profile+https%3A%2F%2Fwww.googleapis.com%2Fauth%2Fuserinfo.email+https%3A%2F%2Fwww.googleapis.com%2Fauth%2Fuserinfo.profile+openid&authuser=0&prompt=none
2026-05-27 15:48:33 TRACE o.s.security.web.FilterChainProxy - Invoking DisableEncodeUrlFilter (1/15)
2026-05-27 15:48:33 TRACE o.s.security.web.FilterChainProxy - Invoking WebAsyncManagerIntegrationFilter (2/15)
2026-05-27 15:48:33 TRACE o.s.security.web.FilterChainProxy - Invoking SecurityContextHolderFilter (3/15)
2026-05-27 15:48:33 TRACE o.s.security.web.FilterChainProxy - Invoking HeaderWriterFilter (4/15)
2026-05-27 15:48:33 TRACE o.s.security.web.FilterChainProxy - Invoking CorsFilter (5/15)
2026-05-27 15:48:33 TRACE o.s.security.web.FilterChainProxy - Invoking LogoutFilter (6/15)
2026-05-27 15:48:33 TRACE o.s.s.w.a.logout.LogoutFilter - Did not match request to Or [Ant [pattern='/logout', GET], Ant [pattern='/logout', POST], Ant [pattern='/logout', PUT], Ant [pattern='/logout', DELETE]]
2026-05-27 15:48:33 TRACE o.s.security.web.FilterChainProxy - Invoking OAuth2AuthorizationRequestRedirectFilter (7/15)
2026-05-27 15:48:33 TRACE o.s.security.web.FilterChainProxy - Invoking OAuth2LoginAuthenticationFilter (8/15)
2026-05-27 15:48:33 TRACE o.s.s.authentication.ProviderManager - Authenticating request with OAuth2LoginAuthenticationProvider (1/4)
2026-05-27 15:48:33 TRACE o.s.s.authentication.ProviderManager - Authenticating request with OidcAuthorizationCodeAuthenticationProvider (2/4)
2026-05-27 15:48:33 TRACE o.s.s.w.a.s.CompositeSessionAuthenticationStrategy - Preparing session with ChangeSessionIdAuthenticationStrategy (1/1)
2026-05-27 15:48:33 DEBUG o.s.s.w.a.s.ChangeSessionIdAuthenticationStrategy - Changed session id from 3CB364ED69EF44550AFECBA497009A62
2026-05-27 15:48:33 DEBUG o.s.s.o.c.w.OAuth2LoginAuthenticationFilter - Set SecurityContextHolder to OAuth2AuthenticationToken [Principal=Name: [106355568675083849667], Granted Authorities: [[OIDC_USER, SCOPE_https://www.googleapis.com/auth/userinfo.email, SCOPE_https://www.googleapis.com/auth/userinfo.profile, SCOPE_openid]], User Attributes: [{at_hash=zEmD683oUDTR80PH4kYvpw, sub=106355568675083849667, email_verified=true, iss=https://accounts.google.com, given_name=Tanveer, nonce=FbVcWF16Ch4nMU0lk6HuVTOk4M3mqFwzF7kokDsmjwA, picture=https://lh3.googleusercontent.com/a/ACg8ocJ-g6PRiU-MR-VpZ0qO_fRj5cJmhFj5Vg7aowVeawJwi8IrUA=s96-c, aud=[600473531643-oi3n07dnckl59ckqltksq55ggm0hpjm1.apps.googleusercontent.com], azp=600473531643-oi3n07dnckl59ckqltksq55ggm0hpjm1.apps.googleusercontent.com, name=Tanveer, exp=2026-05-27T11:18:33Z, iat=2026-05-27T10:18:33Z, email=mdtanveer3314@gmail.com}], Credentials=[PROTECTED], Authenticated=true, Details=WebAuthenticationDetails [RemoteIpAddress=0:0:0:0:0:0:0:1, SessionId=3CB364ED69EF44550AFECBA497009A62], Granted Authorities=[OIDC_USER, SCOPE_https://www.googleapis.com/auth/userinfo.email, SCOPE_https://www.googleapis.com/auth/userinfo.profile, SCOPE_openid]]
2026-05-27 15:48:36 TRACE o.s.s.w.h.writers.HstsHeaderWriter - Not injecting HSTS header since it did not match request to [Is Secure]
2026-05-27 16:22:57 TRACE o.s.security.web.FilterChainProxy - Trying to match request against DefaultSecurityFilterChain [RequestMatcher=any request, Filters=[org.springframework.security.web.session.DisableEncodeUrlFilter@1092fcb6, org.springframework.security.web.context.request.async.WebAsyncManagerIntegrationFilter@36de4cfc, org.springframework.security.web.context.SecurityContextHolderFilter@187b2c82, org.springframework.security.web.header.HeaderWriterFilter@27ad7563, org.springframework.web.filter.CorsFilter@491a615e, org.springframework.security.web.authentication.logout.LogoutFilter@4a16626f, org.springframework.security.oauth2.client.web.OAuth2AuthorizationRequestRedirectFilter@47f559dd, org.springframework.security.oauth2.client.web.OAuth2LoginAuthenticationFilter@542e4890, com.utiitsl.DMSAuthService.config.auth.JwtAuthFilter@6a64f121, org.springframework.security.web.savedrequest.RequestCacheAwareFilter@9a301d5, org.springframework.security.web.servletapi.SecurityContextHolderAwareRequestFilter@3b5a844e, org.springframework.security.web.authentication.AnonymousAuthenticationFilter@771a1078, org.springframework.security.web.session.SessionManagementFilter@2c2a2250, org.springframework.security.web.access.ExceptionTranslationFilter@11d2e4e0, org.springframework.security.web.access.intercept.AuthorizationFilter@6139c0d]] (1/1)
2026-05-27 16:22:57 DEBUG o.s.security.web.FilterChainProxy - Securing GET /oauth2/authorization/google
2026-05-27 16:22:57 TRACE o.s.security.web.FilterChainProxy - Invoking DisableEncodeUrlFilter (1/15)
2026-05-27 16:22:57 TRACE o.s.security.web.FilterChainProxy - Invoking WebAsyncManagerIntegrationFilter (2/15)
2026-05-27 16:22:57 TRACE o.s.security.web.FilterChainProxy - Invoking SecurityContextHolderFilter (3/15)
2026-05-27 16:22:57 TRACE o.s.security.web.FilterChainProxy - Invoking HeaderWriterFilter (4/15)
2026-05-27 16:22:57 TRACE o.s.security.web.FilterChainProxy - Invoking CorsFilter (5/15)
2026-05-27 16:22:57 TRACE o.s.security.web.FilterChainProxy - Invoking LogoutFilter (6/15)
2026-05-27 16:22:57 TRACE o.s.s.w.a.logout.LogoutFilter - Did not match request to Or [Ant [pattern='/logout', GET], Ant [pattern='/logout', POST], Ant [pattern='/logout', PUT], Ant [pattern='/logout', DELETE]]
2026-05-27 16:22:57 TRACE o.s.security.web.FilterChainProxy - Invoking OAuth2AuthorizationRequestRedirectFilter (7/15)
2026-05-27 16:22:57 DEBUG o.s.s.web.DefaultRedirectStrategy - Redirecting to https://accounts.google.com/o/oauth2/v2/auth?response_type=code&client_id=600473531643-oi3n07dnckl59ckqltksq55ggm0hpjm1.apps.googleusercontent.com&scope=openid%20profile%20email&state=xEdyZs2OGGous-KN6lN-TmwsAqKZePu77o6wXWMBv-A%3D&redirect_uri=http://localhost:8282/authService/login/oauth2/code/google&nonce=mi838fH7qcakC8frigMXYhqDQYK-d8Ip0z5Uded1wOA
2026-05-27 16:22:57 TRACE o.s.s.w.h.writers.HstsHeaderWriter - Not injecting HSTS header since it did not match request to [Is Secure]
2026-05-27 16:22:57 TRACE o.s.security.web.FilterChainProxy - Trying to match request against DefaultSecurityFilterChain [RequestMatcher=any request, Filters=[org.springframework.security.web.session.DisableEncodeUrlFilter@1092fcb6, org.springframework.security.web.context.request.async.WebAsyncManagerIntegrationFilter@36de4cfc, org.springframework.security.web.context.SecurityContextHolderFilter@187b2c82, org.springframework.security.web.header.HeaderWriterFilter@27ad7563, org.springframework.web.filter.CorsFilter@491a615e, org.springframework.security.web.authentication.logout.LogoutFilter@4a16626f, org.springframework.security.oauth2.client.web.OAuth2AuthorizationRequestRedirectFilter@47f559dd, org.springframework.security.oauth2.client.web.OAuth2LoginAuthenticationFilter@542e4890, com.utiitsl.DMSAuthService.config.auth.JwtAuthFilter@6a64f121, org.springframework.security.web.savedrequest.RequestCacheAwareFilter@9a301d5, org.springframework.security.web.servletapi.SecurityContextHolderAwareRequestFilter@3b5a844e, org.springframework.security.web.authentication.AnonymousAuthenticationFilter@771a1078, org.springframework.security.web.session.SessionManagementFilter@2c2a2250, org.springframework.security.web.access.ExceptionTranslationFilter@11d2e4e0, org.springframework.security.web.access.intercept.AuthorizationFilter@6139c0d]] (1/1)
2026-05-27 16:22:57 DEBUG o.s.security.web.FilterChainProxy - Securing GET /login/oauth2/code/google?state=xEdyZs2OGGous-KN6lN-TmwsAqKZePu77o6wXWMBv-A%3D&iss=https%3A%2F%2Faccounts.google.com&code=4%2F0AeoWuM_h-w4VBJLjrtQ02dKainweL0pEubsiRch3N2gF_6xFf5TtsN2P5n_6hqCcTBWiyw&scope=email+profile+https%3A%2F%2Fwww.googleapis.com%2Fauth%2Fuserinfo.email+https%3A%2F%2Fwww.googleapis.com%2Fauth%2Fuserinfo.profile+openid&authuser=0&prompt=none
2026-05-27 16:22:57 TRACE o.s.security.web.FilterChainProxy - Invoking DisableEncodeUrlFilter (1/15)
2026-05-27 16:22:57 TRACE o.s.security.web.FilterChainProxy - Invoking WebAsyncManagerIntegrationFilter (2/15)
2026-05-27 16:22:57 TRACE o.s.security.web.FilterChainProxy - Invoking SecurityContextHolderFilter (3/15)
2026-05-27 16:22:57 TRACE o.s.security.web.FilterChainProxy - Invoking HeaderWriterFilter (4/15)
2026-05-27 16:22:57 TRACE o.s.security.web.FilterChainProxy - Invoking CorsFilter (5/15)
2026-05-27 16:22:57 TRACE o.s.security.web.FilterChainProxy - Invoking LogoutFilter (6/15)
2026-05-27 16:22:57 TRACE o.s.s.w.a.logout.LogoutFilter - Did not match request to Or [Ant [pattern='/logout', GET], Ant [pattern='/logout', POST], Ant [pattern='/logout', PUT], Ant [pattern='/logout', DELETE]]
2026-05-27 16:22:57 TRACE o.s.security.web.FilterChainProxy - Invoking OAuth2AuthorizationRequestRedirectFilter (7/15)
2026-05-27 16:22:57 TRACE o.s.security.web.FilterChainProxy - Invoking OAuth2LoginAuthenticationFilter (8/15)
2026-05-27 16:22:57 TRACE o.s.s.authentication.ProviderManager - Authenticating request with OAuth2LoginAuthenticationProvider (1/4)
2026-05-27 16:22:57 TRACE o.s.s.authentication.ProviderManager - Authenticating request with OidcAuthorizationCodeAuthenticationProvider (2/4)
2026-05-27 16:22:58 TRACE o.s.s.w.a.s.CompositeSessionAuthenticationStrategy - Preparing session with ChangeSessionIdAuthenticationStrategy (1/1)
2026-05-27 16:22:58 DEBUG o.s.s.w.a.s.ChangeSessionIdAuthenticationStrategy - Changed session id from 47B6D2B481634C3AC52583D0B668D268
2026-05-27 16:22:58 DEBUG o.s.s.o.c.w.OAuth2LoginAuthenticationFilter - Set SecurityContextHolder to OAuth2AuthenticationToken [Principal=Name: [106355568675083849667], Granted Authorities: [[OIDC_USER, SCOPE_https://www.googleapis.com/auth/userinfo.email, SCOPE_https://www.googleapis.com/auth/userinfo.profile, SCOPE_openid]], User Attributes: [{at_hash=z8dTKefpWxo__ra2JVMeyg, sub=106355568675083849667, email_verified=true, iss=https://accounts.google.com, given_name=Tanveer, nonce=mi838fH7qcakC8frigMXYhqDQYK-d8Ip0z5Uded1wOA, picture=https://lh3.googleusercontent.com/a/ACg8ocJ-g6PRiU-MR-VpZ0qO_fRj5cJmhFj5Vg7aowVeawJwi8IrUA=s96-c, aud=[600473531643-oi3n07dnckl59ckqltksq55ggm0hpjm1.apps.googleusercontent.com], azp=600473531643-oi3n07dnckl59ckqltksq55ggm0hpjm1.apps.googleusercontent.com, name=Tanveer, exp=2026-05-27T11:52:58Z, iat=2026-05-27T10:52:58Z, email=mdtanveer3314@gmail.com}], Credentials=[PROTECTED], Authenticated=true, Details=WebAuthenticationDetails [RemoteIpAddress=0:0:0:0:0:0:0:1, SessionId=47B6D2B481634C3AC52583D0B668D268], Granted Authorities=[OIDC_USER, SCOPE_https://www.googleapis.com/auth/userinfo.email, SCOPE_https://www.googleapis.com/auth/userinfo.profile, SCOPE_openid]]
2026-05-27 16:23:09 TRACE o.s.s.w.h.writers.HstsHeaderWriter - Not injecting HSTS header since it did not match request to [Is Secure]
2026-05-27 16:59:12 TRACE o.s.security.web.FilterChainProxy - Trying to match request against DefaultSecurityFilterChain [RequestMatcher=any request, Filters=[org.springframework.security.web.session.DisableEncodeUrlFilter@1092fcb6, org.springframework.security.web.context.request.async.WebAsyncManagerIntegrationFilter@36de4cfc, org.springframework.security.web.context.SecurityContextHolderFilter@187b2c82, org.springframework.security.web.header.HeaderWriterFilter@27ad7563, org.springframework.web.filter.CorsFilter@491a615e, org.springframework.security.web.authentication.logout.LogoutFilter@4a16626f, org.springframework.security.oauth2.client.web.OAuth2AuthorizationRequestRedirectFilter@47f559dd, org.springframework.security.oauth2.client.web.OAuth2LoginAuthenticationFilter@542e4890, com.utiitsl.DMSAuthService.config.auth.JwtAuthFilter@6a64f121, org.springframework.security.web.savedrequest.RequestCacheAwareFilter@9a301d5, org.springframework.security.web.servletapi.SecurityContextHolderAwareRequestFilter@3b5a844e, org.springframework.security.web.authentication.AnonymousAuthenticationFilter@771a1078, org.springframework.security.web.session.SessionManagementFilter@2c2a2250, org.springframework.security.web.access.ExceptionTranslationFilter@11d2e4e0, org.springframework.security.web.access.intercept.AuthorizationFilter@6139c0d]] (1/1)
2026-05-27 16:59:12 DEBUG o.s.security.web.FilterChainProxy - Securing GET /oauth2/authorization/google
2026-05-27 16:59:12 TRACE o.s.security.web.FilterChainProxy - Invoking DisableEncodeUrlFilter (1/15)
2026-05-27 16:59:12 TRACE o.s.security.web.FilterChainProxy - Invoking WebAsyncManagerIntegrationFilter (2/15)
2026-05-27 16:59:12 TRACE o.s.security.web.FilterChainProxy - Invoking SecurityContextHolderFilter (3/15)
2026-05-27 16:59:12 TRACE o.s.security.web.FilterChainProxy - Invoking HeaderWriterFilter (4/15)
2026-05-27 16:59:12 TRACE o.s.security.web.FilterChainProxy - Invoking CorsFilter (5/15)
2026-05-27 16:59:12 TRACE o.s.security.web.FilterChainProxy - Invoking LogoutFilter (6/15)
2026-05-27 16:59:12 TRACE o.s.s.w.a.logout.LogoutFilter - Did not match request to Or [Ant [pattern='/logout', GET], Ant [pattern='/logout', POST], Ant [pattern='/logout', PUT], Ant [pattern='/logout', DELETE]]
2026-05-27 16:59:12 TRACE o.s.security.web.FilterChainProxy - Invoking OAuth2AuthorizationRequestRedirectFilter (7/15)
2026-05-27 16:59:12 DEBUG o.s.s.web.DefaultRedirectStrategy - Redirecting to https://accounts.google.com/o/oauth2/v2/auth?response_type=code&client_id=600473531643-oi3n07dnckl59ckqltksq55ggm0hpjm1.apps.googleusercontent.com&scope=openid%20profile%20email&state=y66DkkqrxsQtly0YD6edMk1F78eNkKrfraMa-SECwz0%3D&redirect_uri=http://localhost:8282/authService/login/oauth2/code/google&nonce=sNG-_8DKPp336UDG1fnLtSLhK2_I7BqmXR3h2_8psx0
2026-05-27 16:59:12 TRACE o.s.s.w.h.writers.HstsHeaderWriter - Not injecting HSTS header since it did not match request to [Is Secure]
2026-05-27 16:59:13 TRACE o.s.security.web.FilterChainProxy - Trying to match request against DefaultSecurityFilterChain [RequestMatcher=any request, Filters=[org.springframework.security.web.session.DisableEncodeUrlFilter@1092fcb6, org.springframework.security.web.context.request.async.WebAsyncManagerIntegrationFilter@36de4cfc, org.springframework.security.web.context.SecurityContextHolderFilter@187b2c82, org.springframework.security.web.header.HeaderWriterFilter@27ad7563, org.springframework.web.filter.CorsFilter@491a615e, org.springframework.security.web.authentication.logout.LogoutFilter@4a16626f, org.springframework.security.oauth2.client.web.OAuth2AuthorizationRequestRedirectFilter@47f559dd, org.springframework.security.oauth2.client.web.OAuth2LoginAuthenticationFilter@542e4890, com.utiitsl.DMSAuthService.config.auth.JwtAuthFilter@6a64f121, org.springframework.security.web.savedrequest.RequestCacheAwareFilter@9a301d5, org.springframework.security.web.servletapi.SecurityContextHolderAwareRequestFilter@3b5a844e, org.springframework.security.web.authentication.AnonymousAuthenticationFilter@771a1078, org.springframework.security.web.session.SessionManagementFilter@2c2a2250, org.springframework.security.web.access.ExceptionTranslationFilter@11d2e4e0, org.springframework.security.web.access.intercept.AuthorizationFilter@6139c0d]] (1/1)
2026-05-27 16:59:13 DEBUG o.s.security.web.FilterChainProxy - Securing GET /login/oauth2/code/google?state=y66DkkqrxsQtly0YD6edMk1F78eNkKrfraMa-SECwz0%3D&iss=https%3A%2F%2Faccounts.google.com&code=4%2F0AeoWuM_gKIkgALiBaK-JJKAQ82pYALW_Eg-UpLcTsyOG3YGw-DBHdmCbb63rib1JQ7qHCg&scope=email+profile+https%3A%2F%2Fwww.googleapis.com%2Fauth%2Fuserinfo.profile+https%3A%2F%2Fwww.googleapis.com%2Fauth%2Fuserinfo.email+openid&authuser=0&prompt=none
2026-05-27 16:59:13 TRACE o.s.security.web.FilterChainProxy - Invoking DisableEncodeUrlFilter (1/15)
2026-05-27 16:59:13 TRACE o.s.security.web.FilterChainProxy - Invoking WebAsyncManagerIntegrationFilter (2/15)
2026-05-27 16:59:13 TRACE o.s.security.web.FilterChainProxy - Invoking SecurityContextHolderFilter (3/15)
2026-05-27 16:59:13 TRACE o.s.security.web.FilterChainProxy - Invoking HeaderWriterFilter (4/15)
2026-05-27 16:59:13 TRACE o.s.security.web.FilterChainProxy - Invoking CorsFilter (5/15)
2026-05-27 16:59:13 TRACE o.s.security.web.FilterChainProxy - Invoking LogoutFilter (6/15)
2026-05-27 16:59:13 TRACE o.s.s.w.a.logout.LogoutFilter - Did not match request to Or [Ant [pattern='/logout', GET], Ant [pattern='/logout', POST], Ant [pattern='/logout', PUT], Ant [pattern='/logout', DELETE]]
2026-05-27 16:59:13 TRACE o.s.security.web.FilterChainProxy - Invoking OAuth2AuthorizationRequestRedirectFilter (7/15)
2026-05-27 16:59:13 TRACE o.s.security.web.FilterChainProxy - Invoking OAuth2LoginAuthenticationFilter (8/15)
2026-05-27 16:59:13 TRACE o.s.s.authentication.ProviderManager - Authenticating request with OAuth2LoginAuthenticationProvider (1/4)
2026-05-27 16:59:13 TRACE o.s.s.authentication.ProviderManager - Authenticating request with OidcAuthorizationCodeAuthenticationProvider (2/4)
2026-05-27 16:59:13 TRACE o.s.s.w.a.s.CompositeSessionAuthenticationStrategy - Preparing session with ChangeSessionIdAuthenticationStrategy (1/1)
2026-05-27 16:59:13 DEBUG o.s.s.w.a.s.ChangeSessionIdAuthenticationStrategy - Changed session id from DC3FFDD974F17E4FBCF07618064D4BAD
2026-05-27 16:59:13 DEBUG o.s.s.o.c.w.OAuth2LoginAuthenticationFilter - Set SecurityContextHolder to OAuth2AuthenticationToken [Principal=Name: [106355568675083849667], Granted Authorities: [[OIDC_USER, SCOPE_https://www.googleapis.com/auth/userinfo.email, SCOPE_https://www.googleapis.com/auth/userinfo.profile, SCOPE_openid]], User Attributes: [{at_hash=VtrSI17VN1GhyXY4TGLZlw, sub=106355568675083849667, email_verified=true, iss=https://accounts.google.com, given_name=Tanveer, nonce=sNG-_8DKPp336UDG1fnLtSLhK2_I7BqmXR3h2_8psx0, picture=https://lh3.googleusercontent.com/a/ACg8ocJ-g6PRiU-MR-VpZ0qO_fRj5cJmhFj5Vg7aowVeawJwi8IrUA=s96-c, aud=[600473531643-oi3n07dnckl59ckqltksq55ggm0hpjm1.apps.googleusercontent.com], azp=600473531643-oi3n07dnckl59ckqltksq55ggm0hpjm1.apps.googleusercontent.com, name=Tanveer, exp=2026-05-27T12:29:13Z, iat=2026-05-27T11:29:13Z, email=mdtanveer3314@gmail.com}], Credentials=[PROTECTED], Authenticated=true, Details=WebAuthenticationDetails [RemoteIpAddress=0:0:0:0:0:0:0:1, SessionId=DC3FFDD974F17E4FBCF07618064D4BAD], Granted Authorities=[OIDC_USER, SCOPE_https://www.googleapis.com/auth/userinfo.email, SCOPE_https://www.googleapis.com/auth/userinfo.profile, SCOPE_openid]]
2026-05-27 16:59:16 TRACE o.s.s.w.h.writers.HstsHeaderWriter - Not injecting HSTS header since it did not match request to [Is Secure]
2026-05-27 17:04:50 TRACE o.s.security.web.FilterChainProxy - Trying to match request against DefaultSecurityFilterChain [RequestMatcher=any request, Filters=[org.springframework.security.web.session.DisableEncodeUrlFilter@1092fcb6, org.springframework.security.web.context.request.async.WebAsyncManagerIntegrationFilter@36de4cfc, org.springframework.security.web.context.SecurityContextHolderFilter@187b2c82, org.springframework.security.web.header.HeaderWriterFilter@27ad7563, org.springframework.web.filter.CorsFilter@491a615e, org.springframework.security.web.authentication.logout.LogoutFilter@4a16626f, org.springframework.security.oauth2.client.web.OAuth2AuthorizationRequestRedirectFilter@47f559dd, org.springframework.security.oauth2.client.web.OAuth2LoginAuthenticationFilter@542e4890, com.utiitsl.DMSAuthService.config.auth.JwtAuthFilter@6a64f121, org.springframework.security.web.savedrequest.RequestCacheAwareFilter@9a301d5, org.springframework.security.web.servletapi.SecurityContextHolderAwareRequestFilter@3b5a844e, org.springframework.security.web.authentication.AnonymousAuthenticationFilter@771a1078, org.springframework.security.web.session.SessionManagementFilter@2c2a2250, org.springframework.security.web.access.ExceptionTranslationFilter@11d2e4e0, org.springframework.security.web.access.intercept.AuthorizationFilter@6139c0d]] (1/1)
2026-05-27 17:04:50 DEBUG o.s.security.web.FilterChainProxy - Securing GET /oauth2/authorization/google
2026-05-27 17:04:50 TRACE o.s.security.web.FilterChainProxy - Invoking DisableEncodeUrlFilter (1/15)
2026-05-27 17:04:50 TRACE o.s.security.web.FilterChainProxy - Invoking WebAsyncManagerIntegrationFilter (2/15)
2026-05-27 17:04:50 TRACE o.s.security.web.FilterChainProxy - Invoking SecurityContextHolderFilter (3/15)
2026-05-27 17:04:50 TRACE o.s.security.web.FilterChainProxy - Invoking HeaderWriterFilter (4/15)
2026-05-27 17:04:50 TRACE o.s.security.web.FilterChainProxy - Invoking CorsFilter (5/15)
2026-05-27 17:04:50 TRACE o.s.security.web.FilterChainProxy - Invoking LogoutFilter (6/15)
2026-05-27 17:04:50 TRACE o.s.s.w.a.logout.LogoutFilter - Did not match request to Or [Ant [pattern='/logout', GET], Ant [pattern='/logout', POST], Ant [pattern='/logout', PUT], Ant [pattern='/logout', DELETE]]
2026-05-27 17:04:50 TRACE o.s.security.web.FilterChainProxy - Invoking OAuth2AuthorizationRequestRedirectFilter (7/15)
2026-05-27 17:04:50 DEBUG o.s.s.web.DefaultRedirectStrategy - Redirecting to https://accounts.google.com/o/oauth2/v2/auth?response_type=code&client_id=600473531643-oi3n07dnckl59ckqltksq55ggm0hpjm1.apps.googleusercontent.com&scope=openid%20profile%20email&state=PV0vc43ggmX07pF9inIc5rU2WMMu2NvuyS4N-U9o_fs%3D&redirect_uri=http://localhost:8282/authService/login/oauth2/code/google&nonce=GKKmWc7HUC7-XdcRBeDNg_---8Q1fgy5rXws1DvnEzc
2026-05-27 17:04:50 TRACE o.s.s.w.h.writers.HstsHeaderWriter - Not injecting HSTS header since it did not match request to [Is Secure]
2026-05-27 17:04:51 TRACE o.s.security.web.FilterChainProxy - Trying to match request against DefaultSecurityFilterChain [RequestMatcher=any request, Filters=[org.springframework.security.web.session.DisableEncodeUrlFilter@1092fcb6, org.springframework.security.web.context.request.async.WebAsyncManagerIntegrationFilter@36de4cfc, org.springframework.security.web.context.SecurityContextHolderFilter@187b2c82, org.springframework.security.web.header.HeaderWriterFilter@27ad7563, org.springframework.web.filter.CorsFilter@491a615e, org.springframework.security.web.authentication.logout.LogoutFilter@4a16626f, org.springframework.security.oauth2.client.web.OAuth2AuthorizationRequestRedirectFilter@47f559dd, org.springframework.security.oauth2.client.web.OAuth2LoginAuthenticationFilter@542e4890, com.utiitsl.DMSAuthService.config.auth.JwtAuthFilter@6a64f121, org.springframework.security.web.savedrequest.RequestCacheAwareFilter@9a301d5, org.springframework.security.web.servletapi.SecurityContextHolderAwareRequestFilter@3b5a844e, org.springframework.security.web.authentication.AnonymousAuthenticationFilter@771a1078, org.springframework.security.web.session.SessionManagementFilter@2c2a2250, org.springframework.security.web.access.ExceptionTranslationFilter@11d2e4e0, org.springframework.security.web.access.intercept.AuthorizationFilter@6139c0d]] (1/1)
2026-05-27 17:04:51 DEBUG o.s.security.web.FilterChainProxy - Securing GET /login/oauth2/code/google?state=PV0vc43ggmX07pF9inIc5rU2WMMu2NvuyS4N-U9o_fs%3D&iss=https%3A%2F%2Faccounts.google.com&code=4%2F0AeoWuM-B1HV--msxHDII-pQsaeeZktJXPAYhQ4_ii4CGqqlDMzEgCsXyL8ytXvJi2CP-Rw&scope=email+profile+https%3A%2F%2Fwww.googleapis.com%2Fauth%2Fuserinfo.profile+https%3A%2F%2Fwww.googleapis.com%2Fauth%2Fuserinfo.email+openid&authuser=0&prompt=none
2026-05-27 17:04:51 TRACE o.s.security.web.FilterChainProxy - Invoking DisableEncodeUrlFilter (1/15)
2026-05-27 17:04:51 TRACE o.s.security.web.FilterChainProxy - Invoking WebAsyncManagerIntegrationFilter (2/15)
2026-05-27 17:04:51 TRACE o.s.security.web.FilterChainProxy - Invoking SecurityContextHolderFilter (3/15)
2026-05-27 17:04:51 TRACE o.s.security.web.FilterChainProxy - Invoking HeaderWriterFilter (4/15)
2026-05-27 17:04:51 TRACE o.s.security.web.FilterChainProxy - Invoking CorsFilter (5/15)
2026-05-27 17:04:51 TRACE o.s.security.web.FilterChainProxy - Invoking LogoutFilter (6/15)
2026-05-27 17:04:51 TRACE o.s.s.w.a.logout.LogoutFilter - Did not match request to Or [Ant [pattern='/logout', GET], Ant [pattern='/logout', POST], Ant [pattern='/logout', PUT], Ant [pattern='/logout', DELETE]]
2026-05-27 17:04:51 TRACE o.s.security.web.FilterChainProxy - Invoking OAuth2AuthorizationRequestRedirectFilter (7/15)
2026-05-27 17:04:51 TRACE o.s.security.web.FilterChainProxy - Invoking OAuth2LoginAuthenticationFilter (8/15)
2026-05-27 17:04:51 TRACE o.s.s.authentication.ProviderManager - Authenticating request with OAuth2LoginAuthenticationProvider (1/4)
2026-05-27 17:04:51 TRACE o.s.s.authentication.ProviderManager - Authenticating request with OidcAuthorizationCodeAuthenticationProvider (2/4)
2026-05-27 17:04:51 TRACE o.s.s.w.a.s.CompositeSessionAuthenticationStrategy - Preparing session with ChangeSessionIdAuthenticationStrategy (1/1)
2026-05-27 17:04:51 DEBUG o.s.s.w.a.s.ChangeSessionIdAuthenticationStrategy - Changed session id from 1B376FC17FFFB5A974CB1DC23E3289ED
2026-05-27 17:04:51 DEBUG o.s.s.o.c.w.OAuth2LoginAuthenticationFilter - Set SecurityContextHolder to OAuth2AuthenticationToken [Principal=Name: [106355568675083849667], Granted Authorities: [[OIDC_USER, SCOPE_https://www.googleapis.com/auth/userinfo.email, SCOPE_https://www.googleapis.com/auth/userinfo.profile, SCOPE_openid]], User Attributes: [{at_hash=lbJNRlUMvjHluWJ3aOtCiQ, sub=106355568675083849667, email_verified=true, iss=https://accounts.google.com, given_name=Tanveer, nonce=GKKmWc7HUC7-XdcRBeDNg_---8Q1fgy5rXws1DvnEzc, picture=https://lh3.googleusercontent.com/a/ACg8ocJ-g6PRiU-MR-VpZ0qO_fRj5cJmhFj5Vg7aowVeawJwi8IrUA=s96-c, aud=[600473531643-oi3n07dnckl59ckqltksq55ggm0hpjm1.apps.googleusercontent.com], azp=600473531643-oi3n07dnckl59ckqltksq55ggm0hpjm1.apps.googleusercontent.com, name=Tanveer, exp=2026-05-27T12:34:51Z, iat=2026-05-27T11:34:51Z, email=mdtanveer3314@gmail.com}], Credentials=[PROTECTED], Authenticated=true, Details=WebAuthenticationDetails [RemoteIpAddress=0:0:0:0:0:0:0:1, SessionId=1B376FC17FFFB5A974CB1DC23E3289ED], Granted Authorities=[OIDC_USER, SCOPE_https://www.googleapis.com/auth/userinfo.email, SCOPE_https://www.googleapis.com/auth/userinfo.profile, SCOPE_openid]]
2026-05-27 17:04:53 TRACE o.s.s.w.h.writers.HstsHeaderWriter - Not injecting HSTS header since it did not match request to [Is Secure]
2026-05-27 17:12:21 TRACE o.s.security.web.FilterChainProxy - Trying to match request against DefaultSecurityFilterChain [RequestMatcher=any request, Filters=[org.springframework.security.web.session.DisableEncodeUrlFilter@1092fcb6, org.springframework.security.web.context.request.async.WebAsyncManagerIntegrationFilter@36de4cfc, org.springframework.security.web.context.SecurityContextHolderFilter@187b2c82, org.springframework.security.web.header.HeaderWriterFilter@27ad7563, org.springframework.web.filter.CorsFilter@491a615e, org.springframework.security.web.authentication.logout.LogoutFilter@4a16626f, org.springframework.security.oauth2.client.web.OAuth2AuthorizationRequestRedirectFilter@47f559dd, org.springframework.security.oauth2.client.web.OAuth2LoginAuthenticationFilter@542e4890, com.utiitsl.DMSAuthService.config.auth.JwtAuthFilter@6a64f121, org.springframework.security.web.savedrequest.RequestCacheAwareFilter@9a301d5, org.springframework.security.web.servletapi.SecurityContextHolderAwareRequestFilter@3b5a844e, org.springframework.security.web.authentication.AnonymousAuthenticationFilter@771a1078, org.springframework.security.web.session.SessionManagementFilter@2c2a2250, org.springframework.security.web.access.ExceptionTranslationFilter@11d2e4e0, org.springframework.security.web.access.intercept.AuthorizationFilter@6139c0d]] (1/1)
2026-05-27 17:12:21 DEBUG o.s.security.web.FilterChainProxy - Securing GET /oauth2/authorization/google
2026-05-27 17:12:21 TRACE o.s.security.web.FilterChainProxy - Invoking DisableEncodeUrlFilter (1/15)
2026-05-27 17:12:21 TRACE o.s.security.web.FilterChainProxy - Invoking WebAsyncManagerIntegrationFilter (2/15)
2026-05-27 17:12:21 TRACE o.s.security.web.FilterChainProxy - Invoking SecurityContextHolderFilter (3/15)
2026-05-27 17:12:21 TRACE o.s.security.web.FilterChainProxy - Invoking HeaderWriterFilter (4/15)
2026-05-27 17:12:21 TRACE o.s.security.web.FilterChainProxy - Invoking CorsFilter (5/15)
2026-05-27 17:12:21 TRACE o.s.security.web.FilterChainProxy - Invoking LogoutFilter (6/15)
2026-05-27 17:12:21 TRACE o.s.s.w.a.logout.LogoutFilter - Did not match request to Or [Ant [pattern='/logout', GET], Ant [pattern='/logout', POST], Ant [pattern='/logout', PUT], Ant [pattern='/logout', DELETE]]
2026-05-27 17:12:21 TRACE o.s.security.web.FilterChainProxy - Invoking OAuth2AuthorizationRequestRedirectFilter (7/15)
2026-05-27 17:12:21 DEBUG o.s.s.web.DefaultRedirectStrategy - Redirecting to https://accounts.google.com/o/oauth2/v2/auth?response_type=code&client_id=600473531643-oi3n07dnckl59ckqltksq55ggm0hpjm1.apps.googleusercontent.com&scope=openid%20profile%20email&state=iEGq1FPVbWiyF4SJ310OhXsYgu4bluXT-r8I8UpPhjY%3D&redirect_uri=http://localhost:8282/authService/login/oauth2/code/google&nonce=K8LgwIY87YIkyf4DE7GQY9h1ybmPwVPRBq6UuUwoOQw
2026-05-27 17:12:21 TRACE o.s.s.w.h.writers.HstsHeaderWriter - Not injecting HSTS header since it did not match request to [Is Secure]
2026-05-27 17:12:22 TRACE o.s.security.web.FilterChainProxy - Trying to match request against DefaultSecurityFilterChain [RequestMatcher=any request, Filters=[org.springframework.security.web.session.DisableEncodeUrlFilter@1092fcb6, org.springframework.security.web.context.request.async.WebAsyncManagerIntegrationFilter@36de4cfc, org.springframework.security.web.context.SecurityContextHolderFilter@187b2c82, org.springframework.security.web.header.HeaderWriterFilter@27ad7563, org.springframework.web.filter.CorsFilter@491a615e, org.springframework.security.web.authentication.logout.LogoutFilter@4a16626f, org.springframework.security.oauth2.client.web.OAuth2AuthorizationRequestRedirectFilter@47f559dd, org.springframework.security.oauth2.client.web.OAuth2LoginAuthenticationFilter@542e4890, com.utiitsl.DMSAuthService.config.auth.JwtAuthFilter@6a64f121, org.springframework.security.web.savedrequest.RequestCacheAwareFilter@9a301d5, org.springframework.security.web.servletapi.SecurityContextHolderAwareRequestFilter@3b5a844e, org.springframework.security.web.authentication.AnonymousAuthenticationFilter@771a1078, org.springframework.security.web.session.SessionManagementFilter@2c2a2250, org.springframework.security.web.access.ExceptionTranslationFilter@11d2e4e0, org.springframework.security.web.access.intercept.AuthorizationFilter@6139c0d]] (1/1)
2026-05-27 17:12:22 DEBUG o.s.security.web.FilterChainProxy - Securing GET /login/oauth2/code/google?state=iEGq1FPVbWiyF4SJ310OhXsYgu4bluXT-r8I8UpPhjY%3D&iss=https%3A%2F%2Faccounts.google.com&code=4%2F0AeoWuM8lDcfOuaFOYP-2M_lJU20AeDsZ9YWpZ1EZ1vJGsEHjwOs55xgBCfjL9zEUd1sO7w&scope=email+profile+https%3A%2F%2Fwww.googleapis.com%2Fauth%2Fuserinfo.email+openid+https%3A%2F%2Fwww.googleapis.com%2Fauth%2Fuserinfo.profile&authuser=0&prompt=none
2026-05-27 17:12:22 TRACE o.s.security.web.FilterChainProxy - Invoking DisableEncodeUrlFilter (1/15)
2026-05-27 17:12:22 TRACE o.s.security.web.FilterChainProxy - Invoking WebAsyncManagerIntegrationFilter (2/15)
2026-05-27 17:12:22 TRACE o.s.security.web.FilterChainProxy - Invoking SecurityContextHolderFilter (3/15)
2026-05-27 17:12:22 TRACE o.s.security.web.FilterChainProxy - Invoking HeaderWriterFilter (4/15)
2026-05-27 17:12:22 TRACE o.s.security.web.FilterChainProxy - Invoking CorsFilter (5/15)
2026-05-27 17:12:22 TRACE o.s.security.web.FilterChainProxy - Invoking LogoutFilter (6/15)
2026-05-27 17:12:22 TRACE o.s.s.w.a.logout.LogoutFilter - Did not match request to Or [Ant [pattern='/logout', GET], Ant [pattern='/logout', POST], Ant [pattern='/logout', PUT], Ant [pattern='/logout', DELETE]]
2026-05-27 17:12:22 TRACE o.s.security.web.FilterChainProxy - Invoking OAuth2AuthorizationRequestRedirectFilter (7/15)
2026-05-27 17:12:22 TRACE o.s.security.web.FilterChainProxy - Invoking OAuth2LoginAuthenticationFilter (8/15)
2026-05-27 17:12:22 TRACE o.s.s.authentication.ProviderManager - Authenticating request with OAuth2LoginAuthenticationProvider (1/4)
2026-05-27 17:12:22 TRACE o.s.s.authentication.ProviderManager - Authenticating request with OidcAuthorizationCodeAuthenticationProvider (2/4)
2026-05-27 17:12:22 TRACE o.s.s.w.a.s.CompositeSessionAuthenticationStrategy - Preparing session with ChangeSessionIdAuthenticationStrategy (1/1)
2026-05-27 17:12:22 DEBUG o.s.s.w.a.s.ChangeSessionIdAuthenticationStrategy - Changed session id from 7F6A71873431910255D971E7D1B86307
2026-05-27 17:12:22 DEBUG o.s.s.o.c.w.OAuth2LoginAuthenticationFilter - Set SecurityContextHolder to OAuth2AuthenticationToken [Principal=Name: [106355568675083849667], Granted Authorities: [[OIDC_USER, SCOPE_https://www.googleapis.com/auth/userinfo.email, SCOPE_https://www.googleapis.com/auth/userinfo.profile, SCOPE_openid]], User Attributes: [{at_hash=9PF95snHNbzUgoemS9vEFw, sub=106355568675083849667, email_verified=true, iss=https://accounts.google.com, given_name=Tanveer, nonce=K8LgwIY87YIkyf4DE7GQY9h1ybmPwVPRBq6UuUwoOQw, picture=https://lh3.googleusercontent.com/a/ACg8ocJ-g6PRiU-MR-VpZ0qO_fRj5cJmhFj5Vg7aowVeawJwi8IrUA=s96-c, aud=[600473531643-oi3n07dnckl59ckqltksq55ggm0hpjm1.apps.googleusercontent.com], azp=600473531643-oi3n07dnckl59ckqltksq55ggm0hpjm1.apps.googleusercontent.com, name=Tanveer, exp=2026-05-27T12:42:22Z, iat=2026-05-27T11:42:22Z, email=mdtanveer3314@gmail.com}], Credentials=[PROTECTED], Authenticated=true, Details=WebAuthenticationDetails [RemoteIpAddress=0:0:0:0:0:0:0:1, SessionId=7F6A71873431910255D971E7D1B86307], Granted Authorities=[OIDC_USER, SCOPE_https://www.googleapis.com/auth/userinfo.email, SCOPE_https://www.googleapis.com/auth/userinfo.profile, SCOPE_openid]]
2026-05-27 17:12:29 TRACE o.s.s.w.h.writers.HstsHeaderWriter - Not injecting HSTS header since it did not match request to [Is Secure]
2026-05-27 17:12:30 INFO  o.s.o.j.LocalContainerEntityManagerFactoryBean - Closing JPA EntityManagerFactory for persistence unit 'default'
2026-05-27 17:12:30 INFO  com.zaxxer.hikari.HikariDataSource - HikariPool-1 - Shutdown initiated...
2026-05-27 17:12:30 INFO  com.zaxxer.hikari.HikariDataSource - HikariPool-1 - Shutdown completed.
2026-05-27 17:12:44 INFO  c.u.D.DmsAuthServiceApplication - Starting DmsAuthServiceApplication using Java 21.0.6 with PID 24632 (C:\Users\mohammada1\Desktop\Invoice_Project\AuthService\target\classes started by mohammada1 in C:\Users\mohammada1\Desktop\Invoice_Project\AuthService)
2026-05-27 17:12:44 INFO  c.u.D.DmsAuthServiceApplication - The following 1 profile is active: "dev"
2026-05-27 17:12:44 INFO  o.s.b.d.e.DevToolsPropertyDefaultsPostProcessor - Devtools property defaults active! Set 'spring.devtools.add-properties' to 'false' to disable
2026-05-27 17:12:44 INFO  o.s.b.d.e.DevToolsPropertyDefaultsPostProcessor - For additional web related logging consider setting the 'logging.level.web' property to 'DEBUG'
2026-05-27 17:12:47 INFO  o.s.d.r.c.RepositoryConfigurationDelegate - Bootstrapping Spring Data JPA repositories in DEFAULT mode.
2026-05-27 17:12:47 INFO  o.s.d.r.c.RepositoryConfigurationDelegate - Finished Spring Data repository scanning in 211 ms. Found 3 JPA repository interfaces.
2026-05-27 17:12:50 INFO  o.s.b.w.e.tomcat.TomcatWebServer - Tomcat initialized with port 8282 (http)
2026-05-27 17:12:50 INFO  o.a.catalina.core.StandardService - Starting service [Tomcat]
2026-05-27 17:12:50 INFO  o.a.catalina.core.StandardEngine - Starting Servlet engine: [Apache Tomcat/10.1.28]
2026-05-27 17:12:50 INFO  o.a.c.c.C.[.[.[/authService] - Initializing Spring embedded WebApplicationContext
2026-05-27 17:12:50 INFO  o.s.b.w.s.c.ServletWebServerApplicationContext - Root WebApplicationContext: initialization completed in 6139 ms
2026-05-27 17:12:50 INFO  o.h.jpa.internal.util.LogHelper - HHH000204: Processing PersistenceUnitInfo [name: default]
2026-05-27 17:12:51 INFO  org.hibernate.Version - HHH000412: Hibernate ORM core version 6.4.10.Final
2026-05-27 17:12:51 INFO  o.h.c.i.RegionFactoryInitiator - HHH000026: Second-level cache disabled
2026-05-27 17:12:52 INFO  o.s.o.j.p.SpringPersistenceUnitInfo - No LoadTimeWeaver setup: ignoring JPA class transformer
2026-05-27 17:12:52 INFO  com.zaxxer.hikari.HikariDataSource - HikariPool-1 - Starting...
2026-05-27 17:12:53 INFO  com.zaxxer.hikari.pool.HikariPool - HikariPool-1 - Added connection com.mysql.cj.jdbc.ConnectionImpl@548455ce
2026-05-27 17:12:53 INFO  com.zaxxer.hikari.HikariDataSource - HikariPool-1 - Start completed.
2026-05-27 17:12:55 INFO  o.h.e.t.j.p.i.JtaPlatformInitiator - HHH000489: No JTA platform available (set 'hibernate.transaction.jta.platform' to enable JTA platform integration)
2026-05-27 17:12:55 INFO  o.s.o.j.LocalContainerEntityManagerFactoryBean - Initialized JPA EntityManagerFactory for persistence unit 'default'
2026-05-27 17:12:56 INFO  o.s.d.j.r.query.QueryEnhancerFactory - Hibernate is in classpath; If applicable, HQL parser will be used.
2026-05-27 17:12:57 TRACE o.s.s.c.a.a.c.AuthenticationConfiguration$EnableGlobalAuthenticationAutowiredConfigurer - Eagerly initializing {securityConfiguration=com.utiitsl.DMSAuthService.config.auth.SecurityConfiguration$$SpringCGLIB$$0@11ccec0e}
2026-05-27 17:12:57 DEBUG o.s.s.a.p.PrePostAnnotationSecurityMetadataSource - @org.springframework.security.access.prepost.PreAuthorize("hasAuthority(\'admin:update\')") found on specific method: public org.springframework.http.ResponseEntity com.utiitsl.DMSAuthService.controller.dash.DashController.updateUser(com.utiitsl.DMSAuthService.dto.UserDTO,java.lang.Integer)
2026-05-27 17:12:57 DEBUG o.s.s.a.m.DelegatingMethodSecurityMetadataSource - Caching method [CacheKey[com.utiitsl.DMSAuthService.controller.dash.DashController; public org.springframework.http.ResponseEntity com.utiitsl.DMSAuthService.controller.dash.DashController.updateUser(com.utiitsl.DMSAuthService.dto.UserDTO,java.lang.Integer)]] with attributes [[authorize: 'hasAuthority('admin:update')', filter: 'null', filterTarget: 'null']]
2026-05-27 17:12:58 TRACE o.s.s.a.i.a.MethodSecurityInterceptor - Validated configuration attributes
2026-05-27 17:12:58 DEBUG o.s.s.a.p.PrePostAnnotationSecurityMetadataSource - @org.springframework.security.access.prepost.PreAuthorize("hasAuthority(\'admin:delete\')") found on specific method: public org.springframework.http.ResponseEntity com.utiitsl.DMSAuthService.controller.dash.DashController.deleteUserById(java.lang.Integer)
2026-05-27 17:12:58 DEBUG o.s.s.a.m.DelegatingMethodSecurityMetadataSource - Caching method [CacheKey[com.utiitsl.DMSAuthService.controller.dash.DashController; public org.springframework.http.ResponseEntity com.utiitsl.DMSAuthService.controller.dash.DashController.deleteUserById(java.lang.Integer)]] with attributes [[authorize: 'hasAuthority('admin:delete')', filter: 'null', filterTarget: 'null']]
2026-05-27 17:12:58 DEBUG o.s.s.a.p.PrePostAnnotationSecurityMetadataSource - @org.springframework.security.access.prepost.PreAuthorize("hasRole(\'ROLE_APPLICATION_ADMIN\') or hasRole(\'ROLE_ADMIN\')") found on specific method: public org.springframework.http.ResponseEntity com.utiitsl.DMSAuthService.controller.user.UserController.register(com.utiitsl.DMSAuthService.dto.RegisterRequestDTO,java.lang.String,jakarta.servlet.http.HttpServletRequest)
2026-05-27 17:12:58 DEBUG o.s.s.a.m.DelegatingMethodSecurityMetadataSource - Caching method [CacheKey[com.utiitsl.DMSAuthService.controller.user.UserController; public org.springframework.http.ResponseEntity com.utiitsl.DMSAuthService.controller.user.UserController.register(com.utiitsl.DMSAuthService.dto.RegisterRequestDTO,java.lang.String,jakarta.servlet.http.HttpServletRequest)]] with attributes [[authorize: 'hasRole('ROLE_APPLICATION_ADMIN') or hasRole('ROLE_ADMIN')', filter: 'null', filterTarget: 'null']]
2026-05-27 17:12:58 DEBUG o.s.s.a.p.PrePostAnnotationSecurityMetadataSource - @org.springframework.security.access.prepost.PreAuthorize("hasRole(\'ROLE_APPLICATION_ADMIN\') or hasRole(\'ROLE_ADMIN\')") found on specific method: public org.springframework.http.ResponseEntity com.utiitsl.DMSAuthService.controller.user.UserController.getAllUser(int,int,java.lang.String,jakarta.servlet.http.HttpServletRequest)
2026-05-27 17:12:58 DEBUG o.s.s.a.m.DelegatingMethodSecurityMetadataSource - Caching method [CacheKey[com.utiitsl.DMSAuthService.controller.user.UserController; public org.springframework.http.ResponseEntity com.utiitsl.DMSAuthService.controller.user.UserController.getAllUser(int,int,java.lang.String,jakarta.servlet.http.HttpServletRequest)]] with attributes [[authorize: 'hasRole('ROLE_APPLICATION_ADMIN') or hasRole('ROLE_ADMIN')', filter: 'null', filterTarget: 'null']]
2026-05-27 17:12:58 DEBUG o.s.s.a.p.PrePostAnnotationSecurityMetadataSource - @org.springframework.security.access.prepost.PreAuthorize("hasRole(\'ROLE_APPLICATION_ADMIN\') or hasRole(\'ROLE_ADMIN\')") found on specific method: public org.springframework.http.ResponseEntity com.utiitsl.DMSAuthService.controller.user.UserController.activateDeactivateUser(java.lang.String,boolean)
2026-05-27 17:12:58 DEBUG o.s.s.a.m.DelegatingMethodSecurityMetadataSource - Caching method [CacheKey[com.utiitsl.DMSAuthService.controller.user.UserController; public org.springframework.http.ResponseEntity com.utiitsl.DMSAuthService.controller.user.UserController.activateDeactivateUser(java.lang.String,boolean)]] with attributes [[authorize: 'hasRole('ROLE_APPLICATION_ADMIN') or hasRole('ROLE_ADMIN')', filter: 'null', filterTarget: 'null']]
2026-05-27 17:12:58 WARN  o.s.b.a.o.j.JpaBaseConfiguration$JpaWebConfiguration - spring.jpa.open-in-view is enabled by default. Therefore, database queries may be performed during view rendering. Explicitly configure spring.jpa.open-in-view to disable this warning
2026-05-27 17:13:02 INFO  o.s.s.web.DefaultSecurityFilterChain - Will secure any request with [org.springframework.security.web.session.DisableEncodeUrlFilter@117876d8, org.springframework.security.web.context.request.async.WebAsyncManagerIntegrationFilter@4c53d011, org.springframework.security.web.context.SecurityContextHolderFilter@6d999f5e, org.springframework.security.web.header.HeaderWriterFilter@32c060a2, org.springframework.web.filter.CorsFilter@6ce7d603, org.springframework.security.web.authentication.logout.LogoutFilter@420535e7, org.springframework.security.oauth2.client.web.OAuth2AuthorizationRequestRedirectFilter@510aec7f, org.springframework.security.oauth2.client.web.OAuth2LoginAuthenticationFilter@66e77234, com.utiitsl.DMSAuthService.config.auth.JwtAuthFilter@464d5651, org.springframework.security.web.savedrequest.RequestCacheAwareFilter@64388e14, org.springframework.security.web.servletapi.SecurityContextHolderAwareRequestFilter@720061c8, org.springframework.security.web.authentication.AnonymousAuthenticationFilter@3b44591e, org.springframework.security.web.session.SessionManagementFilter@22b119fb, org.springframework.security.web.access.ExceptionTranslationFilter@68da0e69, org.springframework.security.web.access.intercept.AuthorizationFilter@47e56f09]
2026-05-27 17:13:03 INFO  o.s.b.d.a.OptionalLiveReloadServer - LiveReload server is running on port 35729
2026-05-27 17:13:03 INFO  o.s.b.w.e.tomcat.TomcatWebServer - Tomcat started on port 8282 (http) with context path '/authService'
2026-05-27 17:13:03 INFO  c.u.D.DmsAuthServiceApplication - Started DmsAuthServiceApplication in 21.043 seconds (process running for 25.983)
2026-05-27 18:01:27 INFO  o.s.o.j.LocalContainerEntityManagerFactoryBean - Closing JPA EntityManagerFactory for persistence unit 'default'
2026-05-27 18:01:27 INFO  com.zaxxer.hikari.HikariDataSource - HikariPool-1 - Shutdown initiated...
2026-05-27 18:01:27 INFO  com.zaxxer.hikari.HikariDataSource - HikariPool-1 - Shutdown completed.
